line_number,load_run_id,txn_id,mbr_num,acct_num,post_dt,txn_amt,dr_cr_cd,mcc,merch_nm,txn_desc,txn_seq_num,proc_dt,batch_id
1,846f41bc-bad9-4d0c-8a37-589ced7abbd6,,MBR_160,ACCT_7640,20240928,92.3,D,5912,Walmart,Purchase at Walmart,SEQ_000001,20240928,BATCH_20
2,846f41bc-bad9-4d0c-8a37-589ced7abbd6,TXN_10002,MBR_110,ACCT_7387,20221202,653.1,C,5200,Amazon,Purchase at Amazon,SEQ_000002,20221202,BATCH_21
3,846f41bc-bad9-4d0c-8a37-589ced7abbd6,TXN_10003,MBR_192,ACCT_7896,20220427,115.35,C,5912,Chevron,Purchase at Chevron,SEQ_000003,20220427,BATCH_99
4,846f41bc-bad9-4d0c-8a37-589ced7abbd6,TXN_10004,MBR_165,ACCT_3597,20200114,502.86,C,5812,Target,Purchase at Target,SEQ_000004,20200114,BATCH_37
5,846f41bc-bad9-4d0c-8a37-589ced7abbd6,TXN_10005,MBR_196,ACCT_2035,20250529,222.14,C,5200,Costco,Purchase at Costco,SEQ_000005,20250529,BATCH_59
6,846f41bc-bad9-4d0c-8a37-589ced7abbd6,TXN_10006,MBR_146,ACCT_9068,20220906,447.84,C,5400,Starbucks,Purchase at Starbucks,SEQ_000006,20220906,BATCH_66
7,846f41bc-bad9-4d0c-8a37-589ced7abbd6,TXN_10007,MBR_129,ACCT_7999,20200110,273.86,D,5300,Costco,Purchase at Costco,SEQ_000007,20200110,BATCH_90
8,846f41bc-bad9-4d0c-8a37-589ced7abbd6,TXN_10008,MBR_158,ACCT_2322,20251006,432.97,D,5400,Costco,Purchase at Costco,SEQ_000008,20251006,BATCH_75
9,846f41bc-bad9-4d0c-8a37-589ced7abbd6,TXN_10009,MBR_188,ACCT_8587,20210102,218.82,D,5400,Walmart,Purchase at Walmart,SEQ_000009,20210102,BATCH_21
10,846f41bc-bad9-4d0c-8a37-589ced7abbd6,TXN_10010,MBR_192,ACCT_8802,20221221,552.87,C,5400,Walmart,Purchase at Walmart,SEQ_000010,20221221,BATCH_22
11,846f41bc-bad9-4d0c-8a37-589ced7abbd6,TXN_10011,MBR_164,ACCT_3941,20210303,398.49,C,5912,Chevron,Purchase at Chevron,SEQ_000011,20210303,BATCH_21
12,846f41bc-bad9-4d0c-8a37-589ced7abbd6,TXN_10012,MBR_102,ACCT_2242,20230605,698.56,D,5100,Target,Purchase at Target,SEQ_000012,20230605,BATCH_90
13,846f41bc-bad9-4d0c-8a37-589ced7abbd6,TXN_10013,MBR_107,ACCT_5633,20210318,61.54,D,5300,Costco,Purchase at Costco,SEQ_000013,20210318,BATCH_72
14,846f41bc-bad9-4d0c-8a37-589ced7abbd6,TXN_10014,MBR_180,ACCT_2921,20201030,408.12,D,5812,Starbucks,Purchase at Starbucks,SEQ_000014,20201030,BATCH_73
15,846f41bc-bad9-4d0c-8a37-589ced7abbd6,TXN_10015,MBR_154,ACCT_2444,20200319,389.38,C,5400,Costco,Purchase at Costco,SEQ_000015,20200319,BATCH_25
16,846f41bc-bad9-4d0c-8a37-589ced7abbd6,TXN_10016,MBR_160,ACCT_2752,20220808,243.3,D,5100,Starbucks,Purchase at Starbucks,SEQ_000016,20220808,BATCH_56
17,846f41bc-bad9-4d0c-8a37-589ced7abbd6,TXN_10017,MBR_182,ACCT_9290,20220518,655.6,D,5400,Amazon,Purchase at Amazon,SEQ_000017,20220518,BATCH_41
18,846f41bc-bad9-4d0c-8a37-589ced7abbd6,TXN_10018,MBR_128,ACCT_1176,20230406,432.36,C,5812,Starbucks,Purchase at Starbucks,SEQ_000018,20230406,BATCH_23
19,846f41bc-bad9-4d0c-8a37-589ced7abbd6,TXN_10019,MBR_188,ACCT_2397,20200503,541.32,D,5200,Amazon,Purchase at Amazon,SEQ_000019,20200503,BATCH_77
20,846f41bc-bad9-4d0c-8a37-589ced7abbd6,TXN_10020,MBR_168,ACCT_3173,20200410,606.89,D,5100,Starbucks,Purchase at Starbucks,SEQ_000020,20200410,BATCH_42
21,846f41bc-bad9-4d0c-8a37-589ced7abbd6,TXN_10021,MBR_162,ACCT_3385,20261206,628.81,C,5300,Walmart,Purchase at Walmart,SEQ_000021,20261206,BATCH_32
22,846f41bc-bad9-4d0c-8a37-589ced7abbd6,TXN_10022,MBR_119,ACCT_3659,20230625,531.21,C,5812,Amazon,Purchase at Amazon,SEQ_000022,20230625,BATCH_24
23,846f41bc-bad9-4d0c-8a37-589ced7abbd6,TXN_10023,MBR_118,ACCT_4908,20240802,129.02,D,5912,Target,Purchase at Target,SEQ_000023,20240802,BATCH_35
24,846f41bc-bad9-4d0c-8a37-589ced7abbd6,TXN_10024,MBR_185,ACCT_1739,20231102,502.79,C,5200,Amazon,Purchase at Amazon,SEQ_000024,20231102,BATCH_19
25,846f41bc-bad9-4d0c-8a37-589ced7abbd6,TXN_10025,MBR_180,ACCT_3056,20250210,485.96,C,5400,Amazon,Purchase at Amazon,SEQ_000025,20250210,BATCH_75
26,846f41bc-bad9-4d0c-8a37-589ced7abbd6,TXN_10026,MBR_138,ACCT_8832,20230211,487.31,D,5200,Amazon,Purchase at Amazon,SEQ_000026,20230211,BATCH_58
27,846f41bc-bad9-4d0c-8a37-589ced7abbd6,TXN_10027,MBR_182,ACCT_1758,20220220,548.82,C,5100,Starbucks,Purchase at Starbucks,SEQ_000027,20220220,BATCH_16
28,846f41bc-bad9-4d0c-8a37-589ced7abbd6,TXN_10028,MBR_115,ACCT_1443,20200109,687.21,D,5400,Amazon,Purchase at Amazon,SEQ_000028,20200109,BATCH_75
29,846f41bc-bad9-4d0c-8a37-589ced7abbd6,TXN_10029,MBR_101,ACCT_6388,20200208,344.86,C,5812,Amazon,Purchase at Amazon,SEQ_000029,20200208,BATCH_68
30,846f41bc-bad9-4d0c-8a37-589ced7abbd6,TXN_10030,MBR_188,ACCT_7425,20210219,409.7,D,5400,Costco,Purchase at Costco,SEQ_000030,20210219,BATCH_58
31,846f41bc-bad9-4d0c-8a37-589ced7abbd6,TXN_10031,MBR_127,ACCT_2716,20231227,575.41,C,5200,Starbucks,Purchase at Starbucks,SEQ_000031,20231227,BATCH_16
32,846f41bc-bad9-4d0c-8a37-589ced7abbd6,TXN_10032,MBR_175,ACCT_5496,20200412,632.04,C,5200,Starbucks,Purchase at Starbucks,SEQ_000032,20200412,BATCH_82
33,846f41bc-bad9-4d0c-8a37-589ced7abbd6,TXN_10033,MBR_147,ACCT_8474,20230202,70.49,D,5300,Starbucks,Purchase at Starbucks,SEQ_000033,20230202,BATCH_34
34,846f41bc-bad9-4d0c-8a37-589ced7abbd6,TXN_10034,MBR_105,ACCT_1991,20241205,613.13,C,5912,Target,Purchase at Target,SEQ_000034,20241205,BATCH_30
35,846f41bc-bad9-4d0c-8a37-589ced7abbd6,TXN_10035,MBR_195,ACCT_7782,20250802,164.14,C,5812,Chevron,Purchase at Chevron,SEQ_000035,20250802,BATCH_68
36,846f41bc-bad9-4d0c-8a37-589ced7abbd6,TXN_10036,MBR_105,ACCT_8091,20211004,461.32,C,5300,Amazon,Purchase at Amazon,SEQ_000036,20211004,BATCH_61
37,846f41bc-bad9-4d0c-8a37-589ced7abbd6,TXN_10037,MBR_185,ACCT_7429,20241118,574.87,C,5300,Amazon,Purchase at Amazon,SEQ_000037,20241118,BATCH_42
38,846f41bc-bad9-4d0c-8a37-589ced7abbd6,TXN_10038,MBR_135,ACCT_2486,20240725,176.86,C,5300,Costco,Purchase at Costco,SEQ_000038,20240725,BATCH_32
39,846f41bc-bad9-4d0c-8a37-589ced7abbd6,TXN_10039,MBR_114,ACCT_8575,20230815,510.54,C,5300,Chevron,Purchase at Chevron,SEQ_000039,20230815,BATCH_44
40,846f41bc-bad9-4d0c-8a37-589ced7abbd6,TXN_10040,MBR_198,ACCT_5469,20251124,85.71,C,5300,Walmart,Purchase at Walmart,SEQ_000040,20251124,BATCH_26
41,846f41bc-bad9-4d0c-8a37-589ced7abbd6,TXN_10041,MBR_195,ACCT_5102,20230105,587.32,D,5300,Amazon,Purchase at Amazon,SEQ_000041,20230105,BATCH_32
42,846f41bc-bad9-4d0c-8a37-589ced7abbd6,TXN_10042,MBR_119,ACCT_1551,20241006,643.14,D,5912,Walmart,Purchase at Walmart,SEQ_000042,20241006,BATCH_35
43,846f41bc-bad9-4d0c-8a37-589ced7abbd6,TXN_10043,MBR_148,ACCT_6043,20220129,595.38,D,5812,Chevron,Purchase at Chevron,SEQ_000043,20220129,BATCH_75
44,846f41bc-bad9-4d0c-8a37-589ced7abbd6,TXN_10044,MBR_166,ACCT_5578,20241214,461.7,C,5100,Target,Purchase at Target,SEQ_000044,20241214,BATCH_37
45,846f41bc-bad9-4d0c-8a37-589ced7abbd6,TXN_10045,MBR_146,ACCT_5157,20240817,424.03,C,5300,Starbucks,Purchase at Starbucks,SEQ_000045,20240817,BATCH_32
46,846f41bc-bad9-4d0c-8a37-589ced7abbd6,TXN_10046,MBR_130,ACCT_5592,20210821,396.36,D,5100,Starbucks,Purchase at Starbucks,SEQ_000046,20210821,BATCH_98
47,846f41bc-bad9-4d0c-8a37-589ced7abbd6,TXN_10047,MBR_166,ACCT_4603,20220529,72.73,D,5100,Walmart,Purchase at Walmart,SEQ_000047,20220529,BATCH_69
48,846f41bc-bad9-4d0c-8a37-589ced7abbd6,TXN_10048,MBR_193,ACCT_1863,20210207,365.11,C,5912,Chevron,Purchase at Chevron,SEQ_000048,20210207,BATCH_95
49,846f41bc-bad9-4d0c-8a37-589ced7abbd6,TXN_10049,MBR_192,ACCT_8425,20200111,476.4,C,5812,Amazon,Purchase at Amazon,SEQ_000049,20200111,BATCH_66
50,846f41bc-bad9-4d0c-8a37-589ced7abbd6,TXN_10050,MBR_127,ACCT_9217,20240529,242.12,D,5200,Walmart,Purchase at Walmart,SEQ_000050,20240529,BATCH_45
51,846f41bc-bad9-4d0c-8a37-589ced7abbd6,TXN_10051,MBR_146,ACCT_9774,20220824,146.43,D,5812,Chevron,Purchase at Chevron,SEQ_000051,20220824,BATCH_14
52,846f41bc-bad9-4d0c-8a37-589ced7abbd6,TXN_10052,MBR_132,ACCT_1385,20220929,629.18,C,5100,Chevron,Purchase at Chevron,SEQ_000052,20220929,BATCH_83
53,846f41bc-bad9-4d0c-8a37-589ced7abbd6,TXN_10053,MBR_196,ACCT_5080,20221017,737.18,D,5812,Amazon,Purchase at Amazon,SEQ_000053,20221017,BATCH_95
54,846f41bc-bad9-4d0c-8a37-589ced7abbd6,TXN_10054,MBR_151,ACCT_1327,20240215,456.11,D,5912,Walmart,Purchase at Walmart,SEQ_000054,20240215,BATCH_70
55,846f41bc-bad9-4d0c-8a37-589ced7abbd6,TXN_10055,MBR_170,ACCT_5962,20260821,13.6,C,5812,Amazon,Purchase at Amazon,SEQ_000055,20260821,BATCH_38
56,846f41bc-bad9-4d0c-8a37-589ced7abbd6,TXN_10056,MBR_197,ACCT_4970,20210815,206.44,D,5812,Target,Purchase at Target,SEQ_000056,20210815,BATCH_15
57,846f41bc-bad9-4d0c-8a37-589ced7abbd6,TXN_10057,MBR_114,ACCT_1238,20250425,161.22,C,5300,Target,Purchase at Target,SEQ_000057,20250425,BATCH_21
58,846f41bc-bad9-4d0c-8a37-589ced7abbd6,TXN_10058,MBR_134,ACCT_5910,20200821,345.74,D,5300,Costco,Purchase at Costco,SEQ_000058,20200821,BATCH_51
59,846f41bc-bad9-4d0c-8a37-589ced7abbd6,TXN_10059,MBR_116,ACCT_1994,20241110,347.58,D,5400,Walmart,Purchase at Walmart,SEQ_000059,20241110,BATCH_26
60,846f41bc-bad9-4d0c-8a37-589ced7abbd6,TXN_10060,MBR_140,ACCT_7532,20260825,291.56,C,5912,Costco,Purchase at Costco,SEQ_000060,20260825,BATCH_51
61,846f41bc-bad9-4d0c-8a37-589ced7abbd6,TXN_10061,MBR_188,ACCT_8545,20240213,35.83,D,5200,Starbucks,Purchase at Starbucks,SEQ_000061,20240213,BATCH_25
62,846f41bc-bad9-4d0c-8a37-589ced7abbd6,TXN_10062,MBR_180,ACCT_6750,20251005,302.74,C,5912,Starbucks,Purchase at Starbucks,SEQ_000062,20251005,BATCH_85
63,846f41bc-bad9-4d0c-8a37-589ced7abbd6,TXN_10063,MBR_136,ACCT_8034,20230512,636.49,C,5912,Walmart,Purchase at Walmart,SEQ_000063,20230512,BATCH_63
64,846f41bc-bad9-4d0c-8a37-589ced7abbd6,TXN_10064,MBR_143,ACCT_7565,20260330,251.48,D,5812,Starbucks,Purchase at Starbucks,SEQ_000064,20260330,BATCH_12
65,846f41bc-bad9-4d0c-8a37-589ced7abbd6,TXN_10065,MBR_177,ACCT_4369,20261010,127.66,D,5100,Amazon,Purchase at Amazon,SEQ_000065,20261010,BATCH_16
66,846f41bc-bad9-4d0c-8a37-589ced7abbd6,TXN_10066,MBR_125,ACCT_7076,20260416,623.83,D,5912,Target,Purchase at Target,SEQ_000066,20260416,BATCH_38
67,846f41bc-bad9-4d0c-8a37-589ced7abbd6,TXN_10067,MBR_162,ACCT_3579,20230923,181.76,C,5912,Amazon,Purchase at Amazon,SEQ_000067,20230923,BATCH_28
68,846f41bc-bad9-4d0c-8a37-589ced7abbd6,TXN_10068,MBR_196,ACCT_7224,20230607,463.25,C,5912,Walmart,Purchase at Walmart,SEQ_000068,20230607,BATCH_27
69,846f41bc-bad9-4d0c-8a37-589ced7abbd6,TXN_10069,MBR_191,ACCT_9066,20221115,109.69,D,5812,Starbucks,Purchase at Starbucks,SEQ_000069,20221115,BATCH_38
70,846f41bc-bad9-4d0c-8a37-589ced7abbd6,TXN_10070,MBR_188,ACCT_7489,20200402,457.69,D,5912,Walmart,Purchase at Walmart,SEQ_000070,20200402,BATCH_16
71,846f41bc-bad9-4d0c-8a37-589ced7abbd6,TXN_10071,MBR_152,ACCT_4390,20260601,87.27,D,5400,Starbucks,Purchase at Starbucks,SEQ_000071,20260601,BATCH_20
72,846f41bc-bad9-4d0c-8a37-589ced7abbd6,TXN_10072,MBR_161,ACCT_9658,20221209,23.9,D,5812,Amazon,Purchase at Amazon,SEQ_000072,20221209,BATCH_59
73,846f41bc-bad9-4d0c-8a37-589ced7abbd6,TXN_10073,MBR_127,ACCT_3922,20210806,166.49,D,5912,Chevron,Purchase at Chevron,SEQ_000073,20210806,BATCH_67
74,846f41bc-bad9-4d0c-8a37-589ced7abbd6,TXN_10074,MBR_103,ACCT_6061,20230311,124.61,C,5400,Target,Purchase at Target,SEQ_000074,20230311,BATCH_70
75,846f41bc-bad9-4d0c-8a37-589ced7abbd6,TXN_10075,MBR_121,ACCT_1472,20210706,742.78,D,5400,Amazon,Purchase at Amazon,SEQ_000075,20210706,BATCH_39
76,846f41bc-bad9-4d0c-8a37-589ced7abbd6,TXN_10076,MBR_194,ACCT_9997,20210216,597.52,D,5200,Target,Purchase at Target,SEQ_000076,20210216,BATCH_84
77,846f41bc-bad9-4d0c-8a37-589ced7abbd6,TXN_10077,MBR_178,ACCT_3672,20260512,589.41,D,5300,Starbucks,Purchase at Starbucks,SEQ_000077,20260512,BATCH_54
78,846f41bc-bad9-4d0c-8a37-589ced7abbd6,TXN_10078,MBR_150,ACCT_3595,20210505,724.96,D,5400,Amazon,Purchase at Amazon,SEQ_000078,20210505,BATCH_10
79,846f41bc-bad9-4d0c-8a37-589ced7abbd6,TXN_10079,MBR_116,ACCT_5803,20200105,491.33,D,5912,Amazon,Purchase at Amazon,SEQ_000079,20200105,BATCH_77
80,846f41bc-bad9-4d0c-8a37-589ced7abbd6,TXN_10080,MBR_159,ACCT_8121,20200606,518.04,D,5812,Walmart,Purchase at Walmart,SEQ_000080,20200606,BATCH_96
81,846f41bc-bad9-4d0c-8a37-589ced7abbd6,TXN_10081,MBR_114,ACCT_3276,20260506,142.34,C,5400,Chevron,Purchase at Chevron,SEQ_000081,20260506,BATCH_53
82,846f41bc-bad9-4d0c-8a37-589ced7abbd6,TXN_10082,MBR_106,ACCT_7071,20210703,38.39,C,5200,Chevron,Purchase at Chevron,SEQ_000082,20210703,BATCH_94
83,846f41bc-bad9-4d0c-8a37-589ced7abbd6,TXN_10083,MBR_186,ACCT_7232,20260717,544.26,C,5100,Walmart,Purchase at Walmart,SEQ_000083,20260717,BATCH_71
84,846f41bc-bad9-4d0c-8a37-589ced7abbd6,TXN_10084,MBR_164,ACCT_9168,20230731,507.99,D,5400,Chevron,Purchase at Chevron,SEQ_000084,20230731,BATCH_54
85,846f41bc-bad9-4d0c-8a37-589ced7abbd6,TXN_10085,MBR_139,ACCT_3268,20200703,100.12,D,5100,Starbucks,Purchase at Starbucks,SEQ_000085,20200703,BATCH_29
86,846f41bc-bad9-4d0c-8a37-589ced7abbd6,TXN_10086,MBR_190,ACCT_8708,20240720,202.26,C,5300,Costco,Purchase at Costco,SEQ_000086,20240720,BATCH_22
87,846f41bc-bad9-4d0c-8a37-589ced7abbd6,TXN_10087,MBR_180,ACCT_4921,20210524,252.35,C,5100,Walmart,Purchase at Walmart,SEQ_000087,20210524,BATCH_10
88,846f41bc-bad9-4d0c-8a37-589ced7abbd6,TXN_10088,MBR_123,ACCT_2052,20251213,612.48,D,5300,Chevron,Purchase at Chevron,SEQ_000088,20251213,BATCH_18
89,846f41bc-bad9-4d0c-8a37-589ced7abbd6,TXN_10089,MBR_184,ACCT_7994,20260203,311.29,D,5200,Amazon,Purchase at Amazon,SEQ_000089,20260203,BATCH_49
90,846f41bc-bad9-4d0c-8a37-589ced7abbd6,TXN_10090,MBR_167,ACCT_7944,20230526,344.77,C,5912,Amazon,Purchase at Amazon,SEQ_000090,20230526,BATCH_60
91,846f41bc-bad9-4d0c-8a37-589ced7abbd6,TXN_10091,MBR_109,ACCT_1146,20230310,19.47,C,5912,Walmart,Purchase at Walmart,SEQ_000091,20230310,BATCH_30
92,846f41bc-bad9-4d0c-8a37-589ced7abbd6,TXN_10092,MBR_182,ACCT_4081,20220719,527.05,C,5200,Costco,Purchase at Costco,SEQ_000092,20220719,BATCH_77
93,846f41bc-bad9-4d0c-8a37-589ced7abbd6,TXN_10093,MBR_161,ACCT_8422,20211015,25.27,D,5200,Chevron,Purchase at Chevron,SEQ_000093,20211015,BATCH_70
94,846f41bc-bad9-4d0c-8a37-589ced7abbd6,TXN_10094,MBR_129,ACCT_2101,20241028,36.79,C,5912,Costco,Purchase at Costco,SEQ_000094,20241028,BATCH_59
95,846f41bc-bad9-4d0c-8a37-589ced7abbd6,TXN_10095,MBR_196,ACCT_2027,20241030,62.09,C,5300,Amazon,Purchase at Amazon,SEQ_000095,20241030,BATCH_76
96,846f41bc-bad9-4d0c-8a37-589ced7abbd6,TXN_10096,MBR_195,ACCT_8550,20240125,446.26,D,5300,Walmart,Purchase at Walmart,SEQ_000096,20240125,BATCH_29
97,846f41bc-bad9-4d0c-8a37-589ced7abbd6,TXN_10097,MBR_147,ACCT_1899,20250416,177.97,D,5200,Target,Purchase at Target,SEQ_000097,20250416,BATCH_12
98,846f41bc-bad9-4d0c-8a37-589ced7abbd6,TXN_10098,MBR_167,ACCT_4958,20230409,13.6,C,5100,Costco,Purchase at Costco,SEQ_000098,20230409,BATCH_75
99,846f41bc-bad9-4d0c-8a37-589ced7abbd6,TXN_10099,MBR_195,ACCT_8022,20260314,413.13,C,5812,Walmart,Purchase at Walmart,SEQ_000099,20260314,BATCH_74
100,846f41bc-bad9-4d0c-8a37-589ced7abbd6,TXN_10100,MBR_133,ACCT_2616,20220117,532.69,C,5100,Costco,Purchase at Costco,SEQ_000100,20220117,BATCH_27
101,846f41bc-bad9-4d0c-8a37-589ced7abbd6,TXN_10101,MBR_119,ACCT_9038,20200708,416.01,C,5912,Costco,Purchase at Costco,SEQ_000101,20200708,BATCH_86
102,846f41bc-bad9-4d0c-8a37-589ced7abbd6,TXN_10102,MBR_127,ACCT_3513,20210828,702.29,C,5200,Walmart,Purchase at Walmart,SEQ_000102,20210828,BATCH_52
103,846f41bc-bad9-4d0c-8a37-589ced7abbd6,TXN_10103,MBR_162,ACCT_9415,20201024,89.04,D,5400,Amazon,Purchase at Amazon,SEQ_000103,20201024,BATCH_28
104,846f41bc-bad9-4d0c-8a37-589ced7abbd6,TXN_10104,MBR_140,ACCT_1968,20241213,319.08,D,5400,Costco,Purchase at Costco,SEQ_000104,20241213,BATCH_69
105,846f41bc-bad9-4d0c-8a37-589ced7abbd6,TXN_10105,MBR_190,ACCT_4363,20260802,173.89,C,5812,Costco,Purchase at Costco,SEQ_000105,20260802,BATCH_56
106,846f41bc-bad9-4d0c-8a37-589ced7abbd6,TXN_10106,MBR_149,ACCT_5160,20231016,251.95,D,5300,Target,Purchase at Target,SEQ_000106,20231016,BATCH_80
107,846f41bc-bad9-4d0c-8a37-589ced7abbd6,TXN_10107,MBR_164,ACCT_3459,20211119,503.67,D,5912,Chevron,Purchase at Chevron,SEQ_000107,20211119,BATCH_42
108,846f41bc-bad9-4d0c-8a37-589ced7abbd6,TXN_10108,MBR_143,ACCT_7904,20211112,5.74,C,5912,Target,Purchase at Target,SEQ_000108,20211112,BATCH_31
109,846f41bc-bad9-4d0c-8a37-589ced7abbd6,TXN_10109,MBR_182,ACCT_5482,20210506,221.17,C,5400,Walmart,Purchase at Walmart,SEQ_000109,20210506,BATCH_29
110,846f41bc-bad9-4d0c-8a37-589ced7abbd6,TXN_10110,MBR_189,ACCT_8946,20240820,671.29,D,5300,Chevron,Purchase at Chevron,SEQ_000110,20240820,BATCH_91
111,846f41bc-bad9-4d0c-8a37-589ced7abbd6,TXN_10111,MBR_168,ACCT_2151,20260911,154.55,C,5812,Starbucks,Purchase at Starbucks,SEQ_000111,20260911,BATCH_37
112,846f41bc-bad9-4d0c-8a37-589ced7abbd6,TXN_10112,MBR_101,ACCT_4594,20250629,746.51,D,5400,Costco,Purchase at Costco,SEQ_000112,20250629,BATCH_22
113,846f41bc-bad9-4d0c-8a37-589ced7abbd6,TXN_10113,MBR_164,ACCT_4254,20200901,738.67,C,5912,Amazon,Purchase at Amazon,SEQ_000113,20200901,BATCH_67
114,846f41bc-bad9-4d0c-8a37-589ced7abbd6,TXN_10114,MBR_103,ACCT_1187,20200325,321.45,C,5812,Chevron,Purchase at Chevron,SEQ_000114,20200325,BATCH_41
115,846f41bc-bad9-4d0c-8a37-589ced7abbd6,TXN_10115,MBR_198,ACCT_1506,20230203,312.18,C,5912,Costco,Purchase at Costco,SEQ_000115,20230203,BATCH_13
116,846f41bc-bad9-4d0c-8a37-589ced7abbd6,TXN_10116,MBR_148,ACCT_5994,20240213,43.23,C,5200,Chevron,Purchase at Chevron,SEQ_000116,20240213,BATCH_83
117,846f41bc-bad9-4d0c-8a37-589ced7abbd6,TXN_10117,MBR_106,ACCT_8024,20250422,34.26,D,5200,Chevron,Purchase at Chevron,SEQ_000117,20250422,BATCH_55
118,846f41bc-bad9-4d0c-8a37-589ced7abbd6,TXN_10118,MBR_165,ACCT_3422,20200124,673.19,C,5200,Costco,Purchase at Costco,SEQ_000118,20200124,BATCH_62
119,846f41bc-bad9-4d0c-8a37-589ced7abbd6,TXN_10119,MBR_121,ACCT_1020,20250911,183.6,D,5400,Target,Purchase at Target,SEQ_000119,20250911,BATCH_86
120,846f41bc-bad9-4d0c-8a37-589ced7abbd6,TXN_10120,MBR_108,ACCT_8434,20240903,650.0,C,5300,Costco,Purchase at Costco,SEQ_000120,20240903,BATCH_33
121,846f41bc-bad9-4d0c-8a37-589ced7abbd6,TXN_10121,MBR_143,ACCT_1038,20260407,349.12,C,5300,Amazon,Purchase at Amazon,SEQ_000121,20260407,BATCH_16
122,846f41bc-bad9-4d0c-8a37-589ced7abbd6,TXN_10122,MBR_109,ACCT_4314,20260901,599.19,C,5200,Walmart,Purchase at Walmart,SEQ_000122,20260901,BATCH_56
123,846f41bc-bad9-4d0c-8a37-589ced7abbd6,TXN_10123,MBR_199,ACCT_3580,20210106,108.85,C,5400,Starbucks,Purchase at Starbucks,SEQ_000123,20210106,BATCH_60
124,846f41bc-bad9-4d0c-8a37-589ced7abbd6,TXN_10124,MBR_190,ACCT_1526,20211220,224.8,D,5100,Target,Purchase at Target,SEQ_000124,20211220,BATCH_74
125,846f41bc-bad9-4d0c-8a37-589ced7abbd6,TXN_10125,MBR_194,ACCT_3275,20250925,146.4,D,5912,Starbucks,Purchase at Starbucks,SEQ_000125,20250925,BATCH_85
126,846f41bc-bad9-4d0c-8a37-589ced7abbd6,TXN_10126,MBR_167,ACCT_9413,20230325,535.98,C,5812,Costco,Purchase at Costco,SEQ_000126,20230325,BATCH_60
127,846f41bc-bad9-4d0c-8a37-589ced7abbd6,TXN_10127,MBR_190,ACCT_6190,20230603,261.75,C,5400,Costco,Purchase at Costco,SEQ_000127,20230603,BATCH_61
128,846f41bc-bad9-4d0c-8a37-589ced7abbd6,TXN_10128,MBR_178,ACCT_1835,20201110,406.64,C,5300,Walmart,Purchase at Walmart,SEQ_000128,20201110,BATCH_65
129,846f41bc-bad9-4d0c-8a37-589ced7abbd6,TXN_10129,MBR_106,ACCT_5387,20240625,102.54,C,5200,Target,Purchase at Target,SEQ_000129,20240625,BATCH_73
130,846f41bc-bad9-4d0c-8a37-589ced7abbd6,TXN_10130,MBR_108,ACCT_8713,20260211,31.2,C,5100,Amazon,Purchase at Amazon,SEQ_000130,20260211,BATCH_52
131,846f41bc-bad9-4d0c-8a37-589ced7abbd6,TXN_10131,MBR_144,ACCT_6687,20250115,525.25,D,5200,Starbucks,Purchase at Starbucks,SEQ_000131,20250115,BATCH_61
132,846f41bc-bad9-4d0c-8a37-589ced7abbd6,TXN_10132,MBR_142,ACCT_2849,20250829,249.73,D,5812,Costco,Purchase at Costco,SEQ_000132,20250829,BATCH_34
133,846f41bc-bad9-4d0c-8a37-589ced7abbd6,TXN_10133,MBR_182,ACCT_8719,20200910,506.94,D,5400,Starbucks,Purchase at Starbucks,SEQ_000133,20200910,BATCH_49
134,846f41bc-bad9-4d0c-8a37-589ced7abbd6,TXN_10134,MBR_165,ACCT_7912,20221012,676.41,C,5300,Walmart,Purchase at Walmart,SEQ_000134,20221012,BATCH_74
135,846f41bc-bad9-4d0c-8a37-589ced7abbd6,TXN_10135,MBR_180,ACCT_8962,20250406,408.72,D,5100,Target,Purchase at Target,SEQ_000135,20250406,BATCH_38
136,846f41bc-bad9-4d0c-8a37-589ced7abbd6,TXN_10136,MBR_150,ACCT_1227,20261002,238.2,C,5400,Walmart,Purchase at Walmart,SEQ_000136,20261002,BATCH_35
137,846f41bc-bad9-4d0c-8a37-589ced7abbd6,TXN_10137,MBR_118,ACCT_9227,20220304,369.99,C,5200,Amazon,Purchase at Amazon,SEQ_000137,20220304,BATCH_65
138,846f41bc-bad9-4d0c-8a37-589ced7abbd6,TXN_10138,MBR_189,ACCT_3783,20260327,28.52,D,5912,Amazon,Purchase at Amazon,SEQ_000138,20260327,BATCH_46
139,846f41bc-bad9-4d0c-8a37-589ced7abbd6,TXN_10139,MBR_154,ACCT_3402,20211113,235.2,C,5400,Target,Purchase at Target,SEQ_000139,20211113,BATCH_62
140,846f41bc-bad9-4d0c-8a37-589ced7abbd6,TXN_10140,MBR_138,ACCT_7353,20230503,383.76,C,5912,Starbucks,Purchase at Starbucks,SEQ_000140,20230503,BATCH_47
141,846f41bc-bad9-4d0c-8a37-589ced7abbd6,TXN_10141,MBR_190,ACCT_3090,20240603,217.39,C,5200,Target,Purchase at Target,SEQ_000141,20240603,BATCH_75
142,846f41bc-bad9-4d0c-8a37-589ced7abbd6,TXN_10142,MBR_131,ACCT_6720,20261222,188.35,C,5912,Costco,Purchase at Costco,SEQ_000142,20261222,BATCH_41
143,846f41bc-bad9-4d0c-8a37-589ced7abbd6,TXN_10143,MBR_152,ACCT_4365,20200730,235.36,D,5100,Amazon,Purchase at Amazon,SEQ_000143,20200730,BATCH_78
144,846f41bc-bad9-4d0c-8a37-589ced7abbd6,TXN_10144,MBR_171,ACCT_4827,20261028,503.65,D,5300,Walmart,Purchase at Walmart,SEQ_000144,20261028,BATCH_48
145,846f41bc-bad9-4d0c-8a37-589ced7abbd6,TXN_10145,MBR_113,ACCT_7573,20230912,741.71,C,5100,Target,Purchase at Target,SEQ_000145,20230912,BATCH_10
146,846f41bc-bad9-4d0c-8a37-589ced7abbd6,TXN_10146,MBR_146,ACCT_2101,20200424,363.83,C,5912,Chevron,Purchase at Chevron,SEQ_000146,20200424,BATCH_42
147,846f41bc-bad9-4d0c-8a37-589ced7abbd6,TXN_10147,MBR_147,ACCT_9895,20200215,41.94,C,5912,Amazon,Purchase at Amazon,SEQ_000147,20200215,BATCH_70
148,846f41bc-bad9-4d0c-8a37-589ced7abbd6,TXN_10148,MBR_108,ACCT_9735,20210419,359.73,D,5200,Starbucks,Purchase at Starbucks,SEQ_000148,20210419,BATCH_94
149,846f41bc-bad9-4d0c-8a37-589ced7abbd6,TXN_10149,MBR_128,ACCT_4138,20200109,303.11,D,5300,Starbucks,Purchase at Starbucks,SEQ_000149,20200109,BATCH_26
150,846f41bc-bad9-4d0c-8a37-589ced7abbd6,TXN_10150,MBR_136,ACCT_5593,20200703,486.07,C,5100,Costco,Purchase at Costco,SEQ_000150,20200703,BATCH_94
151,846f41bc-bad9-4d0c-8a37-589ced7abbd6,TXN_10151,MBR_150,ACCT_3013,20210528,344.38,C,5400,Target,Purchase at Target,SEQ_000151,20210528,BATCH_18
152,846f41bc-bad9-4d0c-8a37-589ced7abbd6,TXN_10152,MBR_151,ACCT_4977,20260918,449.7,D,5812,Costco,Purchase at Costco,SEQ_000152,20260918,BATCH_36
153,846f41bc-bad9-4d0c-8a37-589ced7abbd6,TXN_10153,MBR_172,ACCT_6192,20201229,621.65,C,5812,Target,Purchase at Target,SEQ_000153,20201229,BATCH_47
154,846f41bc-bad9-4d0c-8a37-589ced7abbd6,TXN_10154,MBR_124,ACCT_9868,20240904,682.58,C,5812,Starbucks,Purchase at Starbucks,SEQ_000154,20240904,BATCH_38
155,846f41bc-bad9-4d0c-8a37-589ced7abbd6,TXN_10155,MBR_191,ACCT_7659,20221225,343.71,D,5400,Target,Purchase at Target,SEQ_000155,20221225,BATCH_74
156,846f41bc-bad9-4d0c-8a37-589ced7abbd6,TXN_10156,MBR_139,ACCT_8697,20240228,683.83,C,5200,Walmart,Purchase at Walmart,SEQ_000156,20240228,BATCH_44
157,846f41bc-bad9-4d0c-8a37-589ced7abbd6,TXN_10157,MBR_167,ACCT_3750,20250320,342.49,D,5400,Amazon,Purchase at Amazon,SEQ_000157,20250320,BATCH_86
158,846f41bc-bad9-4d0c-8a37-589ced7abbd6,TXN_10158,MBR_146,ACCT_5939,20201001,647.62,D,5100,Amazon,Purchase at Amazon,SEQ_000158,20201001,BATCH_23
159,846f41bc-bad9-4d0c-8a37-589ced7abbd6,TXN_10159,MBR_156,ACCT_9168,20200121,711.79,C,5400,Costco,Purchase at Costco,SEQ_000159,20200121,BATCH_40
160,846f41bc-bad9-4d0c-8a37-589ced7abbd6,TXN_10160,MBR_191,ACCT_8607,20200603,624.82,D,5200,Amazon,Purchase at Amazon,SEQ_000160,20200603,BATCH_74
161,846f41bc-bad9-4d0c-8a37-589ced7abbd6,TXN_10161,MBR_162,ACCT_4720,20230511,73.7,D,5912,Chevron,Purchase at Chevron,SEQ_000161,20230511,BATCH_55
162,846f41bc-bad9-4d0c-8a37-589ced7abbd6,TXN_10162,MBR_111,ACCT_8829,20241209,416.71,C,5812,Walmart,Purchase at Walmart,SEQ_000162,20241209,BATCH_93
163,846f41bc-bad9-4d0c-8a37-589ced7abbd6,TXN_10163,MBR_145,ACCT_3501,20260511,188.48,C,5812,Amazon,Purchase at Amazon,SEQ_000163,20260511,BATCH_20
164,846f41bc-bad9-4d0c-8a37-589ced7abbd6,TXN_10164,MBR_128,ACCT_7064,20260814,648.41,D,5300,Starbucks,Purchase at Starbucks,SEQ_000164,20260814,BATCH_21
165,846f41bc-bad9-4d0c-8a37-589ced7abbd6,TXN_10165,MBR_118,ACCT_8736,20201023,686.24,C,5300,Amazon,Purchase at Amazon,SEQ_000165,20201023,BATCH_48
166,846f41bc-bad9-4d0c-8a37-589ced7abbd6,TXN_10166,MBR_177,ACCT_3781,20200714,509.21,D,5200,Costco,Purchase at Costco,SEQ_000166,20200714,BATCH_89
167,846f41bc-bad9-4d0c-8a37-589ced7abbd6,TXN_10167,MBR_174,ACCT_5775,20240418,202.42,D,5300,Costco,Purchase at Costco,SEQ_000167,20240418,BATCH_57
168,846f41bc-bad9-4d0c-8a37-589ced7abbd6,TXN_10168,MBR_166,ACCT_5323,20231108,438.77,D,5100,Walmart,Purchase at Walmart,SEQ_000168,20231108,BATCH_10
169,846f41bc-bad9-4d0c-8a37-589ced7abbd6,TXN_10169,MBR_198,ACCT_9099,20200501,652.96,C,5100,Walmart,Purchase at Walmart,SEQ_000169,20200501,BATCH_91
170,846f41bc-bad9-4d0c-8a37-589ced7abbd6,TXN_10170,MBR_135,ACCT_7456,20250705,474.43,D,5912,Amazon,Purchase at Amazon,SEQ_000170,20250705,BATCH_17
171,846f41bc-bad9-4d0c-8a37-589ced7abbd6,TXN_10171,MBR_153,ACCT_2330,20200709,469.27,C,5200,Starbucks,Purchase at Starbucks,SEQ_000171,20200709,BATCH_79
172,846f41bc-bad9-4d0c-8a37-589ced7abbd6,TXN_10172,MBR_117,ACCT_8635,20220516,59.2,D,5100,Target,Purchase at Target,SEQ_000172,20220516,BATCH_94
173,846f41bc-bad9-4d0c-8a37-589ced7abbd6,TXN_10173,MBR_131,ACCT_8608,20240510,541.41,D,5300,Starbucks,Purchase at Starbucks,SEQ_000173,20240510,BATCH_42
174,846f41bc-bad9-4d0c-8a37-589ced7abbd6,TXN_10174,MBR_157,ACCT_5424,20210922,30.8,C,5100,Walmart,Purchase at Walmart,SEQ_000174,20210922,BATCH_43
175,846f41bc-bad9-4d0c-8a37-589ced7abbd6,TXN_10175,MBR_184,ACCT_1165,20231230,350.8,D,5200,Costco,Purchase at Costco,SEQ_000175,20231230,BATCH_91
176,846f41bc-bad9-4d0c-8a37-589ced7abbd6,TXN_10176,MBR_106,ACCT_7642,20220215,156.83,C,5100,Walmart,Purchase at Walmart,SEQ_000176,20220215,BATCH_78
177,846f41bc-bad9-4d0c-8a37-589ced7abbd6,TXN_10177,MBR_158,ACCT_6727,20241203,176.61,C,5200,Starbucks,Purchase at Starbucks,SEQ_000177,20241203,BATCH_17
178,846f41bc-bad9-4d0c-8a37-589ced7abbd6,TXN_10178,MBR_173,ACCT_7147,20220508,120.63,D,5300,Amazon,Purchase at Amazon,SEQ_000178,20220508,BATCH_25
179,846f41bc-bad9-4d0c-8a37-589ced7abbd6,TXN_10179,MBR_128,ACCT_1277,20260118,199.38,D,5100,Amazon,Purchase at Amazon,SEQ_000179,20260118,BATCH_29
180,846f41bc-bad9-4d0c-8a37-589ced7abbd6,TXN_10180,MBR_187,ACCT_8267,20230202,747.05,C,5812,Chevron,Purchase at Chevron,SEQ_000180,20230202,BATCH_49
181,846f41bc-bad9-4d0c-8a37-589ced7abbd6,TXN_10181,MBR_118,ACCT_9012,20261222,306.29,C,5300,Chevron,Purchase at Chevron,SEQ_000181,20261222,BATCH_95
182,846f41bc-bad9-4d0c-8a37-589ced7abbd6,TXN_10182,MBR_145,ACCT_2808,20230822,71.69,D,5812,Starbucks,Purchase at Starbucks,SEQ_000182,20230822,BATCH_99
183,846f41bc-bad9-4d0c-8a37-589ced7abbd6,TXN_10183,MBR_123,ACCT_4861,20210409,168.84,C,5200,Starbucks,Purchase at Starbucks,SEQ_000183,20210409,BATCH_82
184,846f41bc-bad9-4d0c-8a37-589ced7abbd6,TXN_10184,MBR_146,ACCT_8820,20261008,219.16,D,5912,Starbucks,Purchase at Starbucks,SEQ_000184,20261008,BATCH_26
185,846f41bc-bad9-4d0c-8a37-589ced7abbd6,TXN_10185,MBR_118,ACCT_1997,20260829,20.68,C,5912,Starbucks,Purchase at Starbucks,SEQ_000185,20260829,BATCH_33
186,846f41bc-bad9-4d0c-8a37-589ced7abbd6,TXN_10186,MBR_180,ACCT_1090,20240120,590.67,D,5100,Amazon,Purchase at Amazon,SEQ_000186,20240120,BATCH_62
187,846f41bc-bad9-4d0c-8a37-589ced7abbd6,TXN_10187,MBR_146,ACCT_4576,20250625,578.82,C,5100,Walmart,Purchase at Walmart,SEQ_000187,20250625,BATCH_74
188,846f41bc-bad9-4d0c-8a37-589ced7abbd6,TXN_10188,MBR_136,ACCT_3010,20220608,534.45,C,5200,Target,Purchase at Target,SEQ_000188,20220608,BATCH_96
189,846f41bc-bad9-4d0c-8a37-589ced7abbd6,TXN_10189,MBR_148,ACCT_5262,20231115,630.44,D,5200,Amazon,Purchase at Amazon,SEQ_000189,20231115,BATCH_93
190,846f41bc-bad9-4d0c-8a37-589ced7abbd6,TXN_10190,MBR_149,ACCT_3739,20210816,414.77,D,5100,Chevron,Purchase at Chevron,SEQ_000190,20210816,BATCH_35
191,846f41bc-bad9-4d0c-8a37-589ced7abbd6,TXN_10191,MBR_164,ACCT_4515,20220713,583.17,D,5300,Amazon,Purchase at Amazon,SEQ_000191,20220713,BATCH_80
192,846f41bc-bad9-4d0c-8a37-589ced7abbd6,TXN_10192,MBR_125,ACCT_9245,20220116,454.3,C,5912,Amazon,Purchase at Amazon,SEQ_000192,20220116,BATCH_22
193,846f41bc-bad9-4d0c-8a37-589ced7abbd6,TXN_10193,MBR_162,ACCT_3783,20220705,701.96,C,5400,Walmart,Purchase at Walmart,SEQ_000193,20220705,BATCH_12
194,846f41bc-bad9-4d0c-8a37-589ced7abbd6,TXN_10194,MBR_138,ACCT_1137,20260904,178.1,C,5100,Chevron,Purchase at Chevron,SEQ_000194,20260904,BATCH_48
195,846f41bc-bad9-4d0c-8a37-589ced7abbd6,TXN_10195,MBR_114,ACCT_2390,20230409,730.97,D,5912,Starbucks,Purchase at Starbucks,SEQ_000195,20230409,BATCH_23
196,846f41bc-bad9-4d0c-8a37-589ced7abbd6,TXN_10196,MBR_123,ACCT_9937,20261103,690.52,D,5100,Chevron,Purchase at Chevron,SEQ_000196,20261103,BATCH_34
197,846f41bc-bad9-4d0c-8a37-589ced7abbd6,TXN_10197,MBR_115,ACCT_5302,20240412,583.62,D,5912,Chevron,Purchase at Chevron,SEQ_000197,20240412,BATCH_62
198,846f41bc-bad9-4d0c-8a37-589ced7abbd6,TXN_10198,MBR_132,ACCT_5092,20250803,76.42,C,5912,Starbucks,Purchase at Starbucks,SEQ_000198,20250803,BATCH_83
199,846f41bc-bad9-4d0c-8a37-589ced7abbd6,TXN_10199,MBR_165,ACCT_5260,20220913,78.75,D,5400,Amazon,Purchase at Amazon,SEQ_000199,20220913,BATCH_51
200,846f41bc-bad9-4d0c-8a37-589ced7abbd6,TXN_10200,MBR_101,ACCT_7732,20211228,503.27,D,5400,Chevron,Purchase at Chevron,SEQ_000200,20211228,BATCH_24
201,846f41bc-bad9-4d0c-8a37-589ced7abbd6,TXN_10201,MBR_142,ACCT_2401,20230214,444.88,C,5912,Amazon,Purchase at Amazon,SEQ_000201,20230214,BATCH_89
202,846f41bc-bad9-4d0c-8a37-589ced7abbd6,TXN_10202,MBR_192,ACCT_6453,20250209,369.38,C,5912,Chevron,Purchase at Chevron,SEQ_000202,20250209,BATCH_36
203,846f41bc-bad9-4d0c-8a37-589ced7abbd6,TXN_10203,MBR_178,ACCT_3679,20210620,37.09,D,5100,Target,Purchase at Target,SEQ_000203,20210620,BATCH_71
204,846f41bc-bad9-4d0c-8a37-589ced7abbd6,TXN_10204,MBR_180,ACCT_5819,20240505,593.33,D,5200,Walmart,Purchase at Walmart,SEQ_000204,20240505,BATCH_75
205,846f41bc-bad9-4d0c-8a37-589ced7abbd6,TXN_10205,MBR_169,ACCT_4801,20240601,152.61,D,5912,Target,Purchase at Target,SEQ_000205,20240601,BATCH_14
206,846f41bc-bad9-4d0c-8a37-589ced7abbd6,TXN_10206,MBR_119,ACCT_3381,20230703,174.84,D,5200,Costco,Purchase at Costco,SEQ_000206,20230703,BATCH_67
207,846f41bc-bad9-4d0c-8a37-589ced7abbd6,TXN_10207,MBR_135,ACCT_7643,20200329,477.86,C,5912,Chevron,Purchase at Chevron,SEQ_000207,20200329,BATCH_34
208,846f41bc-bad9-4d0c-8a37-589ced7abbd6,TXN_10208,MBR_131,ACCT_9051,20210115,158.35,D,5300,Walmart,Purchase at Walmart,SEQ_000208,20210115,BATCH_55
209,846f41bc-bad9-4d0c-8a37-589ced7abbd6,TXN_10209,MBR_178,ACCT_6358,20261226,80.34,C,5912,Walmart,Purchase at Walmart,SEQ_000209,20261226,BATCH_96
210,846f41bc-bad9-4d0c-8a37-589ced7abbd6,TXN_10210,MBR_178,ACCT_3598,20261026,148.29,C,5200,Walmart,Purchase at Walmart,SEQ_000210,20261026,BATCH_88
211,846f41bc-bad9-4d0c-8a37-589ced7abbd6,TXN_10211,MBR_187,ACCT_7779,20260717,572.82,C,5200,Target,Purchase at Target,SEQ_000211,20260717,BATCH_87
212,846f41bc-bad9-4d0c-8a37-589ced7abbd6,TXN_10212,MBR_169,ACCT_5765,20220318,5.98,D,5100,Walmart,Purchase at Walmart,SEQ_000212,20220318,BATCH_29
213,846f41bc-bad9-4d0c-8a37-589ced7abbd6,TXN_10213,MBR_183,ACCT_9428,20240608,270.81,C,5300,Chevron,Purchase at Chevron,SEQ_000213,20240608,BATCH_91
214,846f41bc-bad9-4d0c-8a37-589ced7abbd6,TXN_10214,MBR_125,ACCT_1332,20260702,221.4,D,5812,Walmart,Purchase at Walmart,SEQ_000214,20260702,BATCH_90
215,846f41bc-bad9-4d0c-8a37-589ced7abbd6,TXN_10215,MBR_129,ACCT_4373,20220427,737.91,D,5912,Amazon,Purchase at Amazon,SEQ_000215,20220427,BATCH_42
216,846f41bc-bad9-4d0c-8a37-589ced7abbd6,TXN_10216,MBR_171,ACCT_9264,20251220,279.25,D,5300,Amazon,Purchase at Amazon,SEQ_000216,20251220,BATCH_65
217,846f41bc-bad9-4d0c-8a37-589ced7abbd6,TXN_10217,MBR_134,ACCT_5156,20211101,177.7,C,5200,Amazon,Purchase at Amazon,SEQ_000217,20211101,BATCH_53
218,846f41bc-bad9-4d0c-8a37-589ced7abbd6,TXN_10218,MBR_171,ACCT_7176,20240208,98.78,C,5300,Amazon,Purchase at Amazon,SEQ_000218,20240208,BATCH_16
219,846f41bc-bad9-4d0c-8a37-589ced7abbd6,TXN_10219,MBR_180,ACCT_4293,20210708,449.69,D,5912,Target,Purchase at Target,SEQ_000219,20210708,BATCH_69
220,846f41bc-bad9-4d0c-8a37-589ced7abbd6,TXN_10220,MBR_102,ACCT_6992,20260117,107.83,D,5200,Costco,Purchase at Costco,SEQ_000220,20260117,BATCH_52
221,846f41bc-bad9-4d0c-8a37-589ced7abbd6,TXN_10221,MBR_137,ACCT_8850,20240831,270.54,D,5300,Starbucks,Purchase at Starbucks,SEQ_000221,20240831,BATCH_76
222,846f41bc-bad9-4d0c-8a37-589ced7abbd6,TXN_10222,MBR_127,ACCT_3903,20220716,725.67,C,5912,Starbucks,Purchase at Starbucks,SEQ_000222,20220716,BATCH_11
223,846f41bc-bad9-4d0c-8a37-589ced7abbd6,TXN_10223,MBR_115,ACCT_9187,20240429,315.8,D,5300,Walmart,Purchase at Walmart,SEQ_000223,20240429,BATCH_55
224,846f41bc-bad9-4d0c-8a37-589ced7abbd6,TXN_10224,MBR_187,ACCT_8698,20261212,467.67,C,5912,Starbucks,Purchase at Starbucks,SEQ_000224,20261212,BATCH_95
225,846f41bc-bad9-4d0c-8a37-589ced7abbd6,TXN_10225,MBR_173,ACCT_6056,20221207,527.98,C,5200,Starbucks,Purchase at Starbucks,SEQ_000225,20221207,BATCH_19
226,846f41bc-bad9-4d0c-8a37-589ced7abbd6,TXN_10226,MBR_140,ACCT_5644,20221225,38.49,D,5100,Target,Purchase at Target,SEQ_000226,20221225,BATCH_11
227,846f41bc-bad9-4d0c-8a37-589ced7abbd6,TXN_10227,MBR_165,ACCT_7016,20260330,741.13,C,5200,Target,Purchase at Target,SEQ_000227,20260330,BATCH_27
228,846f41bc-bad9-4d0c-8a37-589ced7abbd6,TXN_10228,MBR_101,ACCT_4564,20250622,330.03,C,5912,Walmart,Purchase at Walmart,SEQ_000228,20250622,BATCH_62
229,846f41bc-bad9-4d0c-8a37-589ced7abbd6,TXN_10229,MBR_164,ACCT_4454,20201113,362.82,C,5300,Starbucks,Purchase at Starbucks,SEQ_000229,20201113,BATCH_54
230,846f41bc-bad9-4d0c-8a37-589ced7abbd6,TXN_10230,MBR_197,ACCT_9866,20260621,56.19,D,5812,Walmart,Purchase at Walmart,SEQ_000230,20260621,BATCH_57
231,846f41bc-bad9-4d0c-8a37-589ced7abbd6,TXN_10231,MBR_128,ACCT_8336,20241026,559.98,C,5300,Costco,Purchase at Costco,SEQ_000231,20241026,BATCH_65
232,846f41bc-bad9-4d0c-8a37-589ced7abbd6,TXN_10232,MBR_123,ACCT_7418,20210214,581.85,C,5300,Amazon,Purchase at Amazon,SEQ_000232,20210214,BATCH_24
233,846f41bc-bad9-4d0c-8a37-589ced7abbd6,TXN_10233,MBR_182,ACCT_7412,20260125,702.91,D,5912,Chevron,Purchase at Chevron,SEQ_000233,20260125,BATCH_24
234,846f41bc-bad9-4d0c-8a37-589ced7abbd6,TXN_10234,MBR_144,ACCT_6427,20220916,481.15,D,5400,Target,Purchase at Target,SEQ_000234,20220916,BATCH_69
235,846f41bc-bad9-4d0c-8a37-589ced7abbd6,TXN_10235,MBR_161,ACCT_5431,20210111,166.86,C,5200,Walmart,Purchase at Walmart,SEQ_000235,20210111,BATCH_32
236,846f41bc-bad9-4d0c-8a37-589ced7abbd6,TXN_10236,MBR_116,ACCT_6663,20260908,468.61,C,5300,Walmart,Purchase at Walmart,SEQ_000236,20260908,BATCH_97
237,846f41bc-bad9-4d0c-8a37-589ced7abbd6,TXN_10237,MBR_115,ACCT_3756,20230613,413.19,C,5812,Starbucks,Purchase at Starbucks,SEQ_000237,20230613,BATCH_38
238,846f41bc-bad9-4d0c-8a37-589ced7abbd6,TXN_10238,MBR_124,ACCT_5529,20240428,252.55,C,5100,Target,Purchase at Target,SEQ_000238,20240428,BATCH_86
239,846f41bc-bad9-4d0c-8a37-589ced7abbd6,TXN_10239,MBR_111,ACCT_3290,20240417,704.5,D,5912,Starbucks,Purchase at Starbucks,SEQ_000239,20240417,BATCH_88
240,846f41bc-bad9-4d0c-8a37-589ced7abbd6,TXN_10240,MBR_146,ACCT_8386,20251226,252.3,C,5400,Target,Purchase at Target,SEQ_000240,20251226,BATCH_61
241,846f41bc-bad9-4d0c-8a37-589ced7abbd6,TXN_10241,MBR_182,ACCT_2616,20230711,377.22,C,5812,Chevron,Purchase at Chevron,SEQ_000241,20230711,BATCH_62
242,846f41bc-bad9-4d0c-8a37-589ced7abbd6,TXN_10242,MBR_135,ACCT_3611,20201117,47.4,D,5100,Chevron,Purchase at Chevron,SEQ_000242,20201117,BATCH_95
243,846f41bc-bad9-4d0c-8a37-589ced7abbd6,TXN_10243,MBR_107,ACCT_1238,20241204,86.35,D,5300,Walmart,Purchase at Walmart,SEQ_000243,20241204,BATCH_89
244,846f41bc-bad9-4d0c-8a37-589ced7abbd6,TXN_10244,MBR_152,ACCT_2664,20231222,598.44,D,5912,Chevron,Purchase at Chevron,SEQ_000244,20231222,BATCH_13
245,846f41bc-bad9-4d0c-8a37-589ced7abbd6,TXN_10245,MBR_194,ACCT_2035,20201101,52.51,D,5400,Target,Purchase at Target,SEQ_000245,20201101,BATCH_39
246,846f41bc-bad9-4d0c-8a37-589ced7abbd6,TXN_10246,MBR_161,ACCT_1798,20260823,54.49,C,5400,Starbucks,Purchase at Starbucks,SEQ_000246,20260823,BATCH_63
247,846f41bc-bad9-4d0c-8a37-589ced7abbd6,TXN_10247,MBR_175,ACCT_2731,20261015,48.42,D,5812,Amazon,Purchase at Amazon,SEQ_000247,20261015,BATCH_57
248,846f41bc-bad9-4d0c-8a37-589ced7abbd6,TXN_10248,MBR_116,ACCT_3409,20250613,397.39,C,5912,Starbucks,Purchase at Starbucks,SEQ_000248,20250613,BATCH_35
249,846f41bc-bad9-4d0c-8a37-589ced7abbd6,TXN_10249,MBR_118,ACCT_8726,20260725,72.05,D,5812,Starbucks,Purchase at Starbucks,SEQ_000249,20260725,BATCH_38
250,846f41bc-bad9-4d0c-8a37-589ced7abbd6,TXN_10250,MBR_150,ACCT_4262,20250208,383.3,C,5400,Amazon,Purchase at Amazon,SEQ_000250,20250208,BATCH_19
251,846f41bc-bad9-4d0c-8a37-589ced7abbd6,TXN_10251,MBR_177,ACCT_8187,20260811,88.91,C,5200,Target,Purchase at Target,SEQ_000251,20260811,BATCH_15
252,846f41bc-bad9-4d0c-8a37-589ced7abbd6,TXN_10252,MBR_128,ACCT_1811,20231216,732.05,C,5200,Target,Purchase at Target,SEQ_000252,20231216,BATCH_97
253,846f41bc-bad9-4d0c-8a37-589ced7abbd6,TXN_10253,MBR_141,ACCT_1501,20200607,372.09,D,5400,Target,Purchase at Target,SEQ_000253,20200607,BATCH_92
254,846f41bc-bad9-4d0c-8a37-589ced7abbd6,TXN_10254,MBR_158,ACCT_2002,20230314,64.51,C,5300,Amazon,Purchase at Amazon,SEQ_000254,20230314,BATCH_13
255,846f41bc-bad9-4d0c-8a37-589ced7abbd6,TXN_10255,MBR_142,ACCT_5917,20250526,537.47,C,5912,Amazon,Purchase at Amazon,SEQ_000255,20250526,BATCH_61
256,846f41bc-bad9-4d0c-8a37-589ced7abbd6,TXN_10256,MBR_143,ACCT_4195,20200322,24.9,D,5200,Target,Purchase at Target,SEQ_000256,20200322,BATCH_65
257,846f41bc-bad9-4d0c-8a37-589ced7abbd6,TXN_10257,MBR_153,ACCT_9667,20230307,84.63,D,5100,Chevron,Purchase at Chevron,SEQ_000257,20230307,BATCH_95
258,846f41bc-bad9-4d0c-8a37-589ced7abbd6,TXN_10258,MBR_156,ACCT_9029,20240919,87.13,D,5200,Costco,Purchase at Costco,SEQ_000258,20240919,BATCH_20
259,846f41bc-bad9-4d0c-8a37-589ced7abbd6,TXN_10259,MBR_123,ACCT_5408,20200822,336.59,C,5912,Walmart,Purchase at Walmart,SEQ_000259,20200822,BATCH_92
260,846f41bc-bad9-4d0c-8a37-589ced7abbd6,TXN_10260,MBR_187,ACCT_8936,20240512,384.84,D,5100,Chevron,Purchase at Chevron,SEQ_000260,20240512,BATCH_13
261,846f41bc-bad9-4d0c-8a37-589ced7abbd6,TXN_10261,MBR_107,ACCT_2835,20250918,253.32,C,5912,Costco,Purchase at Costco,SEQ_000261,20250918,BATCH_17
262,846f41bc-bad9-4d0c-8a37-589ced7abbd6,TXN_10262,MBR_129,ACCT_9740,20201101,363.5,C,5100,Starbucks,Purchase at Starbucks,SEQ_000262,20201101,BATCH_63
263,846f41bc-bad9-4d0c-8a37-589ced7abbd6,TXN_10263,MBR_134,ACCT_4419,20260810,429.19,C,5912,Starbucks,Purchase at Starbucks,SEQ_000263,20260810,BATCH_80
264,846f41bc-bad9-4d0c-8a37-589ced7abbd6,TXN_10264,MBR_130,ACCT_3348,20210219,566.92,C,5300,Costco,Purchase at Costco,SEQ_000264,20210219,BATCH_93
265,846f41bc-bad9-4d0c-8a37-589ced7abbd6,TXN_10265,MBR_129,ACCT_3981,20250830,244.27,C,5812,Costco,Purchase at Costco,SEQ_000265,20250830,BATCH_36
266,846f41bc-bad9-4d0c-8a37-589ced7abbd6,TXN_10266,MBR_173,ACCT_1401,20260612,505.96,D,5100,Walmart,Purchase at Walmart,SEQ_000266,20260612,BATCH_90
267,846f41bc-bad9-4d0c-8a37-589ced7abbd6,TXN_10267,MBR_117,ACCT_1835,20230206,626.49,D,5200,Costco,Purchase at Costco,SEQ_000267,20230206,BATCH_20
268,846f41bc-bad9-4d0c-8a37-589ced7abbd6,TXN_10268,MBR_140,ACCT_2147,20250622,190.25,D,5300,Amazon,Purchase at Amazon,SEQ_000268,20250622,BATCH_12
269,846f41bc-bad9-4d0c-8a37-589ced7abbd6,TXN_10269,MBR_172,ACCT_6338,20241007,264.07,C,5300,Chevron,Purchase at Chevron,SEQ_000269,20241007,BATCH_93
270,846f41bc-bad9-4d0c-8a37-589ced7abbd6,TXN_10270,MBR_183,ACCT_6171,20251116,154.66,C,5912,Walmart,Purchase at Walmart,SEQ_000270,20251116,BATCH_52
271,846f41bc-bad9-4d0c-8a37-589ced7abbd6,TXN_10271,MBR_142,ACCT_6705,20210223,592.62,C,5812,Costco,Purchase at Costco,SEQ_000271,20210223,BATCH_11
272,846f41bc-bad9-4d0c-8a37-589ced7abbd6,TXN_10272,MBR_177,ACCT_1795,20260919,55.96,D,5812,Starbucks,Purchase at Starbucks,SEQ_000272,20260919,BATCH_76
273,846f41bc-bad9-4d0c-8a37-589ced7abbd6,TXN_10273,MBR_198,ACCT_8865,20250120,366.53,D,5912,Amazon,Purchase at Amazon,SEQ_000273,20250120,BATCH_81
274,846f41bc-bad9-4d0c-8a37-589ced7abbd6,TXN_10274,MBR_180,ACCT_1786,20261115,417.58,D,5400,Costco,Purchase at Costco,SEQ_000274,20261115,BATCH_97
275,846f41bc-bad9-4d0c-8a37-589ced7abbd6,TXN_10275,MBR_150,ACCT_6725,20221229,405.22,D,5300,Amazon,Purchase at Amazon,SEQ_000275,20221229,BATCH_78
276,846f41bc-bad9-4d0c-8a37-589ced7abbd6,TXN_10276,MBR_152,ACCT_1217,20200710,695.98,C,5400,Costco,Purchase at Costco,SEQ_000276,20200710,BATCH_57
277,846f41bc-bad9-4d0c-8a37-589ced7abbd6,TXN_10277,MBR_154,ACCT_6500,20200601,299.53,C,5100,Amazon,Purchase at Amazon,SEQ_000277,20200601,BATCH_61
278,846f41bc-bad9-4d0c-8a37-589ced7abbd6,TXN_10278,MBR_101,ACCT_5552,20260403,274.51,C,5812,Chevron,Purchase at Chevron,SEQ_000278,20260403,BATCH_49
279,846f41bc-bad9-4d0c-8a37-589ced7abbd6,TXN_10279,MBR_110,ACCT_3012,20211026,391.66,D,5300,Walmart,Purchase at Walmart,SEQ_000279,20211026,BATCH_24
280,846f41bc-bad9-4d0c-8a37-589ced7abbd6,TXN_10280,MBR_147,ACCT_7695,20200729,488.57,D,5200,Target,Purchase at Target,SEQ_000280,20200729,BATCH_44
281,846f41bc-bad9-4d0c-8a37-589ced7abbd6,TXN_10281,MBR_105,ACCT_3317,20210609,473.29,C,5812,Amazon,Purchase at Amazon,SEQ_000281,20210609,BATCH_88
282,846f41bc-bad9-4d0c-8a37-589ced7abbd6,TXN_10282,MBR_199,ACCT_7023,20250710,105.67,D,5400,Target,Purchase at Target,SEQ_000282,20250710,BATCH_99
283,846f41bc-bad9-4d0c-8a37-589ced7abbd6,TXN_10283,MBR_165,ACCT_8842,20260819,54.88,C,5300,Chevron,Purchase at Chevron,SEQ_000283,20260819,BATCH_19
284,846f41bc-bad9-4d0c-8a37-589ced7abbd6,TXN_10284,MBR_177,ACCT_6338,20241008,12.04,C,5200,Costco,Purchase at Costco,SEQ_000284,20241008,BATCH_87
285,846f41bc-bad9-4d0c-8a37-589ced7abbd6,TXN_10285,MBR_125,ACCT_5429,20231014,298.34,D,5300,Costco,Purchase at Costco,SEQ_000285,20231014,BATCH_70
286,846f41bc-bad9-4d0c-8a37-589ced7abbd6,TXN_10286,MBR_173,ACCT_3305,20240914,37.39,C,5400,Starbucks,Purchase at Starbucks,SEQ_000286,20240914,BATCH_59
287,846f41bc-bad9-4d0c-8a37-589ced7abbd6,TXN_10287,MBR_155,ACCT_5064,20200308,539.44,D,5200,Amazon,Purchase at Amazon,SEQ_000287,20200308,BATCH_73
288,846f41bc-bad9-4d0c-8a37-589ced7abbd6,TXN_10288,MBR_154,ACCT_9800,20241029,235.11,D,5200,Amazon,Purchase at Amazon,SEQ_000288,20241029,BATCH_95
289,846f41bc-bad9-4d0c-8a37-589ced7abbd6,TXN_10289,MBR_137,ACCT_7794,20230417,422.95,D,5200,Starbucks,Purchase at Starbucks,SEQ_000289,20230417,BATCH_82
290,846f41bc-bad9-4d0c-8a37-589ced7abbd6,TXN_10290,MBR_108,ACCT_1748,20221122,736.47,C,5100,Costco,Purchase at Costco,SEQ_000290,20221122,BATCH_61
291,846f41bc-bad9-4d0c-8a37-589ced7abbd6,TXN_10291,MBR_180,ACCT_8570,20240616,467.5,C,5400,Starbucks,Purchase at Starbucks,SEQ_000291,20240616,BATCH_23
292,846f41bc-bad9-4d0c-8a37-589ced7abbd6,TXN_10292,MBR_180,ACCT_9891,20200111,641.59,C,5200,Amazon,Purchase at Amazon,SEQ_000292,20200111,BATCH_13
293,846f41bc-bad9-4d0c-8a37-589ced7abbd6,TXN_10293,MBR_126,ACCT_5336,20260603,21.78,C,5300,Costco,Purchase at Costco,SEQ_000293,20260603,BATCH_92
294,846f41bc-bad9-4d0c-8a37-589ced7abbd6,TXN_10294,MBR_108,ACCT_4117,20260414,535.88,D,5300,Chevron,Purchase at Chevron,SEQ_000294,20260414,BATCH_92
295,846f41bc-bad9-4d0c-8a37-589ced7abbd6,TXN_10295,MBR_147,ACCT_9193,20261215,714.86,D,5200,Amazon,Purchase at Amazon,SEQ_000295,20261215,BATCH_90
296,846f41bc-bad9-4d0c-8a37-589ced7abbd6,TXN_10296,MBR_170,ACCT_5040,20200128,235.49,D,5400,Costco,Purchase at Costco,SEQ_000296,20200128,BATCH_50
297,846f41bc-bad9-4d0c-8a37-589ced7abbd6,TXN_10297,MBR_133,ACCT_8959,20210818,83.8,D,5912,Walmart,Purchase at Walmart,SEQ_000297,20210818,BATCH_38
298,846f41bc-bad9-4d0c-8a37-589ced7abbd6,TXN_10298,MBR_127,ACCT_3513,20241026,661.71,C,5200,Target,Purchase at Target,SEQ_000298,20241026,BATCH_85
299,846f41bc-bad9-4d0c-8a37-589ced7abbd6,TXN_10299,MBR_182,ACCT_1722,20201015,520.61,D,5300,Starbucks,Purchase at Starbucks,SEQ_000299,20201015,BATCH_58
300,846f41bc-bad9-4d0c-8a37-589ced7abbd6,TXN_10300,MBR_105,ACCT_2354,20220910,547.97,D,5400,Starbucks,Purchase at Starbucks,SEQ_000300,20220910,BATCH_20
301,846f41bc-bad9-4d0c-8a37-589ced7abbd6,TXN_10301,MBR_180,ACCT_6143,20220725,376.87,D,5812,Amazon,Purchase at Amazon,SEQ_000301,20220725,BATCH_13
302,846f41bc-bad9-4d0c-8a37-589ced7abbd6,TXN_10302,MBR_189,ACCT_7575,20250509,399.72,D,5200,Costco,Purchase at Costco,SEQ_000302,20250509,BATCH_57
303,846f41bc-bad9-4d0c-8a37-589ced7abbd6,TXN_10303,MBR_130,ACCT_4863,20240221,368.35,C,5200,Target,Purchase at Target,SEQ_000303,20240221,BATCH_51
304,846f41bc-bad9-4d0c-8a37-589ced7abbd6,TXN_10304,MBR_175,ACCT_8903,20210915,154.08,C,5300,Starbucks,Purchase at Starbucks,SEQ_000304,20210915,BATCH_78
305,846f41bc-bad9-4d0c-8a37-589ced7abbd6,TXN_10305,MBR_181,ACCT_1658,20200520,311.17,D,5912,Walmart,Purchase at Walmart,SEQ_000305,20200520,BATCH_85
306,846f41bc-bad9-4d0c-8a37-589ced7abbd6,TXN_10306,MBR_111,ACCT_3632,20211213,277.92,C,5812,Starbucks,Purchase at Starbucks,SEQ_000306,20211213,BATCH_12
307,846f41bc-bad9-4d0c-8a37-589ced7abbd6,TXN_10307,MBR_104,ACCT_2046,20221205,85.53,D,5812,Costco,Purchase at Costco,SEQ_000307,20221205,BATCH_57
308,846f41bc-bad9-4d0c-8a37-589ced7abbd6,TXN_10308,MBR_196,ACCT_9688,20210801,688.16,C,5812,Amazon,Purchase at Amazon,SEQ_000308,20210801,BATCH_54
309,846f41bc-bad9-4d0c-8a37-589ced7abbd6,TXN_10309,MBR_144,ACCT_9429,20250421,731.86,C,5200,Amazon,Purchase at Amazon,SEQ_000309,20250421,BATCH_60
310,846f41bc-bad9-4d0c-8a37-589ced7abbd6,TXN_10310,MBR_172,ACCT_2450,20260624,137.83,D,5300,Amazon,Purchase at Amazon,SEQ_000310,20260624,BATCH_37
311,846f41bc-bad9-4d0c-8a37-589ced7abbd6,TXN_10311,MBR_148,ACCT_6628,20240914,190.14,D,5200,Target,Purchase at Target,SEQ_000311,20240914,BATCH_61
312,846f41bc-bad9-4d0c-8a37-589ced7abbd6,TXN_10312,MBR_175,ACCT_3450,20220823,728.55,D,5912,Target,Purchase at Target,SEQ_000312,20220823,BATCH_78
313,846f41bc-bad9-4d0c-8a37-589ced7abbd6,TXN_10313,MBR_165,ACCT_1207,20201220,479.64,C,5300,Chevron,Purchase at Chevron,SEQ_000313,20201220,BATCH_37
314,846f41bc-bad9-4d0c-8a37-589ced7abbd6,TXN_10314,MBR_158,ACCT_9963,20251118,315.23,D,5812,Costco,Purchase at Costco,SEQ_000314,20251118,BATCH_77
315,846f41bc-bad9-4d0c-8a37-589ced7abbd6,TXN_10315,MBR_109,ACCT_8611,20220202,733.21,D,5300,Chevron,Purchase at Chevron,SEQ_000315,20220202,BATCH_69
316,846f41bc-bad9-4d0c-8a37-589ced7abbd6,TXN_10316,MBR_166,ACCT_8621,20200101,614.99,C,5400,Chevron,Purchase at Chevron,SEQ_000316,20200101,BATCH_91
317,846f41bc-bad9-4d0c-8a37-589ced7abbd6,TXN_10317,MBR_104,ACCT_5025,20260515,523.19,D,5912,Chevron,Purchase at Chevron,SEQ_000317,20260515,BATCH_68
318,846f41bc-bad9-4d0c-8a37-589ced7abbd6,TXN_10318,MBR_140,ACCT_7415,20260701,337.86,D,5812,Amazon,Purchase at Amazon,SEQ_000318,20260701,BATCH_29
319,846f41bc-bad9-4d0c-8a37-589ced7abbd6,TXN_10319,MBR_193,ACCT_4371,20210221,708.9,C,5812,Chevron,Purchase at Chevron,SEQ_000319,20210221,BATCH_32
320,846f41bc-bad9-4d0c-8a37-589ced7abbd6,TXN_10320,MBR_109,ACCT_6150,20260627,459.0,D,5100,Costco,Purchase at Costco,SEQ_000320,20260627,BATCH_34
321,846f41bc-bad9-4d0c-8a37-589ced7abbd6,TXN_10321,MBR_188,ACCT_4807,20231107,400.3,D,5100,Chevron,Purchase at Chevron,SEQ_000321,20231107,BATCH_26
322,846f41bc-bad9-4d0c-8a37-589ced7abbd6,TXN_10322,MBR_199,ACCT_2058,20241027,153.99,C,5812,Target,Purchase at Target,SEQ_000322,20241027,BATCH_82
323,846f41bc-bad9-4d0c-8a37-589ced7abbd6,TXN_10323,MBR_127,ACCT_1944,20201027,660.62,D,5912,Costco,Purchase at Costco,SEQ_000323,20201027,BATCH_49
324,846f41bc-bad9-4d0c-8a37-589ced7abbd6,TXN_10324,MBR_163,ACCT_3920,20220503,568.0,C,5812,Amazon,Purchase at Amazon,SEQ_000324,20220503,BATCH_73
325,846f41bc-bad9-4d0c-8a37-589ced7abbd6,TXN_10325,MBR_120,ACCT_2077,20220503,748.98,D,5200,Starbucks,Purchase at Starbucks,SEQ_000325,20220503,BATCH_59
326,846f41bc-bad9-4d0c-8a37-589ced7abbd6,TXN_10326,MBR_160,ACCT_4444,20250703,711.51,D,5300,Target,Purchase at Target,SEQ_000326,20250703,BATCH_91
327,846f41bc-bad9-4d0c-8a37-589ced7abbd6,TXN_10327,MBR_115,ACCT_1404,20200514,537.12,C,5300,Starbucks,Purchase at Starbucks,SEQ_000327,20200514,BATCH_25
328,846f41bc-bad9-4d0c-8a37-589ced7abbd6,TXN_10328,MBR_134,ACCT_8029,20200216,669.67,D,5400,Target,Purchase at Target,SEQ_000328,20200216,BATCH_47
329,846f41bc-bad9-4d0c-8a37-589ced7abbd6,TXN_10329,MBR_178,ACCT_5671,20260925,627.05,C,5812,Costco,Purchase at Costco,SEQ_000329,20260925,BATCH_28
330,846f41bc-bad9-4d0c-8a37-589ced7abbd6,TXN_10330,MBR_129,ACCT_9710,20251114,423.69,D,5100,Walmart,Purchase at Walmart,SEQ_000330,20251114,BATCH_61
331,846f41bc-bad9-4d0c-8a37-589ced7abbd6,TXN_10331,MBR_167,ACCT_8968,20220406,728.97,D,5100,Walmart,Purchase at Walmart,SEQ_000331,20220406,BATCH_18
332,846f41bc-bad9-4d0c-8a37-589ced7abbd6,TXN_10332,MBR_103,ACCT_9185,20240803,581.04,C,5200,Costco,Purchase at Costco,SEQ_000332,20240803,BATCH_80
333,846f41bc-bad9-4d0c-8a37-589ced7abbd6,TXN_10333,MBR_111,ACCT_1806,20261128,670.86,D,5400,Starbucks,Purchase at Starbucks,SEQ_000333,20261128,BATCH_50
334,846f41bc-bad9-4d0c-8a37-589ced7abbd6,TXN_10334,MBR_115,ACCT_9078,20250824,322.43,C,5812,Starbucks,Purchase at Starbucks,SEQ_000334,20250824,BATCH_24
335,846f41bc-bad9-4d0c-8a37-589ced7abbd6,TXN_10335,MBR_198,ACCT_3304,20250314,242.54,C,5400,Costco,Purchase at Costco,SEQ_000335,20250314,BATCH_89
336,846f41bc-bad9-4d0c-8a37-589ced7abbd6,TXN_10336,MBR_161,ACCT_1966,20231025,503.42,C,5100,Costco,Purchase at Costco,SEQ_000336,20231025,BATCH_22
337,846f41bc-bad9-4d0c-8a37-589ced7abbd6,TXN_10337,MBR_183,ACCT_4674,20220412,632.29,D,5912,Target,Purchase at Target,SEQ_000337,20220412,BATCH_57
338,846f41bc-bad9-4d0c-8a37-589ced7abbd6,TXN_10338,MBR_163,ACCT_2009,20231228,273.88,C,5812,Target,Purchase at Target,SEQ_000338,20231228,BATCH_20
339,846f41bc-bad9-4d0c-8a37-589ced7abbd6,TXN_10339,MBR_191,ACCT_2621,20260702,273.4,D,5200,Amazon,Purchase at Amazon,SEQ_000339,20260702,BATCH_57
340,846f41bc-bad9-4d0c-8a37-589ced7abbd6,TXN_10340,MBR_186,ACCT_6681,20210116,127.08,C,5400,Walmart,Purchase at Walmart,SEQ_000340,20210116,BATCH_45
341,846f41bc-bad9-4d0c-8a37-589ced7abbd6,TXN_10341,MBR_102,ACCT_3294,20231127,154.62,C,5100,Target,Purchase at Target,SEQ_000341,20231127,BATCH_57
342,846f41bc-bad9-4d0c-8a37-589ced7abbd6,TXN_10342,MBR_180,ACCT_1570,20210105,608.99,D,5400,Costco,Purchase at Costco,SEQ_000342,20210105,BATCH_81
343,846f41bc-bad9-4d0c-8a37-589ced7abbd6,TXN_10343,MBR_140,ACCT_4805,20250830,670.91,D,5300,Target,Purchase at Target,SEQ_000343,20250830,BATCH_65
344,846f41bc-bad9-4d0c-8a37-589ced7abbd6,TXN_10344,MBR_163,ACCT_9713,20200521,431.26,C,5200,Target,Purchase at Target,SEQ_000344,20200521,BATCH_48
345,846f41bc-bad9-4d0c-8a37-589ced7abbd6,TXN_10345,MBR_124,ACCT_4391,20230205,294.3,C,5400,Target,Purchase at Target,SEQ_000345,20230205,BATCH_65
346,846f41bc-bad9-4d0c-8a37-589ced7abbd6,TXN_10346,MBR_125,ACCT_1896,20210502,38.96,D,5100,Chevron,Purchase at Chevron,SEQ_000346,20210502,BATCH_48
347,846f41bc-bad9-4d0c-8a37-589ced7abbd6,TXN_10347,MBR_169,ACCT_2736,20210114,287.25,D,5100,Target,Purchase at Target,SEQ_000347,20210114,BATCH_30
348,846f41bc-bad9-4d0c-8a37-589ced7abbd6,TXN_10348,MBR_105,ACCT_7058,20261202,578.72,D,5400,Target,Purchase at Target,SEQ_000348,20261202,BATCH_46
349,846f41bc-bad9-4d0c-8a37-589ced7abbd6,TXN_10349,MBR_147,ACCT_2473,20241208,725.28,C,5812,Amazon,Purchase at Amazon,SEQ_000349,20241208,BATCH_32
350,846f41bc-bad9-4d0c-8a37-589ced7abbd6,TXN_10350,MBR_101,ACCT_6198,20231226,191.6,D,5200,Walmart,Purchase at Walmart,SEQ_000350,20231226,BATCH_50
351,846f41bc-bad9-4d0c-8a37-589ced7abbd6,TXN_10351,MBR_101,ACCT_3556,20240512,505.27,D,5400,Starbucks,Purchase at Starbucks,SEQ_000351,20240512,BATCH_72
352,846f41bc-bad9-4d0c-8a37-589ced7abbd6,TXN_10352,MBR_192,ACCT_6583,20260514,53.4,D,5400,Chevron,Purchase at Chevron,SEQ_000352,20260514,BATCH_29
353,846f41bc-bad9-4d0c-8a37-589ced7abbd6,TXN_10353,MBR_163,ACCT_1553,20241109,612.64,D,5400,Walmart,Purchase at Walmart,SEQ_000353,20241109,BATCH_52
354,846f41bc-bad9-4d0c-8a37-589ced7abbd6,TXN_10354,MBR_113,ACCT_1581,20260507,119.67,D,5200,Amazon,Purchase at Amazon,SEQ_000354,20260507,BATCH_60
355,846f41bc-bad9-4d0c-8a37-589ced7abbd6,TXN_10355,MBR_141,ACCT_3783,20261220,160.49,C,5400,Target,Purchase at Target,SEQ_000355,20261220,BATCH_57
356,846f41bc-bad9-4d0c-8a37-589ced7abbd6,TXN_10356,MBR_193,ACCT_1437,20210830,42.1,D,5100,Target,Purchase at Target,SEQ_000356,20210830,BATCH_12
357,846f41bc-bad9-4d0c-8a37-589ced7abbd6,TXN_10357,MBR_179,ACCT_9802,20261012,475.88,D,5912,Starbucks,Purchase at Starbucks,SEQ_000357,20261012,BATCH_39
358,846f41bc-bad9-4d0c-8a37-589ced7abbd6,TXN_10358,MBR_157,ACCT_9917,20260426,167.68,D,5200,Starbucks,Purchase at Starbucks,SEQ_000358,20260426,BATCH_23
359,846f41bc-bad9-4d0c-8a37-589ced7abbd6,TXN_10359,MBR_114,ACCT_5100,20250112,581.64,D,5812,Chevron,Purchase at Chevron,SEQ_000359,20250112,BATCH_76
360,846f41bc-bad9-4d0c-8a37-589ced7abbd6,TXN_10360,MBR_136,ACCT_6139,20251127,182.37,C,5100,Starbucks,Purchase at Starbucks,SEQ_000360,20251127,BATCH_56
361,846f41bc-bad9-4d0c-8a37-589ced7abbd6,TXN_10361,MBR_185,ACCT_7095,20260122,543.09,D,5300,Amazon,Purchase at Amazon,SEQ_000361,20260122,BATCH_90
362,846f41bc-bad9-4d0c-8a37-589ced7abbd6,TXN_10362,MBR_128,ACCT_6332,20210206,749.05,C,5400,Target,Purchase at Target,SEQ_000362,20210206,BATCH_83
363,846f41bc-bad9-4d0c-8a37-589ced7abbd6,TXN_10363,MBR_120,ACCT_2612,20220512,432.88,D,5100,Costco,Purchase at Costco,SEQ_000363,20220512,BATCH_70
364,846f41bc-bad9-4d0c-8a37-589ced7abbd6,TXN_10364,MBR_183,ACCT_2913,20211010,537.4,D,5400,Walmart,Purchase at Walmart,SEQ_000364,20211010,BATCH_12
365,846f41bc-bad9-4d0c-8a37-589ced7abbd6,TXN_10365,MBR_174,ACCT_9058,20220319,343.6,C,5100,Walmart,Purchase at Walmart,SEQ_000365,20220319,BATCH_95
366,846f41bc-bad9-4d0c-8a37-589ced7abbd6,TXN_10366,MBR_157,ACCT_6961,20250913,188.29,D,5912,Chevron,Purchase at Chevron,SEQ_000366,20250913,BATCH_16
367,846f41bc-bad9-4d0c-8a37-589ced7abbd6,TXN_10367,MBR_121,ACCT_2042,20211129,217.13,D,5300,Amazon,Purchase at Amazon,SEQ_000367,20211129,BATCH_27
368,846f41bc-bad9-4d0c-8a37-589ced7abbd6,TXN_10368,MBR_174,ACCT_3180,20240719,164.74,D,5300,Walmart,Purchase at Walmart,SEQ_000368,20240719,BATCH_26
369,846f41bc-bad9-4d0c-8a37-589ced7abbd6,TXN_10369,MBR_145,ACCT_6794,20200914,577.96,D,5200,Starbucks,Purchase at Starbucks,SEQ_000369,20200914,BATCH_28
370,846f41bc-bad9-4d0c-8a37-589ced7abbd6,TXN_10370,MBR_126,ACCT_9891,20230111,615.87,C,5812,Starbucks,Purchase at Starbucks,SEQ_000370,20230111,BATCH_10
371,846f41bc-bad9-4d0c-8a37-589ced7abbd6,TXN_10371,MBR_104,ACCT_1124,20251021,506.49,C,5100,Costco,Purchase at Costco,SEQ_000371,20251021,BATCH_37
372,846f41bc-bad9-4d0c-8a37-589ced7abbd6,TXN_10372,MBR_104,ACCT_3650,20210831,251.75,C,5100,Costco,Purchase at Costco,SEQ_000372,20210831,BATCH_43
373,846f41bc-bad9-4d0c-8a37-589ced7abbd6,TXN_10373,MBR_163,ACCT_8737,20230104,199.85,C,5912,Walmart,Purchase at Walmart,SEQ_000373,20230104,BATCH_40
374,846f41bc-bad9-4d0c-8a37-589ced7abbd6,TXN_10374,MBR_142,ACCT_1763,20260112,472.51,C,5400,Starbucks,Purchase at Starbucks,SEQ_000374,20260112,BATCH_64
375,846f41bc-bad9-4d0c-8a37-589ced7abbd6,TXN_10375,MBR_153,ACCT_2032,20260205,241.65,D,5400,Starbucks,Purchase at Starbucks,SEQ_000375,20260205,BATCH_33
376,846f41bc-bad9-4d0c-8a37-589ced7abbd6,TXN_10376,MBR_124,ACCT_8179,20210817,106.13,C,5812,Target,Purchase at Target,SEQ_000376,20210817,BATCH_31
377,846f41bc-bad9-4d0c-8a37-589ced7abbd6,TXN_10377,MBR_187,ACCT_8939,20230501,594.89,D,5912,Amazon,Purchase at Amazon,SEQ_000377,20230501,BATCH_30
378,846f41bc-bad9-4d0c-8a37-589ced7abbd6,TXN_10378,MBR_127,ACCT_9272,20220908,82.48,C,5300,Target,Purchase at Target,SEQ_000378,20220908,BATCH_93
379,846f41bc-bad9-4d0c-8a37-589ced7abbd6,TXN_10379,MBR_146,ACCT_2525,20240326,359.12,D,5812,Chevron,Purchase at Chevron,SEQ_000379,20240326,BATCH_52
380,846f41bc-bad9-4d0c-8a37-589ced7abbd6,TXN_10380,MBR_155,ACCT_3507,20210716,129.57,D,5812,Chevron,Purchase at Chevron,SEQ_000380,20210716,BATCH_60
381,846f41bc-bad9-4d0c-8a37-589ced7abbd6,TXN_10381,MBR_175,ACCT_5503,20220413,548.29,D,5912,Walmart,Purchase at Walmart,SEQ_000381,20220413,BATCH_38
382,846f41bc-bad9-4d0c-8a37-589ced7abbd6,TXN_10382,MBR_126,ACCT_7244,20230514,235.75,D,5100,Costco,Purchase at Costco,SEQ_000382,20230514,BATCH_95
383,846f41bc-bad9-4d0c-8a37-589ced7abbd6,TXN_10383,MBR_119,ACCT_4282,20260818,706.65,C,5300,Amazon,Purchase at Amazon,SEQ_000383,20260818,BATCH_78
384,846f41bc-bad9-4d0c-8a37-589ced7abbd6,TXN_10384,MBR_120,ACCT_3500,20250223,360.35,D,5200,Starbucks,Purchase at Starbucks,SEQ_000384,20250223,BATCH_12
385,846f41bc-bad9-4d0c-8a37-589ced7abbd6,TXN_10385,MBR_143,ACCT_8124,20210605,264.69,C,5100,Starbucks,Purchase at Starbucks,SEQ_000385,20210605,BATCH_67
386,846f41bc-bad9-4d0c-8a37-589ced7abbd6,TXN_10386,MBR_155,ACCT_1266,20230402,97.22,C,5200,Walmart,Purchase at Walmart,SEQ_000386,20230402,BATCH_89
387,846f41bc-bad9-4d0c-8a37-589ced7abbd6,TXN_10387,MBR_183,ACCT_3832,20260827,19.49,C,5400,Chevron,Purchase at Chevron,SEQ_000387,20260827,BATCH_20
388,846f41bc-bad9-4d0c-8a37-589ced7abbd6,TXN_10388,MBR_140,ACCT_9689,20251123,578.2,D,5100,Target,Purchase at Target,SEQ_000388,20251123,BATCH_27
389,846f41bc-bad9-4d0c-8a37-589ced7abbd6,TXN_10389,MBR_175,ACCT_5511,20200107,460.4,C,5400,Starbucks,Purchase at Starbucks,SEQ_000389,20200107,BATCH_10
390,846f41bc-bad9-4d0c-8a37-589ced7abbd6,TXN_10390,MBR_151,ACCT_8335,20240426,578.32,C,5100,Walmart,Purchase at Walmart,SEQ_000390,20240426,BATCH_75
391,846f41bc-bad9-4d0c-8a37-589ced7abbd6,TXN_10391,MBR_138,ACCT_6535,20260626,46.02,C,5812,Target,Purchase at Target,SEQ_000391,20260626,BATCH_97
392,846f41bc-bad9-4d0c-8a37-589ced7abbd6,TXN_10392,MBR_165,ACCT_3873,20240410,688.58,D,5200,Costco,Purchase at Costco,SEQ_000392,20240410,BATCH_67
393,846f41bc-bad9-4d0c-8a37-589ced7abbd6,TXN_10393,MBR_109,ACCT_8066,20221017,612.23,C,5912,Target,Purchase at Target,SEQ_000393,20221017,BATCH_80
394,846f41bc-bad9-4d0c-8a37-589ced7abbd6,TXN_10394,MBR_131,ACCT_4529,20200502,242.37,D,5812,Target,Purchase at Target,SEQ_000394,20200502,BATCH_66
395,846f41bc-bad9-4d0c-8a37-589ced7abbd6,TXN_10395,MBR_157,ACCT_8470,20241220,649.78,D,5812,Starbucks,Purchase at Starbucks,SEQ_000395,20241220,BATCH_62
396,846f41bc-bad9-4d0c-8a37-589ced7abbd6,TXN_10396,MBR_173,ACCT_5717,20230407,67.11,C,5300,Amazon,Purchase at Amazon,SEQ_000396,20230407,BATCH_94
397,846f41bc-bad9-4d0c-8a37-589ced7abbd6,TXN_10397,MBR_174,ACCT_7410,20200929,465.61,C,5100,Chevron,Purchase at Chevron,SEQ_000397,20200929,BATCH_81
398,846f41bc-bad9-4d0c-8a37-589ced7abbd6,TXN_10398,MBR_127,ACCT_4280,20230609,276.31,C,5812,Target,Purchase at Target,SEQ_000398,20230609,BATCH_98
399,846f41bc-bad9-4d0c-8a37-589ced7abbd6,TXN_10399,MBR_196,ACCT_6432,20241107,31.12,D,5300,Chevron,Purchase at Chevron,SEQ_000399,20241107,BATCH_50
400,846f41bc-bad9-4d0c-8a37-589ced7abbd6,TXN_10400,MBR_121,ACCT_8243,20211229,610.09,D,5300,Target,Purchase at Target,SEQ_000400,20211229,BATCH_67
401,846f41bc-bad9-4d0c-8a37-589ced7abbd6,TXN_10401,MBR_162,ACCT_3991,20241204,382.72,C,5200,Walmart,Purchase at Walmart,SEQ_000401,20241204,BATCH_61
402,846f41bc-bad9-4d0c-8a37-589ced7abbd6,TXN_10402,MBR_115,ACCT_5414,20230113,384.99,D,5300,Walmart,Purchase at Walmart,SEQ_000402,20230113,BATCH_43
403,846f41bc-bad9-4d0c-8a37-589ced7abbd6,TXN_10403,MBR_109,ACCT_9660,20231225,83.32,D,5400,Walmart,Purchase at Walmart,SEQ_000403,20231225,BATCH_18
404,846f41bc-bad9-4d0c-8a37-589ced7abbd6,TXN_10404,MBR_152,ACCT_9837,20200424,725.61,C,5200,Target,Purchase at Target,SEQ_000404,20200424,BATCH_89
405,846f41bc-bad9-4d0c-8a37-589ced7abbd6,TXN_10405,MBR_180,ACCT_1946,20221028,32.75,C,5812,Target,Purchase at Target,SEQ_000405,20221028,BATCH_34
406,846f41bc-bad9-4d0c-8a37-589ced7abbd6,TXN_10406,MBR_168,ACCT_8297,20230123,268.94,C,5200,Chevron,Purchase at Chevron,SEQ_000406,20230123,BATCH_69
407,846f41bc-bad9-4d0c-8a37-589ced7abbd6,TXN_10407,MBR_197,ACCT_7122,20230215,638.33,C,5812,Chevron,Purchase at Chevron,SEQ_000407,20230215,BATCH_54
408,846f41bc-bad9-4d0c-8a37-589ced7abbd6,TXN_10408,MBR_147,ACCT_8644,20240501,301.88,C,5200,Costco,Purchase at Costco,SEQ_000408,20240501,BATCH_44
409,846f41bc-bad9-4d0c-8a37-589ced7abbd6,TXN_10409,MBR_106,ACCT_1001,20241203,63.39,C,5200,Costco,Purchase at Costco,SEQ_000409,20241203,BATCH_46
410,846f41bc-bad9-4d0c-8a37-589ced7abbd6,TXN_10410,MBR_120,ACCT_1789,20210902,581.52,C,5400,Costco,Purchase at Costco,SEQ_000410,20210902,BATCH_30
411,846f41bc-bad9-4d0c-8a37-589ced7abbd6,TXN_10411,MBR_181,ACCT_4585,20200826,347.78,C,5200,Chevron,Purchase at Chevron,SEQ_000411,20200826,BATCH_89
412,846f41bc-bad9-4d0c-8a37-589ced7abbd6,TXN_10412,MBR_196,ACCT_5999,20210517,181.8,C,5300,Chevron,Purchase at Chevron,SEQ_000412,20210517,BATCH_27
413,846f41bc-bad9-4d0c-8a37-589ced7abbd6,TXN_10413,MBR_136,ACCT_1812,20241227,713.3,D,5812,Amazon,Purchase at Amazon,SEQ_000413,20241227,BATCH_79
414,846f41bc-bad9-4d0c-8a37-589ced7abbd6,TXN_10414,MBR_170,ACCT_9699,20210105,505.21,C,5912,Chevron,Purchase at Chevron,SEQ_000414,20210105,BATCH_73
415,846f41bc-bad9-4d0c-8a37-589ced7abbd6,TXN_10415,MBR_188,ACCT_9659,20230216,554.82,C,5912,Costco,Purchase at Costco,SEQ_000415,20230216,BATCH_45
416,846f41bc-bad9-4d0c-8a37-589ced7abbd6,TXN_10416,MBR_172,ACCT_4779,20200308,237.28,D,5100,Amazon,Purchase at Amazon,SEQ_000416,20200308,BATCH_78
417,846f41bc-bad9-4d0c-8a37-589ced7abbd6,TXN_10417,MBR_106,ACCT_1526,20211108,579.22,D,5400,Starbucks,Purchase at Starbucks,SEQ_000417,20211108,BATCH_37
418,846f41bc-bad9-4d0c-8a37-589ced7abbd6,TXN_10418,MBR_197,ACCT_2037,20260822,408.79,D,5400,Amazon,Purchase at Amazon,SEQ_000418,20260822,BATCH_38
419,846f41bc-bad9-4d0c-8a37-589ced7abbd6,TXN_10419,MBR_114,ACCT_6862,20201127,235.71,D,5400,Target,Purchase at Target,SEQ_000419,20201127,BATCH_89
420,846f41bc-bad9-4d0c-8a37-589ced7abbd6,TXN_10420,MBR_119,ACCT_5908,20221226,734.69,D,5912,Amazon,Purchase at Amazon,SEQ_000420,20221226,BATCH_62
421,846f41bc-bad9-4d0c-8a37-589ced7abbd6,TXN_10421,MBR_188,ACCT_6547,20230819,131.52,C,5200,Walmart,Purchase at Walmart,SEQ_000421,20230819,BATCH_37
422,846f41bc-bad9-4d0c-8a37-589ced7abbd6,TXN_10422,MBR_128,ACCT_8261,20210529,509.72,C,5912,Costco,Purchase at Costco,SEQ_000422,20210529,BATCH_37
423,846f41bc-bad9-4d0c-8a37-589ced7abbd6,TXN_10423,MBR_191,ACCT_7879,20220425,169.16,D,5100,Walmart,Purchase at Walmart,SEQ_000423,20220425,BATCH_57
424,846f41bc-bad9-4d0c-8a37-589ced7abbd6,TXN_10424,MBR_111,ACCT_2977,20220401,29.86,C,5912,Starbucks,Purchase at Starbucks,SEQ_000424,20220401,BATCH_23
425,846f41bc-bad9-4d0c-8a37-589ced7abbd6,TXN_10425,MBR_163,ACCT_1540,20221020,288.25,D,5400,Starbucks,Purchase at Starbucks,SEQ_000425,20221020,BATCH_79
426,846f41bc-bad9-4d0c-8a37-589ced7abbd6,TXN_10426,MBR_198,ACCT_5148,20250804,428.63,C,5400,Costco,Purchase at Costco,SEQ_000426,20250804,BATCH_94
427,846f41bc-bad9-4d0c-8a37-589ced7abbd6,TXN_10427,MBR_179,ACCT_9801,20201127,619.9,D,5812,Walmart,Purchase at Walmart,SEQ_000427,20201127,BATCH_77
428,846f41bc-bad9-4d0c-8a37-589ced7abbd6,TXN_10428,MBR_140,ACCT_3529,20251126,70.78,C,5200,Walmart,Purchase at Walmart,SEQ_000428,20251126,BATCH_44
429,846f41bc-bad9-4d0c-8a37-589ced7abbd6,TXN_10429,MBR_178,ACCT_1656,20241222,16.51,D,5300,Amazon,Purchase at Amazon,SEQ_000429,20241222,BATCH_16
430,846f41bc-bad9-4d0c-8a37-589ced7abbd6,TXN_10430,MBR_109,ACCT_9341,20241231,491.65,C,5400,Costco,Purchase at Costco,SEQ_000430,20241231,BATCH_59
431,846f41bc-bad9-4d0c-8a37-589ced7abbd6,TXN_10431,MBR_197,ACCT_4082,20220315,670.99,D,5400,Amazon,Purchase at Amazon,SEQ_000431,20220315,BATCH_73
432,846f41bc-bad9-4d0c-8a37-589ced7abbd6,TXN_10432,MBR_165,ACCT_2362,20221201,283.13,D,5300,Amazon,Purchase at Amazon,SEQ_000432,20221201,BATCH_11
433,846f41bc-bad9-4d0c-8a37-589ced7abbd6,TXN_10433,MBR_187,ACCT_7429,20200927,126.34,D,5400,Costco,Purchase at Costco,SEQ_000433,20200927,BATCH_38
434,846f41bc-bad9-4d0c-8a37-589ced7abbd6,TXN_10434,MBR_192,ACCT_9330,20210924,108.95,D,5812,Costco,Purchase at Costco,SEQ_000434,20210924,BATCH_86
435,846f41bc-bad9-4d0c-8a37-589ced7abbd6,TXN_10435,MBR_159,ACCT_8470,20200616,638.04,D,5812,Chevron,Purchase at Chevron,SEQ_000435,20200616,BATCH_87
436,846f41bc-bad9-4d0c-8a37-589ced7abbd6,TXN_10436,MBR_197,ACCT_7337,20230523,677.91,C,5912,Walmart,Purchase at Walmart,SEQ_000436,20230523,BATCH_69
437,846f41bc-bad9-4d0c-8a37-589ced7abbd6,TXN_10437,MBR_129,ACCT_5093,20230603,720.27,D,5400,Walmart,Purchase at Walmart,SEQ_000437,20230603,BATCH_20
438,846f41bc-bad9-4d0c-8a37-589ced7abbd6,TXN_10438,MBR_102,ACCT_5508,20201015,611.32,C,5100,Amazon,Purchase at Amazon,SEQ_000438,20201015,BATCH_12
439,846f41bc-bad9-4d0c-8a37-589ced7abbd6,TXN_10439,MBR_166,ACCT_1382,20250424,720.33,D,5400,Walmart,Purchase at Walmart,SEQ_000439,20250424,BATCH_13
440,846f41bc-bad9-4d0c-8a37-589ced7abbd6,TXN_10440,MBR_148,ACCT_7878,20210423,392.3,C,5812,Starbucks,Purchase at Starbucks,SEQ_000440,20210423,BATCH_60
441,846f41bc-bad9-4d0c-8a37-589ced7abbd6,TXN_10441,MBR_165,ACCT_7173,20200301,714.21,C,5400,Walmart,Purchase at Walmart,SEQ_000441,20200301,BATCH_17
442,846f41bc-bad9-4d0c-8a37-589ced7abbd6,TXN_10442,MBR_102,ACCT_4188,20230703,468.29,D,5300,Chevron,Purchase at Chevron,SEQ_000442,20230703,BATCH_29
443,846f41bc-bad9-4d0c-8a37-589ced7abbd6,TXN_10443,MBR_158,ACCT_5246,20230110,106.18,C,5400,Chevron,Purchase at Chevron,SEQ_000443,20230110,BATCH_53
444,846f41bc-bad9-4d0c-8a37-589ced7abbd6,TXN_10444,MBR_197,ACCT_3878,20250525,240.06,C,5200,Target,Purchase at Target,SEQ_000444,20250525,BATCH_50
445,846f41bc-bad9-4d0c-8a37-589ced7abbd6,TXN_10445,MBR_126,ACCT_3979,20210116,366.6,D,5300,Amazon,Purchase at Amazon,SEQ_000445,20210116,BATCH_48
446,846f41bc-bad9-4d0c-8a37-589ced7abbd6,TXN_10446,MBR_175,ACCT_9824,20230504,64.74,C,5400,Walmart,Purchase at Walmart,SEQ_000446,20230504,BATCH_78
447,846f41bc-bad9-4d0c-8a37-589ced7abbd6,TXN_10447,MBR_191,ACCT_7764,20201121,410.74,D,5912,Chevron,Purchase at Chevron,SEQ_000447,20201121,BATCH_70
448,846f41bc-bad9-4d0c-8a37-589ced7abbd6,TXN_10448,MBR_128,ACCT_7657,20260717,245.69,D,5300,Chevron,Purchase at Chevron,SEQ_000448,20260717,BATCH_58
449,846f41bc-bad9-4d0c-8a37-589ced7abbd6,TXN_10449,MBR_190,ACCT_5978,20230908,138.66,C,5812,Target,Purchase at Target,SEQ_000449,20230908,BATCH_58
450,846f41bc-bad9-4d0c-8a37-589ced7abbd6,TXN_10450,MBR_193,ACCT_8408,20240325,221.63,D,5300,Chevron,Purchase at Chevron,SEQ_000450,20240325,BATCH_52
451,846f41bc-bad9-4d0c-8a37-589ced7abbd6,TXN_10451,MBR_176,ACCT_5958,20220307,441.45,C,5400,Amazon,Purchase at Amazon,SEQ_000451,20220307,BATCH_35
452,846f41bc-bad9-4d0c-8a37-589ced7abbd6,TXN_10452,MBR_194,ACCT_9959,20240831,608.31,C,5200,Amazon,Purchase at Amazon,SEQ_000452,20240831,BATCH_80
453,846f41bc-bad9-4d0c-8a37-589ced7abbd6,TXN_10453,MBR_113,ACCT_9201,20261007,78.4,D,5912,Target,Purchase at Target,SEQ_000453,20261007,BATCH_18
454,846f41bc-bad9-4d0c-8a37-589ced7abbd6,TXN_10454,MBR_182,ACCT_5484,20260506,10.74,D,5200,Target,Purchase at Target,SEQ_000454,20260506,BATCH_58
455,846f41bc-bad9-4d0c-8a37-589ced7abbd6,TXN_10455,MBR_107,ACCT_5797,20231125,727.16,C,5100,Costco,Purchase at Costco,SEQ_000455,20231125,BATCH_59
456,846f41bc-bad9-4d0c-8a37-589ced7abbd6,TXN_10456,MBR_109,ACCT_8656,20200706,397.48,C,5912,Chevron,Purchase at Chevron,SEQ_000456,20200706,BATCH_74
457,846f41bc-bad9-4d0c-8a37-589ced7abbd6,TXN_10457,MBR_121,ACCT_4198,20221124,130.22,D,5200,Walmart,Purchase at Walmart,SEQ_000457,20221124,BATCH_54
458,846f41bc-bad9-4d0c-8a37-589ced7abbd6,TXN_10458,MBR_131,ACCT_8236,20241003,237.85,C,5400,Amazon,Purchase at Amazon,SEQ_000458,20241003,BATCH_60
459,846f41bc-bad9-4d0c-8a37-589ced7abbd6,TXN_10459,MBR_108,ACCT_8509,20250406,342.6,D,5400,Starbucks,Purchase at Starbucks,SEQ_000459,20250406,BATCH_69
460,846f41bc-bad9-4d0c-8a37-589ced7abbd6,TXN_10460,MBR_154,ACCT_8151,20260825,295.66,D,5300,Costco,Purchase at Costco,SEQ_000460,20260825,BATCH_44
461,846f41bc-bad9-4d0c-8a37-589ced7abbd6,TXN_10461,MBR_144,ACCT_7477,20210529,332.14,C,5300,Amazon,Purchase at Amazon,SEQ_000461,20210529,BATCH_74
462,846f41bc-bad9-4d0c-8a37-589ced7abbd6,TXN_10462,MBR_118,ACCT_5124,20210226,271.54,D,5200,Starbucks,Purchase at Starbucks,SEQ_000462,20210226,BATCH_30
463,846f41bc-bad9-4d0c-8a37-589ced7abbd6,TXN_10463,MBR_165,ACCT_2397,20241204,197.03,D,5812,Amazon,Purchase at Amazon,SEQ_000463,20241204,BATCH_26
464,846f41bc-bad9-4d0c-8a37-589ced7abbd6,TXN_10464,MBR_176,ACCT_1643,20260526,240.55,C,5812,Costco,Purchase at Costco,SEQ_000464,20260526,BATCH_82
465,846f41bc-bad9-4d0c-8a37-589ced7abbd6,TXN_10465,MBR_141,ACCT_1367,20210119,453.79,D,5200,Walmart,Purchase at Walmart,SEQ_000465,20210119,BATCH_52
466,846f41bc-bad9-4d0c-8a37-589ced7abbd6,TXN_10466,MBR_107,ACCT_6709,20260519,284.32,C,5812,Costco,Purchase at Costco,SEQ_000466,20260519,BATCH_39
467,846f41bc-bad9-4d0c-8a37-589ced7abbd6,TXN_10467,MBR_116,ACCT_2446,20230326,321.35,C,5400,Starbucks,Purchase at Starbucks,SEQ_000467,20230326,BATCH_28
468,846f41bc-bad9-4d0c-8a37-589ced7abbd6,TXN_10468,MBR_198,ACCT_3130,20210329,571.03,D,5100,Costco,Purchase at Costco,SEQ_000468,20210329,BATCH_10
469,846f41bc-bad9-4d0c-8a37-589ced7abbd6,TXN_10469,MBR_182,ACCT_8290,20250421,537.36,C,5200,Starbucks,Purchase at Starbucks,SEQ_000469,20250421,BATCH_84
470,846f41bc-bad9-4d0c-8a37-589ced7abbd6,TXN_10470,MBR_196,ACCT_4980,20230808,518.62,C,5300,Costco,Purchase at Costco,SEQ_000470,20230808,BATCH_17
471,846f41bc-bad9-4d0c-8a37-589ced7abbd6,TXN_10471,MBR_112,ACCT_1527,20261210,292.98,C,5200,Starbucks,Purchase at Starbucks,SEQ_000471,20261210,BATCH_33
472,846f41bc-bad9-4d0c-8a37-589ced7abbd6,TXN_10472,MBR_190,ACCT_7478,20231130,457.48,D,5100,Chevron,Purchase at Chevron,SEQ_000472,20231130,BATCH_56
473,846f41bc-bad9-4d0c-8a37-589ced7abbd6,TXN_10473,MBR_142,ACCT_3273,20250817,724.72,D,5400,Amazon,Purchase at Amazon,SEQ_000473,20250817,BATCH_56
474,846f41bc-bad9-4d0c-8a37-589ced7abbd6,TXN_10474,MBR_175,ACCT_1462,20220607,354.58,D,5912,Walmart,Purchase at Walmart,SEQ_000474,20220607,BATCH_11
475,846f41bc-bad9-4d0c-8a37-589ced7abbd6,TXN_10475,MBR_156,ACCT_2079,20200915,49.57,C,5812,Amazon,Purchase at Amazon,SEQ_000475,20200915,BATCH_72
476,846f41bc-bad9-4d0c-8a37-589ced7abbd6,TXN_10476,MBR_152,ACCT_4166,20260117,287.27,C,5912,Costco,Purchase at Costco,SEQ_000476,20260117,BATCH_40
477,846f41bc-bad9-4d0c-8a37-589ced7abbd6,TXN_10477,MBR_160,ACCT_9307,20260323,110.93,C,5912,Starbucks,Purchase at Starbucks,SEQ_000477,20260323,BATCH_64
478,846f41bc-bad9-4d0c-8a37-589ced7abbd6,TXN_10478,MBR_154,ACCT_2899,20241212,401.83,C,5300,Costco,Purchase at Costco,SEQ_000478,20241212,BATCH_80
479,846f41bc-bad9-4d0c-8a37-589ced7abbd6,TXN_10479,MBR_130,ACCT_6061,20230930,656.04,C,5912,Walmart,Purchase at Walmart,SEQ_000479,20230930,BATCH_62
480,846f41bc-bad9-4d0c-8a37-589ced7abbd6,TXN_10480,MBR_174,ACCT_1920,20200331,241.05,D,5812,Chevron,Purchase at Chevron,SEQ_000480,20200331,BATCH_19
481,846f41bc-bad9-4d0c-8a37-589ced7abbd6,TXN_10481,MBR_179,ACCT_1866,20241123,181.19,C,5912,Target,Purchase at Target,SEQ_000481,20241123,BATCH_89
482,846f41bc-bad9-4d0c-8a37-589ced7abbd6,TXN_10482,MBR_191,ACCT_8452,20260711,667.64,D,5100,Amazon,Purchase at Amazon,SEQ_000482,20260711,BATCH_49
483,846f41bc-bad9-4d0c-8a37-589ced7abbd6,TXN_10483,MBR_178,ACCT_6900,20211111,164.66,C,5100,Chevron,Purchase at Chevron,SEQ_000483,20211111,BATCH_91
484,846f41bc-bad9-4d0c-8a37-589ced7abbd6,TXN_10484,MBR_125,ACCT_8599,20250810,719.81,C,5100,Chevron,Purchase at Chevron,SEQ_000484,20250810,BATCH_92
485,846f41bc-bad9-4d0c-8a37-589ced7abbd6,TXN_10485,MBR_157,ACCT_8814,20231121,160.7,C,5300,Walmart,Purchase at Walmart,SEQ_000485,20231121,BATCH_54
486,846f41bc-bad9-4d0c-8a37-589ced7abbd6,TXN_10486,MBR_103,ACCT_9324,20250924,235.12,D,5200,Starbucks,Purchase at Starbucks,SEQ_000486,20250924,BATCH_57
487,846f41bc-bad9-4d0c-8a37-589ced7abbd6,TXN_10487,MBR_163,ACCT_3714,20251213,594.53,D,5200,Walmart,Purchase at Walmart,SEQ_000487,20251213,BATCH_37
488,846f41bc-bad9-4d0c-8a37-589ced7abbd6,TXN_10488,MBR_128,ACCT_7768,20210804,490.68,D,5912,Amazon,Purchase at Amazon,SEQ_000488,20210804,BATCH_43
489,846f41bc-bad9-4d0c-8a37-589ced7abbd6,TXN_10489,MBR_123,ACCT_1180,20210109,469.46,D,5400,Walmart,Purchase at Walmart,SEQ_000489,20210109,BATCH_10
490,846f41bc-bad9-4d0c-8a37-589ced7abbd6,TXN_10490,MBR_126,ACCT_9790,20250617,136.58,C,5300,Walmart,Purchase at Walmart,SEQ_000490,20250617,BATCH_92
491,846f41bc-bad9-4d0c-8a37-589ced7abbd6,TXN_10491,MBR_196,ACCT_2157,20200623,571.02,D,5200,Chevron,Purchase at Chevron,SEQ_000491,20200623,BATCH_12
492,846f41bc-bad9-4d0c-8a37-589ced7abbd6,TXN_10492,MBR_178,ACCT_3000,20220103,238.51,D,5400,Target,Purchase at Target,SEQ_000492,20220103,BATCH_96
493,846f41bc-bad9-4d0c-8a37-589ced7abbd6,TXN_10493,MBR_171,ACCT_3858,20211122,474.85,C,5200,Amazon,Purchase at Amazon,SEQ_000493,20211122,BATCH_19
494,846f41bc-bad9-4d0c-8a37-589ced7abbd6,TXN_10494,MBR_186,ACCT_9489,20200123,736.15,D,5812,Walmart,Purchase at Walmart,SEQ_000494,20200123,BATCH_10
495,846f41bc-bad9-4d0c-8a37-589ced7abbd6,TXN_10495,MBR_174,ACCT_7542,20241020,76.62,C,5100,Costco,Purchase at Costco,SEQ_000495,20241020,BATCH_39
496,846f41bc-bad9-4d0c-8a37-589ced7abbd6,TXN_10496,MBR_126,ACCT_9199,20220306,634.71,D,5812,Walmart,Purchase at Walmart,SEQ_000496,20220306,BATCH_56
497,846f41bc-bad9-4d0c-8a37-589ced7abbd6,TXN_10497,MBR_100,ACCT_6572,20250609,289.62,C,5200,Target,Purchase at Target,SEQ_000497,20250609,BATCH_44
498,846f41bc-bad9-4d0c-8a37-589ced7abbd6,TXN_10498,MBR_119,ACCT_3146,20200215,203.72,C,5812,Costco,Purchase at Costco,SEQ_000498,20200215,BATCH_53
499,846f41bc-bad9-4d0c-8a37-589ced7abbd6,TXN_10499,MBR_135,ACCT_2317,20250227,94.55,D,5400,Target,Purchase at Target,SEQ_000499,20250227,BATCH_91
500,846f41bc-bad9-4d0c-8a37-589ced7abbd6,TXN_10500,MBR_153,ACCT_1535,20200613,31.57,D,5812,Starbucks,Purchase at Starbucks,SEQ_000500,20200613,BATCH_25
501,846f41bc-bad9-4d0c-8a37-589ced7abbd6,TXN_10501,MBR_144,ACCT_8626,20250321,490.67,C,5912,Target,Purchase at Target,SEQ_000501,20250321,BATCH_43
502,846f41bc-bad9-4d0c-8a37-589ced7abbd6,TXN_10502,MBR_122,ACCT_6322,20220201,663.02,D,5400,Target,Purchase at Target,SEQ_000502,20220201,BATCH_31
503,846f41bc-bad9-4d0c-8a37-589ced7abbd6,TXN_10503,MBR_112,ACCT_6677,20230223,731.22,C,5300,Starbucks,Purchase at Starbucks,SEQ_000503,20230223,BATCH_94
504,846f41bc-bad9-4d0c-8a37-589ced7abbd6,TXN_10504,MBR_121,ACCT_6751,20221223,148.26,C,5100,Costco,Purchase at Costco,SEQ_000504,20221223,BATCH_10
505,846f41bc-bad9-4d0c-8a37-589ced7abbd6,TXN_10505,MBR_150,ACCT_1909,20201117,139.09,D,5400,Walmart,Purchase at Walmart,SEQ_000505,20201117,BATCH_71
506,846f41bc-bad9-4d0c-8a37-589ced7abbd6,TXN_10506,MBR_169,ACCT_4582,20241117,725.53,D,5200,Amazon,Purchase at Amazon,SEQ_000506,20241117,BATCH_52
507,846f41bc-bad9-4d0c-8a37-589ced7abbd6,TXN_10507,MBR_114,ACCT_9067,20251129,276.53,C,5400,Amazon,Purchase at Amazon,SEQ_000507,20251129,BATCH_75
508,846f41bc-bad9-4d0c-8a37-589ced7abbd6,TXN_10508,MBR_199,ACCT_9854,20201128,488.95,D,5400,Chevron,Purchase at Chevron,SEQ_000508,20201128,BATCH_81
509,846f41bc-bad9-4d0c-8a37-589ced7abbd6,TXN_10509,MBR_165,ACCT_8389,20240526,198.77,C,5812,Target,Purchase at Target,SEQ_000509,20240526,BATCH_63
510,846f41bc-bad9-4d0c-8a37-589ced7abbd6,TXN_10510,MBR_152,ACCT_1560,20200105,203.74,D,5300,Amazon,Purchase at Amazon,SEQ_000510,20200105,BATCH_50
511,846f41bc-bad9-4d0c-8a37-589ced7abbd6,TXN_10511,MBR_122,ACCT_4676,20230715,573.19,D,5400,Amazon,Purchase at Amazon,SEQ_000511,20230715,BATCH_57
512,846f41bc-bad9-4d0c-8a37-589ced7abbd6,TXN_10512,MBR_183,ACCT_7724,20200127,526.9,C,5912,Amazon,Purchase at Amazon,SEQ_000512,20200127,BATCH_39
513,846f41bc-bad9-4d0c-8a37-589ced7abbd6,TXN_10513,MBR_191,ACCT_4504,20260830,578.13,C,5812,Target,Purchase at Target,SEQ_000513,20260830,BATCH_91
514,846f41bc-bad9-4d0c-8a37-589ced7abbd6,TXN_10514,MBR_114,ACCT_7225,20260531,164.58,C,5400,Starbucks,Purchase at Starbucks,SEQ_000514,20260531,BATCH_34
515,846f41bc-bad9-4d0c-8a37-589ced7abbd6,TXN_10515,MBR_120,ACCT_3024,20221011,183.92,D,5400,Chevron,Purchase at Chevron,SEQ_000515,20221011,BATCH_22
516,846f41bc-bad9-4d0c-8a37-589ced7abbd6,TXN_10516,MBR_112,ACCT_6294,20220228,367.4,C,5100,Starbucks,Purchase at Starbucks,SEQ_000516,20220228,BATCH_25
517,846f41bc-bad9-4d0c-8a37-589ced7abbd6,TXN_10517,MBR_177,ACCT_1258,20261024,621.04,D,5912,Walmart,Purchase at Walmart,SEQ_000517,20261024,BATCH_12
518,846f41bc-bad9-4d0c-8a37-589ced7abbd6,TXN_10518,MBR_195,ACCT_1321,20260810,89.15,D,5812,Starbucks,Purchase at Starbucks,SEQ_000518,20260810,BATCH_61
519,846f41bc-bad9-4d0c-8a37-589ced7abbd6,TXN_10519,MBR_137,ACCT_6970,20240808,370.48,C,5200,Amazon,Purchase at Amazon,SEQ_000519,20240808,BATCH_65
520,846f41bc-bad9-4d0c-8a37-589ced7abbd6,TXN_10520,MBR_195,ACCT_2253,20200406,636.97,C,5912,Target,Purchase at Target,SEQ_000520,20200406,BATCH_18
521,846f41bc-bad9-4d0c-8a37-589ced7abbd6,TXN_10521,MBR_196,ACCT_8472,20240517,283.44,D,5912,Costco,Purchase at Costco,SEQ_000521,20240517,BATCH_67
522,846f41bc-bad9-4d0c-8a37-589ced7abbd6,TXN_10522,MBR_188,ACCT_6288,20230503,354.19,C,5400,Walmart,Purchase at Walmart,SEQ_000522,20230503,BATCH_68
523,846f41bc-bad9-4d0c-8a37-589ced7abbd6,TXN_10523,MBR_134,ACCT_6550,20260629,300.7,D,5912,Walmart,Purchase at Walmart,SEQ_000523,20260629,BATCH_88
524,846f41bc-bad9-4d0c-8a37-589ced7abbd6,TXN_10524,MBR_127,ACCT_8715,20210708,369.3,D,5300,Target,Purchase at Target,SEQ_000524,20210708,BATCH_99
525,846f41bc-bad9-4d0c-8a37-589ced7abbd6,TXN_10525,MBR_153,ACCT_6265,20201017,441.88,C,5912,Costco,Purchase at Costco,SEQ_000525,20201017,BATCH_81
526,846f41bc-bad9-4d0c-8a37-589ced7abbd6,TXN_10526,MBR_135,ACCT_7569,20260827,25.15,C,5200,Amazon,Purchase at Amazon,SEQ_000526,20260827,BATCH_85
527,846f41bc-bad9-4d0c-8a37-589ced7abbd6,TXN_10527,MBR_181,ACCT_1657,20211118,47.35,C,5300,Target,Purchase at Target,SEQ_000527,20211118,BATCH_63
528,846f41bc-bad9-4d0c-8a37-589ced7abbd6,TXN_10528,MBR_126,ACCT_9869,20230326,173.33,C,5400,Starbucks,Purchase at Starbucks,SEQ_000528,20230326,BATCH_90
529,846f41bc-bad9-4d0c-8a37-589ced7abbd6,TXN_10529,MBR_173,ACCT_1828,20230720,285.29,C,5100,Target,Purchase at Target,SEQ_000529,20230720,BATCH_67
530,846f41bc-bad9-4d0c-8a37-589ced7abbd6,TXN_10530,MBR_103,ACCT_3937,20220724,242.49,D,5100,Starbucks,Purchase at Starbucks,SEQ_000530,20220724,BATCH_79
531,846f41bc-bad9-4d0c-8a37-589ced7abbd6,TXN_10531,MBR_158,ACCT_8912,20210716,47.0,D,5912,Chevron,Purchase at Chevron,SEQ_000531,20210716,BATCH_78
532,846f41bc-bad9-4d0c-8a37-589ced7abbd6,TXN_10532,MBR_117,ACCT_9290,20210804,600.78,D,5400,Costco,Purchase at Costco,SEQ_000532,20210804,BATCH_97
533,846f41bc-bad9-4d0c-8a37-589ced7abbd6,TXN_10533,MBR_157,ACCT_9882,20210401,277.35,D,5812,Chevron,Purchase at Chevron,SEQ_000533,20210401,BATCH_26
534,846f41bc-bad9-4d0c-8a37-589ced7abbd6,TXN_10534,MBR_153,ACCT_8899,20210315,67.03,D,5200,Starbucks,Purchase at Starbucks,SEQ_000534,20210315,BATCH_23
535,846f41bc-bad9-4d0c-8a37-589ced7abbd6,TXN_10535,MBR_143,ACCT_8695,20210907,530.31,C,5100,Target,Purchase at Target,SEQ_000535,20210907,BATCH_56
536,846f41bc-bad9-4d0c-8a37-589ced7abbd6,TXN_10536,MBR_164,ACCT_1426,20200320,85.66,D,5200,Amazon,Purchase at Amazon,SEQ_000536,20200320,BATCH_23
537,846f41bc-bad9-4d0c-8a37-589ced7abbd6,TXN_10537,MBR_187,ACCT_4271,20260728,271.49,D,5300,Target,Purchase at Target,SEQ_000537,20260728,BATCH_58
538,846f41bc-bad9-4d0c-8a37-589ced7abbd6,TXN_10538,MBR_139,ACCT_9936,20200530,195.71,C,5400,Target,Purchase at Target,SEQ_000538,20200530,BATCH_79
539,846f41bc-bad9-4d0c-8a37-589ced7abbd6,TXN_10539,MBR_180,ACCT_8481,20200717,93.87,C,5912,Chevron,Purchase at Chevron,SEQ_000539,20200717,BATCH_15
540,846f41bc-bad9-4d0c-8a37-589ced7abbd6,TXN_10540,MBR_179,ACCT_3369,20220703,571.36,D,5200,Walmart,Purchase at Walmart,SEQ_000540,20220703,BATCH_90
541,846f41bc-bad9-4d0c-8a37-589ced7abbd6,TXN_10541,MBR_153,ACCT_5619,20210218,456.89,D,5812,Chevron,Purchase at Chevron,SEQ_000541,20210218,BATCH_11
542,846f41bc-bad9-4d0c-8a37-589ced7abbd6,TXN_10542,MBR_178,ACCT_8649,20261201,618.0,C,5812,Walmart,Purchase at Walmart,SEQ_000542,20261201,BATCH_97
543,846f41bc-bad9-4d0c-8a37-589ced7abbd6,TXN_10543,MBR_185,ACCT_2735,20260208,128.97,C,5200,Walmart,Purchase at Walmart,SEQ_000543,20260208,BATCH_52
544,846f41bc-bad9-4d0c-8a37-589ced7abbd6,TXN_10544,MBR_102,ACCT_6162,20230412,627.68,C,5812,Target,Purchase at Target,SEQ_000544,20230412,BATCH_25
545,846f41bc-bad9-4d0c-8a37-589ced7abbd6,TXN_10545,MBR_196,ACCT_1496,20250118,22.19,C,5200,Costco,Purchase at Costco,SEQ_000545,20250118,BATCH_43
546,846f41bc-bad9-4d0c-8a37-589ced7abbd6,TXN_10546,MBR_114,ACCT_7224,20200430,434.98,C,5300,Costco,Purchase at Costco,SEQ_000546,20200430,BATCH_97
547,846f41bc-bad9-4d0c-8a37-589ced7abbd6,TXN_10547,MBR_112,ACCT_8954,20210127,596.92,D,5400,Target,Purchase at Target,SEQ_000547,20210127,BATCH_17
548,846f41bc-bad9-4d0c-8a37-589ced7abbd6,TXN_10548,MBR_143,ACCT_1822,20220820,31.45,C,5100,Target,Purchase at Target,SEQ_000548,20220820,BATCH_84
549,846f41bc-bad9-4d0c-8a37-589ced7abbd6,TXN_10549,MBR_113,ACCT_4328,20250425,211.26,D,5400,Amazon,Purchase at Amazon,SEQ_000549,20250425,BATCH_40
550,846f41bc-bad9-4d0c-8a37-589ced7abbd6,TXN_10550,MBR_132,ACCT_1341,20231203,570.14,C,5400,Walmart,Purchase at Walmart,SEQ_000550,20231203,BATCH_64
551,846f41bc-bad9-4d0c-8a37-589ced7abbd6,TXN_10551,MBR_116,ACCT_6328,20240126,329.2,C,5812,Target,Purchase at Target,SEQ_000551,20240126,BATCH_38
552,846f41bc-bad9-4d0c-8a37-589ced7abbd6,TXN_10552,MBR_155,ACCT_1173,20211123,513.62,C,5912,Walmart,Purchase at Walmart,SEQ_000552,20211123,BATCH_22
553,846f41bc-bad9-4d0c-8a37-589ced7abbd6,TXN_10553,MBR_179,ACCT_8031,20260907,684.03,C,5300,Starbucks,Purchase at Starbucks,SEQ_000553,20260907,BATCH_43
554,846f41bc-bad9-4d0c-8a37-589ced7abbd6,TXN_10554,MBR_181,ACCT_1164,20240309,471.33,C,5400,Chevron,Purchase at Chevron,SEQ_000554,20240309,BATCH_13
555,846f41bc-bad9-4d0c-8a37-589ced7abbd6,TXN_10555,MBR_131,ACCT_8710,20220409,60.18,C,5200,Costco,Purchase at Costco,SEQ_000555,20220409,BATCH_22
556,846f41bc-bad9-4d0c-8a37-589ced7abbd6,TXN_10556,MBR_198,ACCT_2506,20230919,646.78,D,5100,Target,Purchase at Target,SEQ_000556,20230919,BATCH_80
557,846f41bc-bad9-4d0c-8a37-589ced7abbd6,TXN_10557,MBR_173,ACCT_4569,20250708,437.2,D,5300,Costco,Purchase at Costco,SEQ_000557,20250708,BATCH_46
558,846f41bc-bad9-4d0c-8a37-589ced7abbd6,TXN_10558,MBR_128,ACCT_6602,20201213,562.89,D,5912,Target,Purchase at Target,SEQ_000558,20201213,BATCH_21
559,846f41bc-bad9-4d0c-8a37-589ced7abbd6,TXN_10559,MBR_132,ACCT_9468,20250321,304.67,D,5812,Walmart,Purchase at Walmart,SEQ_000559,20250321,BATCH_66
560,846f41bc-bad9-4d0c-8a37-589ced7abbd6,TXN_10560,MBR_199,ACCT_5135,20251006,55.86,D,5812,Walmart,Purchase at Walmart,SEQ_000560,20251006,BATCH_21
561,846f41bc-bad9-4d0c-8a37-589ced7abbd6,TXN_10561,MBR_193,ACCT_9946,20210603,624.95,C,5200,Chevron,Purchase at Chevron,SEQ_000561,20210603,BATCH_73
562,846f41bc-bad9-4d0c-8a37-589ced7abbd6,TXN_10562,MBR_108,ACCT_6839,20250329,384.43,D,5912,Target,Purchase at Target,SEQ_000562,20250329,BATCH_56
563,846f41bc-bad9-4d0c-8a37-589ced7abbd6,TXN_10563,MBR_162,ACCT_8795,20260203,539.97,C,5912,Chevron,Purchase at Chevron,SEQ_000563,20260203,BATCH_13
564,846f41bc-bad9-4d0c-8a37-589ced7abbd6,TXN_10564,MBR_196,ACCT_7531,20230215,318.96,D,5100,Costco,Purchase at Costco,SEQ_000564,20230215,BATCH_57
565,846f41bc-bad9-4d0c-8a37-589ced7abbd6,TXN_10565,MBR_144,ACCT_6902,20250518,692.87,D,5812,Starbucks,Purchase at Starbucks,SEQ_000565,20250518,BATCH_33
566,846f41bc-bad9-4d0c-8a37-589ced7abbd6,TXN_10566,MBR_121,ACCT_4608,20240218,399.23,D,5100,Amazon,Purchase at Amazon,SEQ_000566,20240218,BATCH_40
567,846f41bc-bad9-4d0c-8a37-589ced7abbd6,TXN_10567,MBR_178,ACCT_1374,20260215,326.37,C,5100,Walmart,Purchase at Walmart,SEQ_000567,20260215,BATCH_53
568,846f41bc-bad9-4d0c-8a37-589ced7abbd6,TXN_10568,MBR_192,ACCT_3315,20251114,111.91,D,5812,Starbucks,Purchase at Starbucks,SEQ_000568,20251114,BATCH_66
569,846f41bc-bad9-4d0c-8a37-589ced7abbd6,TXN_10569,MBR_125,ACCT_3797,20230802,263.34,C,5300,Walmart,Purchase at Walmart,SEQ_000569,20230802,BATCH_69
570,846f41bc-bad9-4d0c-8a37-589ced7abbd6,TXN_10570,MBR_160,ACCT_6202,20260716,182.51,C,5912,Costco,Purchase at Costco,SEQ_000570,20260716,BATCH_75
571,846f41bc-bad9-4d0c-8a37-589ced7abbd6,TXN_10571,MBR_170,ACCT_3907,20261107,32.53,C,5912,Target,Purchase at Target,SEQ_000571,20261107,BATCH_95
572,846f41bc-bad9-4d0c-8a37-589ced7abbd6,TXN_10572,MBR_156,ACCT_9388,20241113,511.11,D,5912,Target,Purchase at Target,SEQ_000572,20241113,BATCH_11
573,846f41bc-bad9-4d0c-8a37-589ced7abbd6,TXN_10573,MBR_184,ACCT_7075,20230425,99.65,D,5812,Walmart,Purchase at Walmart,SEQ_000573,20230425,BATCH_64
574,846f41bc-bad9-4d0c-8a37-589ced7abbd6,TXN_10574,MBR_198,ACCT_6134,20230924,735.39,D,5400,Costco,Purchase at Costco,SEQ_000574,20230924,BATCH_45
575,846f41bc-bad9-4d0c-8a37-589ced7abbd6,TXN_10575,MBR_158,ACCT_4985,20201128,491.54,C,5812,Amazon,Purchase at Amazon,SEQ_000575,20201128,BATCH_50
576,846f41bc-bad9-4d0c-8a37-589ced7abbd6,TXN_10576,MBR_167,ACCT_5199,20220902,677.56,D,5812,Costco,Purchase at Costco,SEQ_000576,20220902,BATCH_75
577,846f41bc-bad9-4d0c-8a37-589ced7abbd6,TXN_10577,MBR_172,ACCT_5006,20200605,282.61,C,5100,Target,Purchase at Target,SEQ_000577,20200605,BATCH_77
578,846f41bc-bad9-4d0c-8a37-589ced7abbd6,TXN_10578,MBR_158,ACCT_9777,20230929,722.27,C,5200,Walmart,Purchase at Walmart,SEQ_000578,20230929,BATCH_30
579,846f41bc-bad9-4d0c-8a37-589ced7abbd6,TXN_10579,MBR_103,ACCT_4556,20210902,530.21,C,5100,Costco,Purchase at Costco,SEQ_000579,20210902,BATCH_23
580,846f41bc-bad9-4d0c-8a37-589ced7abbd6,TXN_10580,MBR_193,ACCT_5498,20201012,369.96,D,5400,Costco,Purchase at Costco,SEQ_000580,20201012,BATCH_95
581,846f41bc-bad9-4d0c-8a37-589ced7abbd6,TXN_10581,MBR_147,ACCT_9451,20211210,117.83,D,5812,Amazon,Purchase at Amazon,SEQ_000581,20211210,BATCH_76
582,846f41bc-bad9-4d0c-8a37-589ced7abbd6,TXN_10582,MBR_160,ACCT_7604,20240628,512.05,D,5812,Walmart,Purchase at Walmart,SEQ_000582,20240628,BATCH_85
583,846f41bc-bad9-4d0c-8a37-589ced7abbd6,TXN_10583,MBR_154,ACCT_7526,20240101,605.05,D,5100,Starbucks,Purchase at Starbucks,SEQ_000583,20240101,BATCH_58
584,846f41bc-bad9-4d0c-8a37-589ced7abbd6,TXN_10584,MBR_159,ACCT_4128,20221014,31.49,D,5400,Amazon,Purchase at Amazon,SEQ_000584,20221014,BATCH_80
585,846f41bc-bad9-4d0c-8a37-589ced7abbd6,TXN_10585,MBR_167,ACCT_8029,20201202,41.47,C,5200,Costco,Purchase at Costco,SEQ_000585,20201202,BATCH_16
586,846f41bc-bad9-4d0c-8a37-589ced7abbd6,TXN_10586,MBR_120,ACCT_8436,20250902,185.98,D,5812,Amazon,Purchase at Amazon,SEQ_000586,20250902,BATCH_60
587,846f41bc-bad9-4d0c-8a37-589ced7abbd6,TXN_10587,MBR_100,ACCT_5681,20220422,19.83,C,5300,Target,Purchase at Target,SEQ_000587,20220422,BATCH_27
588,846f41bc-bad9-4d0c-8a37-589ced7abbd6,TXN_10588,MBR_171,ACCT_3087,20200609,489.57,D,5200,Starbucks,Purchase at Starbucks,SEQ_000588,20200609,BATCH_13
589,846f41bc-bad9-4d0c-8a37-589ced7abbd6,TXN_10589,MBR_177,ACCT_4149,20221108,417.29,C,5400,Amazon,Purchase at Amazon,SEQ_000589,20221108,BATCH_91
590,846f41bc-bad9-4d0c-8a37-589ced7abbd6,TXN_10590,MBR_141,ACCT_7743,20230107,406.82,D,5100,Chevron,Purchase at Chevron,SEQ_000590,20230107,BATCH_55
591,846f41bc-bad9-4d0c-8a37-589ced7abbd6,TXN_10591,MBR_164,ACCT_3058,20260513,369.13,D,5300,Chevron,Purchase at Chevron,SEQ_000591,20260513,BATCH_45
592,846f41bc-bad9-4d0c-8a37-589ced7abbd6,TXN_10592,MBR_147,ACCT_5324,20211014,551.2,C,5912,Starbucks,Purchase at Starbucks,SEQ_000592,20211014,BATCH_64
593,846f41bc-bad9-4d0c-8a37-589ced7abbd6,TXN_10593,MBR_196,ACCT_9718,20210110,296.52,C,5200,Target,Purchase at Target,SEQ_000593,20210110,BATCH_62
594,846f41bc-bad9-4d0c-8a37-589ced7abbd6,TXN_10594,MBR_187,ACCT_8220,20221105,745.97,C,5812,Chevron,Purchase at Chevron,SEQ_000594,20221105,BATCH_55
595,846f41bc-bad9-4d0c-8a37-589ced7abbd6,TXN_10595,MBR_135,ACCT_2173,20220517,705.26,D,5812,Amazon,Purchase at Amazon,SEQ_000595,20220517,BATCH_28
596,846f41bc-bad9-4d0c-8a37-589ced7abbd6,TXN_10596,MBR_127,ACCT_4027,20260730,330.7,C,5200,Chevron,Purchase at Chevron,SEQ_000596,20260730,BATCH_24
597,846f41bc-bad9-4d0c-8a37-589ced7abbd6,TXN_10597,MBR_151,ACCT_1470,20260622,246.13,C,5200,Amazon,Purchase at Amazon,SEQ_000597,20260622,BATCH_77
598,846f41bc-bad9-4d0c-8a37-589ced7abbd6,TXN_10598,MBR_116,ACCT_2557,20200504,655.4,C,5200,Chevron,Purchase at Chevron,SEQ_000598,20200504,BATCH_22
599,846f41bc-bad9-4d0c-8a37-589ced7abbd6,TXN_10599,MBR_172,ACCT_9721,20220815,412.26,D,5812,Chevron,Purchase at Chevron,SEQ_000599,20220815,BATCH_63
600,846f41bc-bad9-4d0c-8a37-589ced7abbd6,TXN_10600,MBR_135,ACCT_1427,20250707,555.62,D,5300,Costco,Purchase at Costco,SEQ_000600,20250707,BATCH_16
601,846f41bc-bad9-4d0c-8a37-589ced7abbd6,TXN_10601,MBR_182,ACCT_6348,20210609,128.31,D,5400,Walmart,Purchase at Walmart,SEQ_000601,20210609,BATCH_51
602,846f41bc-bad9-4d0c-8a37-589ced7abbd6,TXN_10602,MBR_125,ACCT_2479,20240112,474.34,C,5912,Chevron,Purchase at Chevron,SEQ_000602,20240112,BATCH_92
603,846f41bc-bad9-4d0c-8a37-589ced7abbd6,TXN_10603,MBR_158,ACCT_4449,20231225,246.95,C,5100,Costco,Purchase at Costco,SEQ_000603,20231225,BATCH_86
604,846f41bc-bad9-4d0c-8a37-589ced7abbd6,TXN_10604,MBR_126,ACCT_6546,20251204,662.12,C,5400,Target,Purchase at Target,SEQ_000604,20251204,BATCH_80
605,846f41bc-bad9-4d0c-8a37-589ced7abbd6,TXN_10605,MBR_159,ACCT_3419,20260905,720.51,C,5812,Amazon,Purchase at Amazon,SEQ_000605,20260905,BATCH_96
606,846f41bc-bad9-4d0c-8a37-589ced7abbd6,TXN_10606,MBR_166,ACCT_2732,20230225,540.97,C,5912,Amazon,Purchase at Amazon,SEQ_000606,20230225,BATCH_22
607,846f41bc-bad9-4d0c-8a37-589ced7abbd6,TXN_10607,MBR_145,ACCT_6103,20200616,303.51,D,5300,Costco,Purchase at Costco,SEQ_000607,20200616,BATCH_57
608,846f41bc-bad9-4d0c-8a37-589ced7abbd6,TXN_10608,MBR_120,ACCT_6982,20231227,76.65,C,5300,Starbucks,Purchase at Starbucks,SEQ_000608,20231227,BATCH_19
609,846f41bc-bad9-4d0c-8a37-589ced7abbd6,TXN_10609,MBR_121,ACCT_6819,20250514,145.69,D,5200,Costco,Purchase at Costco,SEQ_000609,20250514,BATCH_58
610,846f41bc-bad9-4d0c-8a37-589ced7abbd6,TXN_10610,MBR_119,ACCT_3114,20211006,125.43,C,5400,Chevron,Purchase at Chevron,SEQ_000610,20211006,BATCH_11
611,846f41bc-bad9-4d0c-8a37-589ced7abbd6,TXN_10611,MBR_116,ACCT_8460,20240127,37.67,D,5300,Amazon,Purchase at Amazon,SEQ_000611,20240127,BATCH_97
612,846f41bc-bad9-4d0c-8a37-589ced7abbd6,TXN_10612,MBR_101,ACCT_7531,20221218,233.38,C,5100,Starbucks,Purchase at Starbucks,SEQ_000612,20221218,BATCH_37
613,846f41bc-bad9-4d0c-8a37-589ced7abbd6,TXN_10613,MBR_153,ACCT_6255,20210111,696.05,D,5400,Starbucks,Purchase at Starbucks,SEQ_000613,20210111,BATCH_61
614,846f41bc-bad9-4d0c-8a37-589ced7abbd6,TXN_10614,MBR_141,ACCT_6909,20240306,161.07,C,5400,Target,Purchase at Target,SEQ_000614,20240306,BATCH_30
615,846f41bc-bad9-4d0c-8a37-589ced7abbd6,TXN_10615,MBR_165,ACCT_7841,20231223,168.98,D,5300,Starbucks,Purchase at Starbucks,SEQ_000615,20231223,BATCH_10
616,846f41bc-bad9-4d0c-8a37-589ced7abbd6,TXN_10616,MBR_137,ACCT_5335,20251102,11.98,C,5400,Walmart,Purchase at Walmart,SEQ_000616,20251102,BATCH_37
617,846f41bc-bad9-4d0c-8a37-589ced7abbd6,TXN_10617,MBR_108,ACCT_9035,20240408,563.88,D,5300,Target,Purchase at Target,SEQ_000617,20240408,BATCH_97
618,846f41bc-bad9-4d0c-8a37-589ced7abbd6,TXN_10618,MBR_178,ACCT_5168,20200722,428.46,D,5100,Target,Purchase at Target,SEQ_000618,20200722,BATCH_57
619,846f41bc-bad9-4d0c-8a37-589ced7abbd6,TXN_10619,MBR_151,ACCT_9610,20210102,719.79,C,5300,Walmart,Purchase at Walmart,SEQ_000619,20210102,BATCH_71
620,846f41bc-bad9-4d0c-8a37-589ced7abbd6,TXN_10620,MBR_147,ACCT_9139,20231128,369.58,D,5912,Starbucks,Purchase at Starbucks,SEQ_000620,20231128,BATCH_87
621,846f41bc-bad9-4d0c-8a37-589ced7abbd6,TXN_10621,MBR_146,ACCT_9556,20240601,186.58,C,5200,Costco,Purchase at Costco,SEQ_000621,20240601,BATCH_72
622,846f41bc-bad9-4d0c-8a37-589ced7abbd6,TXN_10622,MBR_151,ACCT_9859,20210119,381.15,C,5912,Walmart,Purchase at Walmart,SEQ_000622,20210119,BATCH_10
623,846f41bc-bad9-4d0c-8a37-589ced7abbd6,TXN_10623,MBR_118,ACCT_5882,20210208,251.01,D,5812,Target,Purchase at Target,SEQ_000623,20210208,BATCH_85
624,846f41bc-bad9-4d0c-8a37-589ced7abbd6,TXN_10624,MBR_126,ACCT_4226,20210307,723.04,D,5912,Amazon,Purchase at Amazon,SEQ_000624,20210307,BATCH_31
625,846f41bc-bad9-4d0c-8a37-589ced7abbd6,TXN_10625,MBR_165,ACCT_6822,20210607,218.34,D,5912,Walmart,Purchase at Walmart,SEQ_000625,20210607,BATCH_77
626,846f41bc-bad9-4d0c-8a37-589ced7abbd6,TXN_10626,MBR_117,ACCT_9819,20260702,475.56,C,5200,Target,Purchase at Target,SEQ_000626,20260702,BATCH_89
627,846f41bc-bad9-4d0c-8a37-589ced7abbd6,TXN_10627,MBR_162,ACCT_2431,20241109,70.73,C,5100,Costco,Purchase at Costco,SEQ_000627,20241109,BATCH_74
628,846f41bc-bad9-4d0c-8a37-589ced7abbd6,TXN_10628,MBR_116,ACCT_1044,20220608,26.61,D,5400,Chevron,Purchase at Chevron,SEQ_000628,20220608,BATCH_84
629,846f41bc-bad9-4d0c-8a37-589ced7abbd6,TXN_10629,MBR_115,ACCT_5869,20240513,679.51,C,5100,Chevron,Purchase at Chevron,SEQ_000629,20240513,BATCH_28
630,846f41bc-bad9-4d0c-8a37-589ced7abbd6,TXN_10630,MBR_151,ACCT_5826,20220614,73.25,D,5400,Walmart,Purchase at Walmart,SEQ_000630,20220614,BATCH_50
631,846f41bc-bad9-4d0c-8a37-589ced7abbd6,TXN_10631,MBR_119,ACCT_1642,20250131,100.19,D,5300,Starbucks,Purchase at Starbucks,SEQ_000631,20250131,BATCH_97
632,846f41bc-bad9-4d0c-8a37-589ced7abbd6,TXN_10632,MBR_181,ACCT_1302,20260409,235.33,D,5812,Walmart,Purchase at Walmart,SEQ_000632,20260409,BATCH_10
633,846f41bc-bad9-4d0c-8a37-589ced7abbd6,TXN_10633,MBR_124,ACCT_2782,20240917,409.4,C,5400,Costco,Purchase at Costco,SEQ_000633,20240917,BATCH_40
634,846f41bc-bad9-4d0c-8a37-589ced7abbd6,TXN_10634,MBR_140,ACCT_6982,20220527,383.64,C,5300,Target,Purchase at Target,SEQ_000634,20220527,BATCH_28
635,846f41bc-bad9-4d0c-8a37-589ced7abbd6,TXN_10635,MBR_187,ACCT_5313,20231218,683.97,C,5200,Walmart,Purchase at Walmart,SEQ_000635,20231218,BATCH_16
636,846f41bc-bad9-4d0c-8a37-589ced7abbd6,TXN_10636,MBR_125,ACCT_4262,20200712,185.39,D,5200,Amazon,Purchase at Amazon,SEQ_000636,20200712,BATCH_11
637,846f41bc-bad9-4d0c-8a37-589ced7abbd6,TXN_10637,MBR_151,ACCT_2434,20230419,277.0,D,5200,Starbucks,Purchase at Starbucks,SEQ_000637,20230419,BATCH_27
638,846f41bc-bad9-4d0c-8a37-589ced7abbd6,TXN_10638,MBR_111,ACCT_6705,20260710,186.67,D,5300,Costco,Purchase at Costco,SEQ_000638,20260710,BATCH_62
639,846f41bc-bad9-4d0c-8a37-589ced7abbd6,TXN_10639,MBR_135,ACCT_7377,20220403,254.16,D,5300,Chevron,Purchase at Chevron,SEQ_000639,20220403,BATCH_32
640,846f41bc-bad9-4d0c-8a37-589ced7abbd6,TXN_10640,MBR_113,ACCT_4478,20260705,190.49,C,5400,Costco,Purchase at Costco,SEQ_000640,20260705,BATCH_50
641,846f41bc-bad9-4d0c-8a37-589ced7abbd6,TXN_10641,MBR_185,ACCT_5696,20230315,588.0,D,5100,Amazon,Purchase at Amazon,SEQ_000641,20230315,BATCH_37
642,846f41bc-bad9-4d0c-8a37-589ced7abbd6,TXN_10642,MBR_118,ACCT_2625,20230924,231.16,C,5400,Amazon,Purchase at Amazon,SEQ_000642,20230924,BATCH_88
643,846f41bc-bad9-4d0c-8a37-589ced7abbd6,TXN_10643,MBR_115,ACCT_5497,20260725,190.34,C,5812,Starbucks,Purchase at Starbucks,SEQ_000643,20260725,BATCH_70
644,846f41bc-bad9-4d0c-8a37-589ced7abbd6,TXN_10644,MBR_102,ACCT_2902,20230210,418.71,D,5200,Costco,Purchase at Costco,SEQ_000644,20230210,BATCH_92
645,846f41bc-bad9-4d0c-8a37-589ced7abbd6,TXN_10645,MBR_143,ACCT_3583,20210410,586.35,D,5100,Walmart,Purchase at Walmart,SEQ_000645,20210410,BATCH_35
646,846f41bc-bad9-4d0c-8a37-589ced7abbd6,TXN_10646,MBR_127,ACCT_5954,20210829,506.18,C,5300,Target,Purchase at Target,SEQ_000646,20210829,BATCH_70
647,846f41bc-bad9-4d0c-8a37-589ced7abbd6,TXN_10647,MBR_184,ACCT_7485,20210312,657.64,C,5400,Costco,Purchase at Costco,SEQ_000647,20210312,BATCH_96
648,846f41bc-bad9-4d0c-8a37-589ced7abbd6,TXN_10648,MBR_181,ACCT_4374,20250701,404.91,C,5100,Costco,Purchase at Costco,SEQ_000648,20250701,BATCH_70
649,846f41bc-bad9-4d0c-8a37-589ced7abbd6,TXN_10649,MBR_177,ACCT_8060,20200114,401.74,C,5200,Starbucks,Purchase at Starbucks,SEQ_000649,20200114,BATCH_28
650,846f41bc-bad9-4d0c-8a37-589ced7abbd6,TXN_10650,MBR_105,ACCT_3094,20260810,694.95,C,5300,Costco,Purchase at Costco,SEQ_000650,20260810,BATCH_88
651,846f41bc-bad9-4d0c-8a37-589ced7abbd6,TXN_10651,MBR_121,ACCT_1228,20250126,128.75,D,5812,Amazon,Purchase at Amazon,SEQ_000651,20250126,BATCH_15
652,846f41bc-bad9-4d0c-8a37-589ced7abbd6,TXN_10652,MBR_181,ACCT_9973,20240227,557.11,D,5812,Walmart,Purchase at Walmart,SEQ_000652,20240227,BATCH_49
653,846f41bc-bad9-4d0c-8a37-589ced7abbd6,TXN_10653,MBR_129,ACCT_3811,20250805,514.02,C,5400,Target,Purchase at Target,SEQ_000653,20250805,BATCH_14
654,846f41bc-bad9-4d0c-8a37-589ced7abbd6,TXN_10654,MBR_120,ACCT_5532,20240401,382.01,C,5100,Walmart,Purchase at Walmart,SEQ_000654,20240401,BATCH_66
655,846f41bc-bad9-4d0c-8a37-589ced7abbd6,TXN_10655,MBR_193,ACCT_8104,20260519,445.38,C,5300,Walmart,Purchase at Walmart,SEQ_000655,20260519,BATCH_19
656,846f41bc-bad9-4d0c-8a37-589ced7abbd6,TXN_10656,MBR_145,ACCT_8779,20261218,180.92,C,5400,Chevron,Purchase at Chevron,SEQ_000656,20261218,BATCH_68
657,846f41bc-bad9-4d0c-8a37-589ced7abbd6,TXN_10657,MBR_170,ACCT_8630,20220106,43.62,D,5200,Starbucks,Purchase at Starbucks,SEQ_000657,20220106,BATCH_20
658,846f41bc-bad9-4d0c-8a37-589ced7abbd6,TXN_10658,MBR_102,ACCT_8183,20231204,316.66,D,5912,Target,Purchase at Target,SEQ_000658,20231204,BATCH_45
659,846f41bc-bad9-4d0c-8a37-589ced7abbd6,TXN_10659,MBR_119,ACCT_2179,20261112,498.01,D,5200,Costco,Purchase at Costco,SEQ_000659,20261112,BATCH_58
660,846f41bc-bad9-4d0c-8a37-589ced7abbd6,TXN_10660,MBR_185,ACCT_2216,20200624,569.2,C,5912,Costco,Purchase at Costco,SEQ_000660,20200624,BATCH_28
661,846f41bc-bad9-4d0c-8a37-589ced7abbd6,TXN_10661,MBR_102,ACCT_1363,20250522,441.4,C,5400,Walmart,Purchase at Walmart,SEQ_000661,20250522,BATCH_19
662,846f41bc-bad9-4d0c-8a37-589ced7abbd6,TXN_10662,MBR_171,ACCT_3259,20260602,703.46,C,5812,Target,Purchase at Target,SEQ_000662,20260602,BATCH_20
663,846f41bc-bad9-4d0c-8a37-589ced7abbd6,TXN_10663,MBR_168,ACCT_3840,20240624,714.89,D,5812,Walmart,Purchase at Walmart,SEQ_000663,20240624,BATCH_95
664,846f41bc-bad9-4d0c-8a37-589ced7abbd6,TXN_10664,MBR_195,ACCT_8026,20230723,71.67,D,5100,Chevron,Purchase at Chevron,SEQ_000664,20230723,BATCH_49
665,846f41bc-bad9-4d0c-8a37-589ced7abbd6,TXN_10665,MBR_139,ACCT_4949,20240828,481.83,D,5200,Target,Purchase at Target,SEQ_000665,20240828,BATCH_38
666,846f41bc-bad9-4d0c-8a37-589ced7abbd6,TXN_10666,MBR_116,ACCT_7748,20211107,624.58,C,5912,Amazon,Purchase at Amazon,SEQ_000666,20211107,BATCH_23
667,846f41bc-bad9-4d0c-8a37-589ced7abbd6,TXN_10667,MBR_166,ACCT_3940,20260601,299.48,C,5100,Walmart,Purchase at Walmart,SEQ_000667,20260601,BATCH_63
668,846f41bc-bad9-4d0c-8a37-589ced7abbd6,TXN_10668,MBR_130,ACCT_7924,20200225,491.08,C,5400,Target,Purchase at Target,SEQ_000668,20200225,BATCH_95
669,846f41bc-bad9-4d0c-8a37-589ced7abbd6,TXN_10669,MBR_173,ACCT_7888,20261107,720.53,C,5200,Target,Purchase at Target,SEQ_000669,20261107,BATCH_72
670,846f41bc-bad9-4d0c-8a37-589ced7abbd6,TXN_10670,MBR_140,ACCT_4681,20201106,120.44,C,5400,Walmart,Purchase at Walmart,SEQ_000670,20201106,BATCH_30
671,846f41bc-bad9-4d0c-8a37-589ced7abbd6,TXN_10671,MBR_110,ACCT_5849,20221013,163.19,C,5400,Target,Purchase at Target,SEQ_000671,20221013,BATCH_99
672,846f41bc-bad9-4d0c-8a37-589ced7abbd6,TXN_10672,MBR_189,ACCT_9594,20200516,519.59,C,5100,Costco,Purchase at Costco,SEQ_000672,20200516,BATCH_74
673,846f41bc-bad9-4d0c-8a37-589ced7abbd6,TXN_10673,MBR_148,ACCT_7349,20231108,399.34,D,5812,Chevron,Purchase at Chevron,SEQ_000673,20231108,BATCH_92
674,846f41bc-bad9-4d0c-8a37-589ced7abbd6,TXN_10674,MBR_117,ACCT_3732,20240412,236.95,D,5400,Target,Purchase at Target,SEQ_000674,20240412,BATCH_12
675,846f41bc-bad9-4d0c-8a37-589ced7abbd6,TXN_10675,MBR_169,ACCT_1348,20240318,680.0,D,5912,Chevron,Purchase at Chevron,SEQ_000675,20240318,BATCH_44
676,846f41bc-bad9-4d0c-8a37-589ced7abbd6,TXN_10676,MBR_165,ACCT_5337,20220907,160.49,C,5912,Amazon,Purchase at Amazon,SEQ_000676,20220907,BATCH_85
677,846f41bc-bad9-4d0c-8a37-589ced7abbd6,TXN_10677,MBR_157,ACCT_4780,20210122,383.88,D,5812,Walmart,Purchase at Walmart,SEQ_000677,20210122,BATCH_85
678,846f41bc-bad9-4d0c-8a37-589ced7abbd6,TXN_10678,MBR_147,ACCT_2409,20220127,418.48,C,5912,Walmart,Purchase at Walmart,SEQ_000678,20220127,BATCH_91
679,846f41bc-bad9-4d0c-8a37-589ced7abbd6,TXN_10679,MBR_187,ACCT_9410,20211229,306.23,D,5912,Chevron,Purchase at Chevron,SEQ_000679,20211229,BATCH_76
680,846f41bc-bad9-4d0c-8a37-589ced7abbd6,TXN_10680,MBR_196,ACCT_8551,20230217,519.67,C,5300,Costco,Purchase at Costco,SEQ_000680,20230217,BATCH_74
681,846f41bc-bad9-4d0c-8a37-589ced7abbd6,TXN_10681,MBR_193,ACCT_7752,20241016,601.77,C,5912,Costco,Purchase at Costco,SEQ_000681,20241016,BATCH_46
682,846f41bc-bad9-4d0c-8a37-589ced7abbd6,TXN_10682,MBR_175,ACCT_2559,20241116,68.06,C,5300,Costco,Purchase at Costco,SEQ_000682,20241116,BATCH_86
683,846f41bc-bad9-4d0c-8a37-589ced7abbd6,TXN_10683,MBR_123,ACCT_8735,20210711,292.01,C,5912,Target,Purchase at Target,SEQ_000683,20210711,BATCH_86
684,846f41bc-bad9-4d0c-8a37-589ced7abbd6,TXN_10684,MBR_188,ACCT_3078,20231227,630.02,C,5912,Walmart,Purchase at Walmart,SEQ_000684,20231227,BATCH_61
685,846f41bc-bad9-4d0c-8a37-589ced7abbd6,TXN_10685,MBR_109,ACCT_3252,20260614,192.88,D,5812,Walmart,Purchase at Walmart,SEQ_000685,20260614,BATCH_76
686,846f41bc-bad9-4d0c-8a37-589ced7abbd6,TXN_10686,MBR_121,ACCT_9746,20220311,384.39,D,5400,Costco,Purchase at Costco,SEQ_000686,20220311,BATCH_53
687,846f41bc-bad9-4d0c-8a37-589ced7abbd6,TXN_10687,MBR_137,ACCT_6456,20230119,716.82,D,5912,Target,Purchase at Target,SEQ_000687,20230119,BATCH_33
688,846f41bc-bad9-4d0c-8a37-589ced7abbd6,TXN_10688,MBR_107,ACCT_9781,20230503,520.36,C,5812,Walmart,Purchase at Walmart,SEQ_000688,20230503,BATCH_65
689,846f41bc-bad9-4d0c-8a37-589ced7abbd6,TXN_10689,MBR_187,ACCT_9204,20211104,451.09,D,5300,Starbucks,Purchase at Starbucks,SEQ_000689,20211104,BATCH_61
690,846f41bc-bad9-4d0c-8a37-589ced7abbd6,TXN_10690,MBR_128,ACCT_5280,20220903,45.4,C,5100,Walmart,Purchase at Walmart,SEQ_000690,20220903,BATCH_98
691,846f41bc-bad9-4d0c-8a37-589ced7abbd6,TXN_10691,MBR_174,ACCT_4630,20230621,670.35,D,5100,Starbucks,Purchase at Starbucks,SEQ_000691,20230621,BATCH_79
692,846f41bc-bad9-4d0c-8a37-589ced7abbd6,TXN_10692,MBR_100,ACCT_3642,20230209,492.93,C,5812,Target,Purchase at Target,SEQ_000692,20230209,BATCH_87
693,846f41bc-bad9-4d0c-8a37-589ced7abbd6,TXN_10693,MBR_143,ACCT_2984,20240317,731.19,D,5100,Amazon,Purchase at Amazon,SEQ_000693,20240317,BATCH_50
694,846f41bc-bad9-4d0c-8a37-589ced7abbd6,TXN_10694,MBR_133,ACCT_8678,20241013,445.08,D,5812,Walmart,Purchase at Walmart,SEQ_000694,20241013,BATCH_51
695,846f41bc-bad9-4d0c-8a37-589ced7abbd6,TXN_10695,MBR_101,ACCT_7105,20200905,521.6,D,5400,Walmart,Purchase at Walmart,SEQ_000695,20200905,BATCH_55
696,846f41bc-bad9-4d0c-8a37-589ced7abbd6,TXN_10696,MBR_120,ACCT_3724,20260106,346.22,D,5300,Walmart,Purchase at Walmart,SEQ_000696,20260106,BATCH_14
697,846f41bc-bad9-4d0c-8a37-589ced7abbd6,TXN_10697,MBR_100,ACCT_2044,20201115,212.42,D,5300,Costco,Purchase at Costco,SEQ_000697,20201115,BATCH_58
698,846f41bc-bad9-4d0c-8a37-589ced7abbd6,TXN_10698,MBR_172,ACCT_9233,20241014,30.23,D,5100,Chevron,Purchase at Chevron,SEQ_000698,20241014,BATCH_82
699,846f41bc-bad9-4d0c-8a37-589ced7abbd6,TXN_10699,MBR_124,ACCT_2990,20230206,475.06,D,5400,Target,Purchase at Target,SEQ_000699,20230206,BATCH_20
700,846f41bc-bad9-4d0c-8a37-589ced7abbd6,TXN_10700,MBR_172,ACCT_6445,20250130,743.27,C,5400,Target,Purchase at Target,SEQ_000700,20250130,BATCH_23
701,846f41bc-bad9-4d0c-8a37-589ced7abbd6,TXN_10701,MBR_149,ACCT_7259,20260331,685.13,D,5912,Costco,Purchase at Costco,SEQ_000701,20260331,BATCH_10
702,846f41bc-bad9-4d0c-8a37-589ced7abbd6,TXN_10702,MBR_169,ACCT_8820,20201206,287.66,C,5200,Starbucks,Purchase at Starbucks,SEQ_000702,20201206,BATCH_60
703,846f41bc-bad9-4d0c-8a37-589ced7abbd6,TXN_10703,MBR_164,ACCT_1415,20221029,92.01,D,5200,Walmart,Purchase at Walmart,SEQ_000703,20221029,BATCH_17
704,846f41bc-bad9-4d0c-8a37-589ced7abbd6,TXN_10704,MBR_119,ACCT_7062,20210623,700.79,D,5300,Amazon,Purchase at Amazon,SEQ_000704,20210623,BATCH_92
705,846f41bc-bad9-4d0c-8a37-589ced7abbd6,TXN_10705,MBR_196,ACCT_9665,20240120,393.38,D,5812,Costco,Purchase at Costco,SEQ_000705,20240120,BATCH_65
706,846f41bc-bad9-4d0c-8a37-589ced7abbd6,TXN_10706,MBR_125,ACCT_6206,20220419,64.61,C,5100,Target,Purchase at Target,SEQ_000706,20220419,BATCH_48
707,846f41bc-bad9-4d0c-8a37-589ced7abbd6,TXN_10707,MBR_161,ACCT_3492,20251110,354.3,D,5812,Amazon,Purchase at Amazon,SEQ_000707,20251110,BATCH_98
708,846f41bc-bad9-4d0c-8a37-589ced7abbd6,TXN_10708,MBR_186,ACCT_8136,20240809,375.89,D,5300,Target,Purchase at Target,SEQ_000708,20240809,BATCH_18
709,846f41bc-bad9-4d0c-8a37-589ced7abbd6,TXN_10709,MBR_104,ACCT_8566,20231207,67.68,D,5812,Walmart,Purchase at Walmart,SEQ_000709,20231207,BATCH_87
710,846f41bc-bad9-4d0c-8a37-589ced7abbd6,TXN_10710,MBR_143,ACCT_2707,20210509,749.6,D,5100,Amazon,Purchase at Amazon,SEQ_000710,20210509,BATCH_53
711,846f41bc-bad9-4d0c-8a37-589ced7abbd6,TXN_10711,MBR_117,ACCT_2038,20220316,566.49,D,5200,Costco,Purchase at Costco,SEQ_000711,20220316,BATCH_31
712,846f41bc-bad9-4d0c-8a37-589ced7abbd6,TXN_10712,MBR_174,ACCT_1811,20261222,157.85,C,5200,Chevron,Purchase at Chevron,SEQ_000712,20261222,BATCH_22
713,846f41bc-bad9-4d0c-8a37-589ced7abbd6,TXN_10713,MBR_146,ACCT_7031,20230805,472.09,D,5300,Target,Purchase at Target,SEQ_000713,20230805,BATCH_29
714,846f41bc-bad9-4d0c-8a37-589ced7abbd6,TXN_10714,MBR_104,ACCT_3695,20240502,350.94,C,5812,Costco,Purchase at Costco,SEQ_000714,20240502,BATCH_94
715,846f41bc-bad9-4d0c-8a37-589ced7abbd6,TXN_10715,MBR_144,ACCT_4112,20261011,282.31,C,5300,Starbucks,Purchase at Starbucks,SEQ_000715,20261011,BATCH_19
716,846f41bc-bad9-4d0c-8a37-589ced7abbd6,TXN_10716,MBR_116,ACCT_2827,20210211,367.65,C,5300,Amazon,Purchase at Amazon,SEQ_000716,20210211,BATCH_47
717,846f41bc-bad9-4d0c-8a37-589ced7abbd6,TXN_10717,MBR_191,ACCT_3508,20220728,630.52,C,5100,Walmart,Purchase at Walmart,SEQ_000717,20220728,BATCH_79
718,846f41bc-bad9-4d0c-8a37-589ced7abbd6,TXN_10718,MBR_173,ACCT_5458,20261120,49.04,D,5300,Target,Purchase at Target,SEQ_000718,20261120,BATCH_64
719,846f41bc-bad9-4d0c-8a37-589ced7abbd6,TXN_10719,MBR_188,ACCT_2715,20260629,449.36,D,5100,Walmart,Purchase at Walmart,SEQ_000719,20260629,BATCH_32
720,846f41bc-bad9-4d0c-8a37-589ced7abbd6,TXN_10720,MBR_199,ACCT_7218,20250802,41.75,C,5400,Target,Purchase at Target,SEQ_000720,20250802,BATCH_62
721,846f41bc-bad9-4d0c-8a37-589ced7abbd6,TXN_10721,MBR_140,ACCT_6904,20200119,396.61,C,5200,Target,Purchase at Target,SEQ_000721,20200119,BATCH_53
722,846f41bc-bad9-4d0c-8a37-589ced7abbd6,TXN_10722,MBR_128,ACCT_4747,20200611,351.38,D,5100,Walmart,Purchase at Walmart,SEQ_000722,20200611,BATCH_65
723,846f41bc-bad9-4d0c-8a37-589ced7abbd6,TXN_10723,MBR_118,ACCT_2069,20220214,337.94,D,5400,Costco,Purchase at Costco,SEQ_000723,20220214,BATCH_14
724,846f41bc-bad9-4d0c-8a37-589ced7abbd6,TXN_10724,MBR_179,ACCT_7877,20230529,377.46,D,5912,Target,Purchase at Target,SEQ_000724,20230529,BATCH_91
725,846f41bc-bad9-4d0c-8a37-589ced7abbd6,TXN_10725,MBR_199,ACCT_8991,20260828,729.68,D,5400,Costco,Purchase at Costco,SEQ_000725,20260828,BATCH_91
726,846f41bc-bad9-4d0c-8a37-589ced7abbd6,TXN_10726,MBR_184,ACCT_2602,20200315,276.34,D,5200,Starbucks,Purchase at Starbucks,SEQ_000726,20200315,BATCH_95
727,846f41bc-bad9-4d0c-8a37-589ced7abbd6,TXN_10727,MBR_176,ACCT_5742,20241005,278.55,D,5300,Chevron,Purchase at Chevron,SEQ_000727,20241005,BATCH_54
728,846f41bc-bad9-4d0c-8a37-589ced7abbd6,TXN_10728,MBR_118,ACCT_9607,20200405,348.62,C,5100,Costco,Purchase at Costco,SEQ_000728,20200405,BATCH_33
729,846f41bc-bad9-4d0c-8a37-589ced7abbd6,TXN_10729,MBR_125,ACCT_8832,20230113,17.03,C,5400,Target,Purchase at Target,SEQ_000729,20230113,BATCH_89
730,846f41bc-bad9-4d0c-8a37-589ced7abbd6,TXN_10730,MBR_127,ACCT_5417,20251217,499.59,D,5100,Target,Purchase at Target,SEQ_000730,20251217,BATCH_91
731,846f41bc-bad9-4d0c-8a37-589ced7abbd6,TXN_10731,MBR_122,ACCT_5062,20240314,157.2,C,5400,Amazon,Purchase at Amazon,SEQ_000731,20240314,BATCH_41
732,846f41bc-bad9-4d0c-8a37-589ced7abbd6,TXN_10732,MBR_114,ACCT_6649,20240410,511.38,D,5100,Costco,Purchase at Costco,SEQ_000732,20240410,BATCH_24
733,846f41bc-bad9-4d0c-8a37-589ced7abbd6,TXN_10733,MBR_122,ACCT_9596,20200507,285.31,D,5812,Chevron,Purchase at Chevron,SEQ_000733,20200507,BATCH_35
734,846f41bc-bad9-4d0c-8a37-589ced7abbd6,TXN_10734,MBR_133,ACCT_8770,20230618,659.11,C,5912,Walmart,Purchase at Walmart,SEQ_000734,20230618,BATCH_73
735,846f41bc-bad9-4d0c-8a37-589ced7abbd6,TXN_10735,MBR_102,ACCT_6651,20240404,153.36,D,5400,Amazon,Purchase at Amazon,SEQ_000735,20240404,BATCH_95
736,846f41bc-bad9-4d0c-8a37-589ced7abbd6,TXN_10736,MBR_196,ACCT_6680,20250928,113.35,C,5100,Costco,Purchase at Costco,SEQ_000736,20250928,BATCH_26
737,846f41bc-bad9-4d0c-8a37-589ced7abbd6,TXN_10737,MBR_153,ACCT_3865,20260526,71.75,C,5100,Starbucks,Purchase at Starbucks,SEQ_000737,20260526,BATCH_50
738,846f41bc-bad9-4d0c-8a37-589ced7abbd6,TXN_10738,MBR_136,ACCT_9159,20210512,567.67,C,5400,Costco,Purchase at Costco,SEQ_000738,20210512,BATCH_29
739,846f41bc-bad9-4d0c-8a37-589ced7abbd6,TXN_10739,MBR_150,ACCT_4456,20220502,549.35,D,5812,Amazon,Purchase at Amazon,SEQ_000739,20220502,BATCH_37
740,846f41bc-bad9-4d0c-8a37-589ced7abbd6,TXN_10740,MBR_129,ACCT_1456,20200530,205.23,C,5400,Costco,Purchase at Costco,SEQ_000740,20200530,BATCH_29
741,846f41bc-bad9-4d0c-8a37-589ced7abbd6,TXN_10741,MBR_165,ACCT_1488,20250731,158.09,D,5400,Starbucks,Purchase at Starbucks,SEQ_000741,20250731,BATCH_25
742,846f41bc-bad9-4d0c-8a37-589ced7abbd6,TXN_10742,MBR_103,ACCT_5996,20261005,255.87,D,5200,Costco,Purchase at Costco,SEQ_000742,20261005,BATCH_75
743,846f41bc-bad9-4d0c-8a37-589ced7abbd6,TXN_10743,MBR_169,ACCT_6602,20261103,739.81,C,5200,Target,Purchase at Target,SEQ_000743,20261103,BATCH_35
744,846f41bc-bad9-4d0c-8a37-589ced7abbd6,TXN_10744,MBR_146,ACCT_6830,20240507,583.95,C,5400,Chevron,Purchase at Chevron,SEQ_000744,20240507,BATCH_77
745,846f41bc-bad9-4d0c-8a37-589ced7abbd6,TXN_10745,MBR_123,ACCT_4635,20240405,208.2,D,5300,Starbucks,Purchase at Starbucks,SEQ_000745,20240405,BATCH_58
746,846f41bc-bad9-4d0c-8a37-589ced7abbd6,TXN_10746,MBR_165,ACCT_1020,20200726,106.17,D,5812,Target,Purchase at Target,SEQ_000746,20200726,BATCH_20
747,846f41bc-bad9-4d0c-8a37-589ced7abbd6,TXN_10747,MBR_172,ACCT_9940,20240920,632.12,C,5300,Amazon,Purchase at Amazon,SEQ_000747,20240920,BATCH_51
748,846f41bc-bad9-4d0c-8a37-589ced7abbd6,TXN_10748,MBR_172,ACCT_1431,20251109,319.82,C,5100,Walmart,Purchase at Walmart,SEQ_000748,20251109,BATCH_69
749,846f41bc-bad9-4d0c-8a37-589ced7abbd6,TXN_10749,MBR_181,ACCT_5999,20220405,485.48,D,5300,Chevron,Purchase at Chevron,SEQ_000749,20220405,BATCH_17
750,846f41bc-bad9-4d0c-8a37-589ced7abbd6,TXN_10750,MBR_184,ACCT_5426,20210202,246.57,D,5400,Starbucks,Purchase at Starbucks,SEQ_000750,20210202,BATCH_70
751,846f41bc-bad9-4d0c-8a37-589ced7abbd6,TXN_10751,MBR_153,ACCT_1643,20210830,286.86,C,5300,Chevron,Purchase at Chevron,SEQ_000751,20210830,BATCH_55
752,846f41bc-bad9-4d0c-8a37-589ced7abbd6,TXN_10752,MBR_182,ACCT_5893,20230629,229.95,D,5200,Starbucks,Purchase at Starbucks,SEQ_000752,20230629,BATCH_31
753,846f41bc-bad9-4d0c-8a37-589ced7abbd6,TXN_10753,MBR_110,ACCT_9878,20200811,69.48,C,5100,Starbucks,Purchase at Starbucks,SEQ_000753,20200811,BATCH_76
754,846f41bc-bad9-4d0c-8a37-589ced7abbd6,TXN_10754,MBR_169,ACCT_7221,20231215,304.05,C,5100,Walmart,Purchase at Walmart,SEQ_000754,20231215,BATCH_33
755,846f41bc-bad9-4d0c-8a37-589ced7abbd6,TXN_10755,MBR_123,ACCT_5235,20260829,499.61,D,5300,Target,Purchase at Target,SEQ_000755,20260829,BATCH_21
756,846f41bc-bad9-4d0c-8a37-589ced7abbd6,TXN_10756,MBR_186,ACCT_6592,20240818,224.05,C,5100,Chevron,Purchase at Chevron,SEQ_000756,20240818,BATCH_31
757,846f41bc-bad9-4d0c-8a37-589ced7abbd6,TXN_10757,MBR_107,ACCT_2664,20230322,86.79,D,5812,Target,Purchase at Target,SEQ_000757,20230322,BATCH_48
758,846f41bc-bad9-4d0c-8a37-589ced7abbd6,TXN_10758,MBR_151,ACCT_7776,20210208,451.7,C,5912,Starbucks,Purchase at Starbucks,SEQ_000758,20210208,BATCH_95
759,846f41bc-bad9-4d0c-8a37-589ced7abbd6,TXN_10759,MBR_133,ACCT_8106,20210904,570.06,D,5100,Walmart,Purchase at Walmart,SEQ_000759,20210904,BATCH_58
760,846f41bc-bad9-4d0c-8a37-589ced7abbd6,TXN_10760,MBR_142,ACCT_6819,20220610,232.77,C,5100,Starbucks,Purchase at Starbucks,SEQ_000760,20220610,BATCH_49
761,846f41bc-bad9-4d0c-8a37-589ced7abbd6,TXN_10761,MBR_176,ACCT_9167,20220426,386.61,D,5100,Costco,Purchase at Costco,SEQ_000761,20220426,BATCH_64
762,846f41bc-bad9-4d0c-8a37-589ced7abbd6,TXN_10762,MBR_125,ACCT_1552,20230517,541.06,D,5400,Target,Purchase at Target,SEQ_000762,20230517,BATCH_23
763,846f41bc-bad9-4d0c-8a37-589ced7abbd6,TXN_10763,MBR_163,ACCT_6156,20220819,435.37,C,5100,Target,Purchase at Target,SEQ_000763,20220819,BATCH_67
764,846f41bc-bad9-4d0c-8a37-589ced7abbd6,TXN_10764,MBR_179,ACCT_3583,20241014,62.27,D,5812,Costco,Purchase at Costco,SEQ_000764,20241014,BATCH_12
765,846f41bc-bad9-4d0c-8a37-589ced7abbd6,TXN_10765,MBR_174,ACCT_9617,20210904,168.63,C,5300,Costco,Purchase at Costco,SEQ_000765,20210904,BATCH_92
766,846f41bc-bad9-4d0c-8a37-589ced7abbd6,TXN_10766,MBR_137,ACCT_1946,20210630,608.92,C,5912,Walmart,Purchase at Walmart,SEQ_000766,20210630,BATCH_37
767,846f41bc-bad9-4d0c-8a37-589ced7abbd6,TXN_10767,MBR_173,ACCT_9044,20201115,561.54,D,5912,Chevron,Purchase at Chevron,SEQ_000767,20201115,BATCH_13
768,846f41bc-bad9-4d0c-8a37-589ced7abbd6,TXN_10768,MBR_115,ACCT_6995,20250803,161.24,D,5200,Amazon,Purchase at Amazon,SEQ_000768,20250803,BATCH_78
769,846f41bc-bad9-4d0c-8a37-589ced7abbd6,TXN_10769,MBR_163,ACCT_1913,20260605,305.39,C,5400,Amazon,Purchase at Amazon,SEQ_000769,20260605,BATCH_62
770,846f41bc-bad9-4d0c-8a37-589ced7abbd6,TXN_10770,MBR_146,ACCT_1461,20200112,64.05,D,5812,Target,Purchase at Target,SEQ_000770,20200112,BATCH_11
771,846f41bc-bad9-4d0c-8a37-589ced7abbd6,TXN_10771,MBR_173,ACCT_2343,20201217,436.03,C,5400,Starbucks,Purchase at Starbucks,SEQ_000771,20201217,BATCH_75
772,846f41bc-bad9-4d0c-8a37-589ced7abbd6,TXN_10772,MBR_172,ACCT_2879,20260626,649.56,D,5300,Amazon,Purchase at Amazon,SEQ_000772,20260626,BATCH_10
773,846f41bc-bad9-4d0c-8a37-589ced7abbd6,TXN_10773,MBR_137,ACCT_5770,20210317,620.43,C,5200,Chevron,Purchase at Chevron,SEQ_000773,20210317,BATCH_99
774,846f41bc-bad9-4d0c-8a37-589ced7abbd6,TXN_10774,MBR_166,ACCT_4628,20200926,713.57,D,5100,Amazon,Purchase at Amazon,SEQ_000774,20200926,BATCH_61
775,846f41bc-bad9-4d0c-8a37-589ced7abbd6,TXN_10775,MBR_129,ACCT_9723,20221210,532.95,C,5400,Chevron,Purchase at Chevron,SEQ_000775,20221210,BATCH_65
776,846f41bc-bad9-4d0c-8a37-589ced7abbd6,TXN_10776,MBR_166,ACCT_2268,20220424,611.1,D,5912,Amazon,Purchase at Amazon,SEQ_000776,20220424,BATCH_36
777,846f41bc-bad9-4d0c-8a37-589ced7abbd6,TXN_10777,MBR_179,ACCT_9869,20240709,550.1,D,5400,Target,Purchase at Target,SEQ_000777,20240709,BATCH_23
778,846f41bc-bad9-4d0c-8a37-589ced7abbd6,TXN_10778,MBR_182,ACCT_7764,20230814,301.16,D,5400,Starbucks,Purchase at Starbucks,SEQ_000778,20230814,BATCH_58
779,846f41bc-bad9-4d0c-8a37-589ced7abbd6,TXN_10779,MBR_154,ACCT_3309,20201209,591.68,C,5812,Costco,Purchase at Costco,SEQ_000779,20201209,BATCH_94
780,846f41bc-bad9-4d0c-8a37-589ced7abbd6,TXN_10780,MBR_160,ACCT_8054,20210507,65.77,D,5300,Starbucks,Purchase at Starbucks,SEQ_000780,20210507,BATCH_27
781,846f41bc-bad9-4d0c-8a37-589ced7abbd6,TXN_10781,MBR_171,ACCT_7105,20260929,101.03,D,5300,Walmart,Purchase at Walmart,SEQ_000781,20260929,BATCH_38
782,846f41bc-bad9-4d0c-8a37-589ced7abbd6,TXN_10782,MBR_126,ACCT_6867,20240903,581.67,C,5300,Costco,Purchase at Costco,SEQ_000782,20240903,BATCH_10
783,846f41bc-bad9-4d0c-8a37-589ced7abbd6,TXN_10783,MBR_173,ACCT_2108,20251004,650.9,D,5912,Costco,Purchase at Costco,SEQ_000783,20251004,BATCH_21
784,846f41bc-bad9-4d0c-8a37-589ced7abbd6,TXN_10784,MBR_193,ACCT_1880,20260612,394.61,C,5200,Target,Purchase at Target,SEQ_000784,20260612,BATCH_26
785,846f41bc-bad9-4d0c-8a37-589ced7abbd6,TXN_10785,MBR_186,ACCT_9267,20251028,233.96,C,5300,Amazon,Purchase at Amazon,SEQ_000785,20251028,BATCH_15
786,846f41bc-bad9-4d0c-8a37-589ced7abbd6,TXN_10786,MBR_122,ACCT_3010,20260227,214.26,C,5200,Target,Purchase at Target,SEQ_000786,20260227,BATCH_35
787,846f41bc-bad9-4d0c-8a37-589ced7abbd6,TXN_10787,MBR_184,ACCT_6620,20200730,324.44,C,5200,Starbucks,Purchase at Starbucks,SEQ_000787,20200730,BATCH_12
788,846f41bc-bad9-4d0c-8a37-589ced7abbd6,TXN_10788,MBR_149,ACCT_4232,20210727,660.91,D,5200,Costco,Purchase at Costco,SEQ_000788,20210727,BATCH_20
789,846f41bc-bad9-4d0c-8a37-589ced7abbd6,TXN_10789,MBR_104,ACCT_9068,20261221,6.73,C,5200,Starbucks,Purchase at Starbucks,SEQ_000789,20261221,BATCH_54
790,846f41bc-bad9-4d0c-8a37-589ced7abbd6,TXN_10790,MBR_123,ACCT_3855,20210524,498.77,C,5400,Costco,Purchase at Costco,SEQ_000790,20210524,BATCH_93
791,846f41bc-bad9-4d0c-8a37-589ced7abbd6,TXN_10791,MBR_150,ACCT_6443,20241215,460.48,C,5400,Chevron,Purchase at Chevron,SEQ_000791,20241215,BATCH_97
792,846f41bc-bad9-4d0c-8a37-589ced7abbd6,TXN_10792,MBR_135,ACCT_3042,20260415,255.22,C,5912,Starbucks,Purchase at Starbucks,SEQ_000792,20260415,BATCH_23
793,846f41bc-bad9-4d0c-8a37-589ced7abbd6,TXN_10793,MBR_134,ACCT_5457,20201220,263.08,C,5300,Costco,Purchase at Costco,SEQ_000793,20201220,BATCH_47
794,846f41bc-bad9-4d0c-8a37-589ced7abbd6,TXN_10794,MBR_109,ACCT_7650,20200914,453.08,D,5300,Target,Purchase at Target,SEQ_000794,20200914,BATCH_10
795,846f41bc-bad9-4d0c-8a37-589ced7abbd6,TXN_10795,MBR_149,ACCT_7905,20220427,523.89,C,5912,Walmart,Purchase at Walmart,SEQ_000795,20220427,BATCH_97
796,846f41bc-bad9-4d0c-8a37-589ced7abbd6,TXN_10796,MBR_188,ACCT_2904,20240111,570.24,C,5812,Amazon,Purchase at Amazon,SEQ_000796,20240111,BATCH_48
797,846f41bc-bad9-4d0c-8a37-589ced7abbd6,TXN_10797,MBR_145,ACCT_5222,20231125,31.12,D,5300,Costco,Purchase at Costco,SEQ_000797,20231125,BATCH_14
798,846f41bc-bad9-4d0c-8a37-589ced7abbd6,TXN_10798,MBR_124,ACCT_3963,20210905,501.37,C,5200,Costco,Purchase at Costco,SEQ_000798,20210905,BATCH_60
799,846f41bc-bad9-4d0c-8a37-589ced7abbd6,TXN_10799,MBR_104,ACCT_4837,20211117,385.75,C,5200,Target,Purchase at Target,SEQ_000799,20211117,BATCH_28
800,846f41bc-bad9-4d0c-8a37-589ced7abbd6,TXN_10800,MBR_113,ACCT_5794,20250420,465.46,D,5812,Walmart,Purchase at Walmart,SEQ_000800,20250420,BATCH_34
801,846f41bc-bad9-4d0c-8a37-589ced7abbd6,TXN_10801,MBR_121,ACCT_8809,20231108,556.94,C,5200,Chevron,Purchase at Chevron,SEQ_000801,20231108,BATCH_99
802,846f41bc-bad9-4d0c-8a37-589ced7abbd6,TXN_10802,MBR_165,ACCT_8384,20260812,742.88,D,5812,Walmart,Purchase at Walmart,SEQ_000802,20260812,BATCH_36
803,846f41bc-bad9-4d0c-8a37-589ced7abbd6,TXN_10803,MBR_162,ACCT_2680,20240723,300.54,C,5400,Walmart,Purchase at Walmart,SEQ_000803,20240723,BATCH_64
804,846f41bc-bad9-4d0c-8a37-589ced7abbd6,TXN_10804,MBR_198,ACCT_9323,20220205,149.74,C,5912,Amazon,Purchase at Amazon,SEQ_000804,20220205,BATCH_77
805,846f41bc-bad9-4d0c-8a37-589ced7abbd6,TXN_10805,MBR_199,ACCT_4497,20200118,748.9,C,5100,Amazon,Purchase at Amazon,SEQ_000805,20200118,BATCH_57
806,846f41bc-bad9-4d0c-8a37-589ced7abbd6,TXN_10806,MBR_113,ACCT_7031,20230224,709.87,D,5200,Walmart,Purchase at Walmart,SEQ_000806,20230224,BATCH_39
807,846f41bc-bad9-4d0c-8a37-589ced7abbd6,TXN_10807,MBR_105,ACCT_6676,20250807,161.79,D,5100,Target,Purchase at Target,SEQ_000807,20250807,BATCH_47
808,846f41bc-bad9-4d0c-8a37-589ced7abbd6,TXN_10808,MBR_173,ACCT_1653,20211116,155.43,D,5912,Target,Purchase at Target,SEQ_000808,20211116,BATCH_91
809,846f41bc-bad9-4d0c-8a37-589ced7abbd6,TXN_10809,MBR_148,ACCT_2134,20240324,371.94,C,5200,Target,Purchase at Target,SEQ_000809,20240324,BATCH_90
810,846f41bc-bad9-4d0c-8a37-589ced7abbd6,TXN_10810,MBR_179,ACCT_6748,20220626,256.69,D,5200,Starbucks,Purchase at Starbucks,SEQ_000810,20220626,BATCH_57
811,846f41bc-bad9-4d0c-8a37-589ced7abbd6,TXN_10811,MBR_165,ACCT_1053,20200601,427.36,D,5912,Costco,Purchase at Costco,SEQ_000811,20200601,BATCH_88
812,846f41bc-bad9-4d0c-8a37-589ced7abbd6,TXN_10812,MBR_115,ACCT_9200,20220814,256.07,C,5400,Walmart,Purchase at Walmart,SEQ_000812,20220814,BATCH_68
813,846f41bc-bad9-4d0c-8a37-589ced7abbd6,TXN_10813,MBR_162,ACCT_1579,20200207,219.18,C,5812,Walmart,Purchase at Walmart,SEQ_000813,20200207,BATCH_12
814,846f41bc-bad9-4d0c-8a37-589ced7abbd6,TXN_10814,MBR_187,ACCT_4327,20210915,580.78,D,5300,Chevron,Purchase at Chevron,SEQ_000814,20210915,BATCH_55
815,846f41bc-bad9-4d0c-8a37-589ced7abbd6,TXN_10815,MBR_133,ACCT_2431,20231103,332.47,C,5400,Costco,Purchase at Costco,SEQ_000815,20231103,BATCH_57
816,846f41bc-bad9-4d0c-8a37-589ced7abbd6,TXN_10816,MBR_192,ACCT_7209,20210923,684.51,C,5200,Starbucks,Purchase at Starbucks,SEQ_000816,20210923,BATCH_81
817,846f41bc-bad9-4d0c-8a37-589ced7abbd6,TXN_10817,MBR_181,ACCT_6438,20220917,570.12,D,5100,Amazon,Purchase at Amazon,SEQ_000817,20220917,BATCH_27
818,846f41bc-bad9-4d0c-8a37-589ced7abbd6,TXN_10818,MBR_107,ACCT_3930,20221007,107.79,C,5912,Amazon,Purchase at Amazon,SEQ_000818,20221007,BATCH_78
819,846f41bc-bad9-4d0c-8a37-589ced7abbd6,TXN_10819,MBR_117,ACCT_1313,20250405,199.29,D,5912,Target,Purchase at Target,SEQ_000819,20250405,BATCH_44
820,846f41bc-bad9-4d0c-8a37-589ced7abbd6,TXN_10820,MBR_108,ACCT_8090,20230924,164.67,D,5300,Chevron,Purchase at Chevron,SEQ_000820,20230924,BATCH_96
821,846f41bc-bad9-4d0c-8a37-589ced7abbd6,TXN_10821,MBR_107,ACCT_6727,20211023,649.3,D,5300,Costco,Purchase at Costco,SEQ_000821,20211023,BATCH_93
822,846f41bc-bad9-4d0c-8a37-589ced7abbd6,TXN_10822,MBR_151,ACCT_9557,20250919,417.21,D,5400,Amazon,Purchase at Amazon,SEQ_000822,20250919,BATCH_97
823,846f41bc-bad9-4d0c-8a37-589ced7abbd6,TXN_10823,MBR_142,ACCT_2812,20210516,615.3,C,5100,Target,Purchase at Target,SEQ_000823,20210516,BATCH_31
824,846f41bc-bad9-4d0c-8a37-589ced7abbd6,TXN_10824,MBR_189,ACCT_1158,20260730,466.63,C,5200,Target,Purchase at Target,SEQ_000824,20260730,BATCH_91
825,846f41bc-bad9-4d0c-8a37-589ced7abbd6,TXN_10825,MBR_191,ACCT_2938,20260622,421.86,C,5912,Walmart,Purchase at Walmart,SEQ_000825,20260622,BATCH_20
826,846f41bc-bad9-4d0c-8a37-589ced7abbd6,TXN_10826,MBR_114,ACCT_2464,20260622,86.71,C,5100,Target,Purchase at Target,SEQ_000826,20260622,BATCH_61
827,846f41bc-bad9-4d0c-8a37-589ced7abbd6,TXN_10827,MBR_199,ACCT_9900,20250711,508.56,C,5400,Amazon,Purchase at Amazon,SEQ_000827,20250711,BATCH_30
828,846f41bc-bad9-4d0c-8a37-589ced7abbd6,TXN_10828,MBR_177,ACCT_7705,20241214,23.82,C,5812,Starbucks,Purchase at Starbucks,SEQ_000828,20241214,BATCH_36
829,846f41bc-bad9-4d0c-8a37-589ced7abbd6,TXN_10829,MBR_115,ACCT_2988,20220207,353.94,C,5200,Chevron,Purchase at Chevron,SEQ_000829,20220207,BATCH_61
830,846f41bc-bad9-4d0c-8a37-589ced7abbd6,TXN_10830,MBR_190,ACCT_5822,20250907,282.07,C,5100,Costco,Purchase at Costco,SEQ_000830,20250907,BATCH_85
831,846f41bc-bad9-4d0c-8a37-589ced7abbd6,TXN_10831,MBR_106,ACCT_7371,20240915,677.8,D,5200,Chevron,Purchase at Chevron,SEQ_000831,20240915,BATCH_38
832,846f41bc-bad9-4d0c-8a37-589ced7abbd6,TXN_10832,MBR_110,ACCT_5731,20210223,104.17,C,5912,Walmart,Purchase at Walmart,SEQ_000832,20210223,BATCH_67
833,846f41bc-bad9-4d0c-8a37-589ced7abbd6,TXN_10833,MBR_179,ACCT_7399,20250217,174.12,C,5912,Target,Purchase at Target,SEQ_000833,20250217,BATCH_28
834,846f41bc-bad9-4d0c-8a37-589ced7abbd6,TXN_10834,MBR_185,ACCT_1646,20211007,170.03,D,5200,Target,Purchase at Target,SEQ_000834,20211007,BATCH_13
835,846f41bc-bad9-4d0c-8a37-589ced7abbd6,TXN_10835,MBR_191,ACCT_7988,20210520,636.03,D,5300,Starbucks,Purchase at Starbucks,SEQ_000835,20210520,BATCH_19
836,846f41bc-bad9-4d0c-8a37-589ced7abbd6,TXN_10836,MBR_105,ACCT_8540,20210524,479.8,C,5300,Target,Purchase at Target,SEQ_000836,20210524,BATCH_53
837,846f41bc-bad9-4d0c-8a37-589ced7abbd6,TXN_10837,MBR_117,ACCT_5052,20250224,338.23,D,5100,Target,Purchase at Target,SEQ_000837,20250224,BATCH_84
838,846f41bc-bad9-4d0c-8a37-589ced7abbd6,TXN_10838,MBR_128,ACCT_6676,20260924,390.25,C,5812,Amazon,Purchase at Amazon,SEQ_000838,20260924,BATCH_36
839,846f41bc-bad9-4d0c-8a37-589ced7abbd6,TXN_10839,MBR_191,ACCT_8099,20220515,671.25,D,5400,Costco,Purchase at Costco,SEQ_000839,20220515,BATCH_96
840,846f41bc-bad9-4d0c-8a37-589ced7abbd6,TXN_10840,MBR_177,ACCT_8880,20250724,519.72,D,5912,Starbucks,Purchase at Starbucks,SEQ_000840,20250724,BATCH_73
841,846f41bc-bad9-4d0c-8a37-589ced7abbd6,TXN_10841,MBR_138,ACCT_2968,20211105,641.86,C,5400,Costco,Purchase at Costco,SEQ_000841,20211105,BATCH_55
842,846f41bc-bad9-4d0c-8a37-589ced7abbd6,TXN_10842,MBR_145,ACCT_5366,20200831,496.49,D,5912,Chevron,Purchase at Chevron,SEQ_000842,20200831,BATCH_61
843,846f41bc-bad9-4d0c-8a37-589ced7abbd6,TXN_10843,MBR_140,ACCT_7063,20230713,411.81,C,5812,Target,Purchase at Target,SEQ_000843,20230713,BATCH_61
844,846f41bc-bad9-4d0c-8a37-589ced7abbd6,TXN_10844,MBR_151,ACCT_3492,20240315,587.02,D,5100,Starbucks,Purchase at Starbucks,SEQ_000844,20240315,BATCH_65
845,846f41bc-bad9-4d0c-8a37-589ced7abbd6,TXN_10845,MBR_189,ACCT_2409,20200130,612.12,C,5812,Target,Purchase at Target,SEQ_000845,20200130,BATCH_87
846,846f41bc-bad9-4d0c-8a37-589ced7abbd6,TXN_10846,MBR_133,ACCT_9686,20251205,741.18,C,5400,Costco,Purchase at Costco,SEQ_000846,20251205,BATCH_91
847,846f41bc-bad9-4d0c-8a37-589ced7abbd6,TXN_10847,MBR_104,ACCT_6834,20211025,544.27,D,5400,Starbucks,Purchase at Starbucks,SEQ_000847,20211025,BATCH_93
848,846f41bc-bad9-4d0c-8a37-589ced7abbd6,TXN_10848,MBR_131,ACCT_4092,20260112,583.37,D,5400,Costco,Purchase at Costco,SEQ_000848,20260112,BATCH_77
849,846f41bc-bad9-4d0c-8a37-589ced7abbd6,TXN_10849,MBR_181,ACCT_2833,20250219,131.12,C,5300,Amazon,Purchase at Amazon,SEQ_000849,20250219,BATCH_92
850,846f41bc-bad9-4d0c-8a37-589ced7abbd6,TXN_10850,MBR_170,ACCT_8715,20200308,738.63,C,5912,Costco,Purchase at Costco,SEQ_000850,20200308,BATCH_58
851,846f41bc-bad9-4d0c-8a37-589ced7abbd6,TXN_10851,MBR_113,ACCT_2820,20210512,694.67,C,5400,Chevron,Purchase at Chevron,SEQ_000851,20210512,BATCH_58
852,846f41bc-bad9-4d0c-8a37-589ced7abbd6,TXN_10852,MBR_123,ACCT_4257,20221112,735.68,C,5100,Costco,Purchase at Costco,SEQ_000852,20221112,BATCH_80
853,846f41bc-bad9-4d0c-8a37-589ced7abbd6,TXN_10853,MBR_124,ACCT_7876,20250409,44.53,D,5200,Target,Purchase at Target,SEQ_000853,20250409,BATCH_18
854,846f41bc-bad9-4d0c-8a37-589ced7abbd6,TXN_10854,MBR_157,ACCT_9146,20260827,593.56,D,5912,Chevron,Purchase at Chevron,SEQ_000854,20260827,BATCH_90
855,846f41bc-bad9-4d0c-8a37-589ced7abbd6,TXN_10855,MBR_121,ACCT_1843,20200805,525.46,D,5100,Amazon,Purchase at Amazon,SEQ_000855,20200805,BATCH_54
856,846f41bc-bad9-4d0c-8a37-589ced7abbd6,TXN_10856,MBR_136,ACCT_6122,20220511,360.83,C,5100,Chevron,Purchase at Chevron,SEQ_000856,20220511,BATCH_55
857,846f41bc-bad9-4d0c-8a37-589ced7abbd6,TXN_10857,MBR_178,ACCT_7517,20260810,704.9,D,5400,Amazon,Purchase at Amazon,SEQ_000857,20260810,BATCH_34
858,846f41bc-bad9-4d0c-8a37-589ced7abbd6,TXN_10858,MBR_180,ACCT_9985,20240106,146.49,D,5912,Starbucks,Purchase at Starbucks,SEQ_000858,20240106,BATCH_22
859,846f41bc-bad9-4d0c-8a37-589ced7abbd6,TXN_10859,MBR_181,ACCT_4796,20230424,652.42,C,5100,Target,Purchase at Target,SEQ_000859,20230424,BATCH_67
860,846f41bc-bad9-4d0c-8a37-589ced7abbd6,TXN_10860,MBR_135,ACCT_4847,20230321,530.71,C,5812,Walmart,Purchase at Walmart,SEQ_000860,20230321,BATCH_46
861,846f41bc-bad9-4d0c-8a37-589ced7abbd6,TXN_10861,MBR_107,ACCT_5379,20240430,314.03,C,5812,Amazon,Purchase at Amazon,SEQ_000861,20240430,BATCH_34
862,846f41bc-bad9-4d0c-8a37-589ced7abbd6,TXN_10862,MBR_192,ACCT_8694,20201027,386.43,C,5100,Starbucks,Purchase at Starbucks,SEQ_000862,20201027,BATCH_24
863,846f41bc-bad9-4d0c-8a37-589ced7abbd6,TXN_10863,MBR_107,ACCT_8998,20200123,628.47,C,5912,Amazon,Purchase at Amazon,SEQ_000863,20200123,BATCH_97
864,846f41bc-bad9-4d0c-8a37-589ced7abbd6,TXN_10864,MBR_145,ACCT_9741,20240401,638.05,C,5100,Starbucks,Purchase at Starbucks,SEQ_000864,20240401,BATCH_80
865,846f41bc-bad9-4d0c-8a37-589ced7abbd6,TXN_10865,MBR_150,ACCT_9958,20250327,735.73,D,5200,Costco,Purchase at Costco,SEQ_000865,20250327,BATCH_22
866,846f41bc-bad9-4d0c-8a37-589ced7abbd6,TXN_10866,MBR_146,ACCT_2062,20220125,689.52,D,5100,Starbucks,Purchase at Starbucks,SEQ_000866,20220125,BATCH_48
867,846f41bc-bad9-4d0c-8a37-589ced7abbd6,TXN_10867,MBR_115,ACCT_5880,20221002,79.67,D,5200,Amazon,Purchase at Amazon,SEQ_000867,20221002,BATCH_45
868,846f41bc-bad9-4d0c-8a37-589ced7abbd6,TXN_10868,MBR_142,ACCT_2126,20260314,667.44,D,5200,Amazon,Purchase at Amazon,SEQ_000868,20260314,BATCH_53
869,846f41bc-bad9-4d0c-8a37-589ced7abbd6,TXN_10869,MBR_114,ACCT_1009,20200807,269.7,C,5400,Chevron,Purchase at Chevron,SEQ_000869,20200807,BATCH_56
870,846f41bc-bad9-4d0c-8a37-589ced7abbd6,TXN_10870,MBR_191,ACCT_3110,20210313,75.1,D,5200,Amazon,Purchase at Amazon,SEQ_000870,20210313,BATCH_12
871,846f41bc-bad9-4d0c-8a37-589ced7abbd6,TXN_10871,MBR_103,ACCT_8994,20240806,619.8,D,5300,Walmart,Purchase at Walmart,SEQ_000871,20240806,BATCH_85
872,846f41bc-bad9-4d0c-8a37-589ced7abbd6,TXN_10872,MBR_180,ACCT_6235,20220215,192.44,D,5812,Chevron,Purchase at Chevron,SEQ_000872,20220215,BATCH_69
873,846f41bc-bad9-4d0c-8a37-589ced7abbd6,TXN_10873,MBR_133,ACCT_8221,20201010,159.2,D,5100,Starbucks,Purchase at Starbucks,SEQ_000873,20201010,BATCH_64
874,846f41bc-bad9-4d0c-8a37-589ced7abbd6,TXN_10874,MBR_101,ACCT_2364,20250721,722.74,D,5812,Costco,Purchase at Costco,SEQ_000874,20250721,BATCH_32
875,846f41bc-bad9-4d0c-8a37-589ced7abbd6,TXN_10875,MBR_141,ACCT_5354,20231220,164.21,C,5812,Costco,Purchase at Costco,SEQ_000875,20231220,BATCH_28
876,846f41bc-bad9-4d0c-8a37-589ced7abbd6,TXN_10876,MBR_104,ACCT_6232,20261223,150.03,C,5100,Chevron,Purchase at Chevron,SEQ_000876,20261223,BATCH_99
877,846f41bc-bad9-4d0c-8a37-589ced7abbd6,TXN_10877,MBR_115,ACCT_5387,20220823,627.4,C,5200,Walmart,Purchase at Walmart,SEQ_000877,20220823,BATCH_88
878,846f41bc-bad9-4d0c-8a37-589ced7abbd6,TXN_10878,MBR_191,ACCT_8391,20230906,200.75,C,5300,Starbucks,Purchase at Starbucks,SEQ_000878,20230906,BATCH_62
879,846f41bc-bad9-4d0c-8a37-589ced7abbd6,TXN_10879,MBR_108,ACCT_6935,20231226,374.12,D,5912,Starbucks,Purchase at Starbucks,SEQ_000879,20231226,BATCH_78
880,846f41bc-bad9-4d0c-8a37-589ced7abbd6,TXN_10880,MBR_172,ACCT_3128,20200515,294.15,D,5400,Costco,Purchase at Costco,SEQ_000880,20200515,BATCH_12
881,846f41bc-bad9-4d0c-8a37-589ced7abbd6,TXN_10881,MBR_157,ACCT_5586,20261231,145.64,C,5400,Starbucks,Purchase at Starbucks,SEQ_000881,20261231,BATCH_39
882,846f41bc-bad9-4d0c-8a37-589ced7abbd6,TXN_10882,MBR_157,ACCT_5514,20200130,98.54,D,5912,Starbucks,Purchase at Starbucks,SEQ_000882,20200130,BATCH_90
883,846f41bc-bad9-4d0c-8a37-589ced7abbd6,TXN_10883,MBR_127,ACCT_7674,20200420,608.29,D,5812,Walmart,Purchase at Walmart,SEQ_000883,20200420,BATCH_33
884,846f41bc-bad9-4d0c-8a37-589ced7abbd6,TXN_10884,MBR_134,ACCT_4094,20241228,33.28,C,5400,Walmart,Purchase at Walmart,SEQ_000884,20241228,BATCH_71
885,846f41bc-bad9-4d0c-8a37-589ced7abbd6,TXN_10885,MBR_102,ACCT_6696,20250921,103.24,C,5812,Walmart,Purchase at Walmart,SEQ_000885,20250921,BATCH_83
886,846f41bc-bad9-4d0c-8a37-589ced7abbd6,TXN_10886,MBR_184,ACCT_1278,20250513,287.11,D,5912,Starbucks,Purchase at Starbucks,SEQ_000886,20250513,BATCH_53
887,846f41bc-bad9-4d0c-8a37-589ced7abbd6,TXN_10887,MBR_178,ACCT_5867,20200114,414.72,C,5200,Starbucks,Purchase at Starbucks,SEQ_000887,20200114,BATCH_44
888,846f41bc-bad9-4d0c-8a37-589ced7abbd6,TXN_10888,MBR_147,ACCT_9571,20200531,192.25,C,5300,Costco,Purchase at Costco,SEQ_000888,20200531,BATCH_67
889,846f41bc-bad9-4d0c-8a37-589ced7abbd6,TXN_10889,MBR_105,ACCT_8332,20240212,459.8,C,5912,Amazon,Purchase at Amazon,SEQ_000889,20240212,BATCH_31
890,846f41bc-bad9-4d0c-8a37-589ced7abbd6,TXN_10890,MBR_149,ACCT_8505,20250516,545.18,C,5400,Target,Purchase at Target,SEQ_000890,20250516,BATCH_84
891,846f41bc-bad9-4d0c-8a37-589ced7abbd6,TXN_10891,MBR_101,ACCT_6048,20200902,186.44,C,5200,Walmart,Purchase at Walmart,SEQ_000891,20200902,BATCH_39
892,846f41bc-bad9-4d0c-8a37-589ced7abbd6,TXN_10892,MBR_191,ACCT_3457,20200903,81.67,D,5812,Target,Purchase at Target,SEQ_000892,20200903,BATCH_91
893,846f41bc-bad9-4d0c-8a37-589ced7abbd6,TXN_10893,MBR_172,ACCT_2932,20221201,146.39,D,5400,Costco,Purchase at Costco,SEQ_000893,20221201,BATCH_89
894,846f41bc-bad9-4d0c-8a37-589ced7abbd6,TXN_10894,MBR_177,ACCT_2385,20210101,42.78,D,5100,Starbucks,Purchase at Starbucks,SEQ_000894,20210101,BATCH_69
895,846f41bc-bad9-4d0c-8a37-589ced7abbd6,TXN_10895,MBR_177,ACCT_2875,20261214,720.87,C,5300,Costco,Purchase at Costco,SEQ_000895,20261214,BATCH_84
896,846f41bc-bad9-4d0c-8a37-589ced7abbd6,TXN_10896,MBR_193,ACCT_5409,20251130,453.18,C,5200,Chevron,Purchase at Chevron,SEQ_000896,20251130,BATCH_99
897,846f41bc-bad9-4d0c-8a37-589ced7abbd6,TXN_10897,MBR_147,ACCT_7633,20230821,399.19,D,5300,Amazon,Purchase at Amazon,SEQ_000897,20230821,BATCH_56
898,846f41bc-bad9-4d0c-8a37-589ced7abbd6,TXN_10898,MBR_159,ACCT_5210,20210316,606.24,C,5812,Costco,Purchase at Costco,SEQ_000898,20210316,BATCH_68
899,846f41bc-bad9-4d0c-8a37-589ced7abbd6,TXN_10899,MBR_160,ACCT_7834,20241029,155.23,D,5300,Chevron,Purchase at Chevron,SEQ_000899,20241029,BATCH_59
900,846f41bc-bad9-4d0c-8a37-589ced7abbd6,TXN_10900,MBR_134,ACCT_1207,20220624,576.58,D,5912,Starbucks,Purchase at Starbucks,SEQ_000900,20220624,BATCH_60
901,846f41bc-bad9-4d0c-8a37-589ced7abbd6,TXN_10901,MBR_192,ACCT_2186,20220327,746.35,D,5300,Costco,Purchase at Costco,SEQ_000901,20220327,BATCH_15
902,846f41bc-bad9-4d0c-8a37-589ced7abbd6,TXN_10902,MBR_140,ACCT_9174,20230207,653.79,D,5812,Costco,Purchase at Costco,SEQ_000902,20230207,BATCH_82
903,846f41bc-bad9-4d0c-8a37-589ced7abbd6,TXN_10903,MBR_168,ACCT_9241,20250627,420.51,D,5400,Starbucks,Purchase at Starbucks,SEQ_000903,20250627,BATCH_15
904,846f41bc-bad9-4d0c-8a37-589ced7abbd6,TXN_10904,MBR_193,ACCT_5723,20231115,604.22,D,5912,Costco,Purchase at Costco,SEQ_000904,20231115,BATCH_75
905,846f41bc-bad9-4d0c-8a37-589ced7abbd6,TXN_10905,MBR_196,ACCT_7830,20250222,253.1,D,5200,Walmart,Purchase at Walmart,SEQ_000905,20250222,BATCH_43
906,846f41bc-bad9-4d0c-8a37-589ced7abbd6,TXN_10906,MBR_139,ACCT_2066,20210208,581.41,C,5912,Costco,Purchase at Costco,SEQ_000906,20210208,BATCH_49
907,846f41bc-bad9-4d0c-8a37-589ced7abbd6,TXN_10907,MBR_143,ACCT_8653,20250307,625.46,C,5200,Starbucks,Purchase at Starbucks,SEQ_000907,20250307,BATCH_59
908,846f41bc-bad9-4d0c-8a37-589ced7abbd6,TXN_10908,MBR_116,ACCT_4391,20260707,331.46,C,5912,Walmart,Purchase at Walmart,SEQ_000908,20260707,BATCH_41
909,846f41bc-bad9-4d0c-8a37-589ced7abbd6,TXN_10909,MBR_124,ACCT_4524,20240727,656.56,C,5812,Starbucks,Purchase at Starbucks,SEQ_000909,20240727,BATCH_11
910,846f41bc-bad9-4d0c-8a37-589ced7abbd6,TXN_10910,MBR_126,ACCT_6056,20200210,518.25,D,5100,Target,Purchase at Target,SEQ_000910,20200210,BATCH_42
911,846f41bc-bad9-4d0c-8a37-589ced7abbd6,TXN_10911,MBR_169,ACCT_1914,20251027,451.15,D,5912,Starbucks,Purchase at Starbucks,SEQ_000911,20251027,BATCH_69
912,846f41bc-bad9-4d0c-8a37-589ced7abbd6,TXN_10912,MBR_115,ACCT_8687,20210616,403.38,C,5200,Amazon,Purchase at Amazon,SEQ_000912,20210616,BATCH_35
913,846f41bc-bad9-4d0c-8a37-589ced7abbd6,TXN_10913,MBR_144,ACCT_4891,20231214,535.62,C,5400,Amazon,Purchase at Amazon,SEQ_000913,20231214,BATCH_20
914,846f41bc-bad9-4d0c-8a37-589ced7abbd6,TXN_10914,MBR_187,ACCT_5554,20230820,475.65,C,5912,Costco,Purchase at Costco,SEQ_000914,20230820,BATCH_55
915,846f41bc-bad9-4d0c-8a37-589ced7abbd6,TXN_10915,MBR_135,ACCT_2556,20231206,368.98,D,5300,Amazon,Purchase at Amazon,SEQ_000915,20231206,BATCH_42
916,846f41bc-bad9-4d0c-8a37-589ced7abbd6,TXN_10916,MBR_103,ACCT_9450,20200501,310.07,D,5400,Walmart,Purchase at Walmart,SEQ_000916,20200501,BATCH_75
917,846f41bc-bad9-4d0c-8a37-589ced7abbd6,TXN_10917,MBR_193,ACCT_2816,20260417,209.72,C,5300,Starbucks,Purchase at Starbucks,SEQ_000917,20260417,BATCH_46
918,846f41bc-bad9-4d0c-8a37-589ced7abbd6,TXN_10918,MBR_137,ACCT_6981,20240919,520.35,D,5812,Starbucks,Purchase at Starbucks,SEQ_000918,20240919,BATCH_62
919,846f41bc-bad9-4d0c-8a37-589ced7abbd6,TXN_10919,MBR_129,ACCT_3945,20221130,358.59,C,5100,Starbucks,Purchase at Starbucks,SEQ_000919,20221130,BATCH_75
920,846f41bc-bad9-4d0c-8a37-589ced7abbd6,TXN_10920,MBR_128,ACCT_1774,20231015,269.65,D,5912,Target,Purchase at Target,SEQ_000920,20231015,BATCH_13
921,846f41bc-bad9-4d0c-8a37-589ced7abbd6,TXN_10921,MBR_170,ACCT_3866,20241028,258.58,D,5812,Target,Purchase at Target,SEQ_000921,20241028,BATCH_29
922,846f41bc-bad9-4d0c-8a37-589ced7abbd6,TXN_10922,MBR_176,ACCT_2182,20220126,538.8,C,5200,Starbucks,Purchase at Starbucks,SEQ_000922,20220126,BATCH_48
923,846f41bc-bad9-4d0c-8a37-589ced7abbd6,TXN_10923,MBR_134,ACCT_4788,20201002,568.38,D,5912,Amazon,Purchase at Amazon,SEQ_000923,20201002,BATCH_80
924,846f41bc-bad9-4d0c-8a37-589ced7abbd6,TXN_10924,MBR_101,ACCT_1150,20220722,590.23,C,5812,Costco,Purchase at Costco,SEQ_000924,20220722,BATCH_66
925,846f41bc-bad9-4d0c-8a37-589ced7abbd6,TXN_10925,MBR_139,ACCT_2529,20251228,251.83,C,5812,Walmart,Purchase at Walmart,SEQ_000925,20251228,BATCH_64
926,846f41bc-bad9-4d0c-8a37-589ced7abbd6,TXN_10926,MBR_191,ACCT_6547,20210307,644.59,D,5400,Costco,Purchase at Costco,SEQ_000926,20210307,BATCH_82
927,846f41bc-bad9-4d0c-8a37-589ced7abbd6,TXN_10927,MBR_137,ACCT_8690,20210603,8.56,C,5300,Amazon,Purchase at Amazon,SEQ_000927,20210603,BATCH_64
928,846f41bc-bad9-4d0c-8a37-589ced7abbd6,TXN_10928,MBR_187,ACCT_4335,20230202,511.36,C,5100,Starbucks,Purchase at Starbucks,SEQ_000928,20230202,BATCH_31
929,846f41bc-bad9-4d0c-8a37-589ced7abbd6,TXN_10929,MBR_106,ACCT_9175,20261207,252.85,C,5200,Starbucks,Purchase at Starbucks,SEQ_000929,20261207,BATCH_75
930,846f41bc-bad9-4d0c-8a37-589ced7abbd6,TXN_10930,MBR_172,ACCT_3795,20260909,710.75,D,5812,Walmart,Purchase at Walmart,SEQ_000930,20260909,BATCH_80
931,846f41bc-bad9-4d0c-8a37-589ced7abbd6,TXN_10931,MBR_130,ACCT_7993,20210419,58.83,C,5400,Chevron,Purchase at Chevron,SEQ_000931,20210419,BATCH_12
932,846f41bc-bad9-4d0c-8a37-589ced7abbd6,TXN_10932,MBR_187,ACCT_5477,20240206,30.74,C,5812,Amazon,Purchase at Amazon,SEQ_000932,20240206,BATCH_70
933,846f41bc-bad9-4d0c-8a37-589ced7abbd6,TXN_10933,MBR_188,ACCT_2465,20210131,664.79,C,5912,Target,Purchase at Target,SEQ_000933,20210131,BATCH_79
934,846f41bc-bad9-4d0c-8a37-589ced7abbd6,TXN_10934,MBR_184,ACCT_7217,20210416,55.3,D,5812,Starbucks,Purchase at Starbucks,SEQ_000934,20210416,BATCH_30
935,846f41bc-bad9-4d0c-8a37-589ced7abbd6,TXN_10935,MBR_164,ACCT_7775,20211109,75.53,C,5400,Amazon,Purchase at Amazon,SEQ_000935,20211109,BATCH_14
936,846f41bc-bad9-4d0c-8a37-589ced7abbd6,TXN_10936,MBR_139,ACCT_9630,20261211,52.36,D,5812,Starbucks,Purchase at Starbucks,SEQ_000936,20261211,BATCH_48
937,846f41bc-bad9-4d0c-8a37-589ced7abbd6,TXN_10937,MBR_120,ACCT_2884,20251201,532.44,D,5912,Target,Purchase at Target,SEQ_000937,20251201,BATCH_91
938,846f41bc-bad9-4d0c-8a37-589ced7abbd6,TXN_10938,MBR_186,ACCT_5864,20230815,698.4,D,5912,Amazon,Purchase at Amazon,SEQ_000938,20230815,BATCH_81
939,846f41bc-bad9-4d0c-8a37-589ced7abbd6,TXN_10939,MBR_192,ACCT_9954,20250216,480.51,D,5100,Chevron,Purchase at Chevron,SEQ_000939,20250216,BATCH_60
940,846f41bc-bad9-4d0c-8a37-589ced7abbd6,TXN_10940,MBR_128,ACCT_6753,20230925,225.33,C,5100,Amazon,Purchase at Amazon,SEQ_000940,20230925,BATCH_33
941,846f41bc-bad9-4d0c-8a37-589ced7abbd6,TXN_10941,MBR_126,ACCT_2087,20201011,708.01,C,5912,Costco,Purchase at Costco,SEQ_000941,20201011,BATCH_78
942,846f41bc-bad9-4d0c-8a37-589ced7abbd6,TXN_10942,MBR_122,ACCT_1704,20230517,405.99,C,5400,Starbucks,Purchase at Starbucks,SEQ_000942,20230517,BATCH_95
943,846f41bc-bad9-4d0c-8a37-589ced7abbd6,TXN_10943,MBR_105,ACCT_2332,20261124,132.79,D,5100,Chevron,Purchase at Chevron,SEQ_000943,20261124,BATCH_25
944,846f41bc-bad9-4d0c-8a37-589ced7abbd6,TXN_10944,MBR_107,ACCT_5613,20240129,102.3,D,5812,Starbucks,Purchase at Starbucks,SEQ_000944,20240129,BATCH_66
945,846f41bc-bad9-4d0c-8a37-589ced7abbd6,TXN_10945,MBR_173,ACCT_7814,20211004,656.41,D,5200,Chevron,Purchase at Chevron,SEQ_000945,20211004,BATCH_35
946,846f41bc-bad9-4d0c-8a37-589ced7abbd6,TXN_10946,MBR_174,ACCT_5104,20210708,174.38,D,5812,Starbucks,Purchase at Starbucks,SEQ_000946,20210708,BATCH_50
947,846f41bc-bad9-4d0c-8a37-589ced7abbd6,TXN_10947,MBR_116,ACCT_8989,20210415,217.05,C,5812,Amazon,Purchase at Amazon,SEQ_000947,20210415,BATCH_53
948,846f41bc-bad9-4d0c-8a37-589ced7abbd6,TXN_10948,MBR_109,ACCT_7671,20250704,113.83,C,5400,Amazon,Purchase at Amazon,SEQ_000948,20250704,BATCH_28
949,846f41bc-bad9-4d0c-8a37-589ced7abbd6,TXN_10949,MBR_179,ACCT_4251,20221006,204.76,C,5812,Starbucks,Purchase at Starbucks,SEQ_000949,20221006,BATCH_13
950,846f41bc-bad9-4d0c-8a37-589ced7abbd6,TXN_10950,MBR_136,ACCT_3324,20230209,165.18,D,5300,Target,Purchase at Target,SEQ_000950,20230209,BATCH_54
951,846f41bc-bad9-4d0c-8a37-589ced7abbd6,TXN_10951,MBR_121,ACCT_1040,20251110,88.41,D,5300,Amazon,Purchase at Amazon,SEQ_000951,20251110,BATCH_69
952,846f41bc-bad9-4d0c-8a37-589ced7abbd6,TXN_10952,MBR_157,ACCT_5656,20201223,621.41,D,5912,Chevron,Purchase at Chevron,SEQ_000952,20201223,BATCH_77
953,846f41bc-bad9-4d0c-8a37-589ced7abbd6,TXN_10953,MBR_174,ACCT_9896,20230821,59.16,D,5812,Chevron,Purchase at Chevron,SEQ_000953,20230821,BATCH_72
954,846f41bc-bad9-4d0c-8a37-589ced7abbd6,TXN_10954,MBR_123,ACCT_8730,20250530,137.5,C,5300,Target,Purchase at Target,SEQ_000954,20250530,BATCH_30
955,846f41bc-bad9-4d0c-8a37-589ced7abbd6,TXN_10955,MBR_137,ACCT_4641,20260110,349.54,C,5300,Walmart,Purchase at Walmart,SEQ_000955,20260110,BATCH_14
956,846f41bc-bad9-4d0c-8a37-589ced7abbd6,TXN_10956,MBR_192,ACCT_8025,20200219,267.92,D,5812,Starbucks,Purchase at Starbucks,SEQ_000956,20200219,BATCH_35
957,846f41bc-bad9-4d0c-8a37-589ced7abbd6,TXN_10957,MBR_113,ACCT_8882,20200811,723.96,C,5200,Costco,Purchase at Costco,SEQ_000957,20200811,BATCH_52
958,846f41bc-bad9-4d0c-8a37-589ced7abbd6,TXN_10958,MBR_146,ACCT_9555,20210412,271.66,C,5812,Costco,Purchase at Costco,SEQ_000958,20210412,BATCH_64
959,846f41bc-bad9-4d0c-8a37-589ced7abbd6,TXN_10959,MBR_140,ACCT_6548,20220110,398.17,D,5100,Chevron,Purchase at Chevron,SEQ_000959,20220110,BATCH_50
960,846f41bc-bad9-4d0c-8a37-589ced7abbd6,TXN_10960,MBR_119,ACCT_2249,20240516,154.87,C,5812,Chevron,Purchase at Chevron,SEQ_000960,20240516,BATCH_92
961,846f41bc-bad9-4d0c-8a37-589ced7abbd6,TXN_10961,MBR_177,ACCT_1302,20221105,603.54,C,5200,Walmart,Purchase at Walmart,SEQ_000961,20221105,BATCH_81
962,846f41bc-bad9-4d0c-8a37-589ced7abbd6,TXN_10962,MBR_174,ACCT_9541,20211016,700.67,C,5100,Amazon,Purchase at Amazon,SEQ_000962,20211016,BATCH_88
963,846f41bc-bad9-4d0c-8a37-589ced7abbd6,TXN_10963,MBR_132,ACCT_1780,20230423,310.34,C,5200,Costco,Purchase at Costco,SEQ_000963,20230423,BATCH_69
964,846f41bc-bad9-4d0c-8a37-589ced7abbd6,TXN_10964,MBR_136,ACCT_5581,20220901,160.37,D,5912,Walmart,Purchase at Walmart,SEQ_000964,20220901,BATCH_95
965,846f41bc-bad9-4d0c-8a37-589ced7abbd6,TXN_10965,MBR_154,ACCT_1600,20261219,358.0,C,5100,Starbucks,Purchase at Starbucks,SEQ_000965,20261219,BATCH_14
966,846f41bc-bad9-4d0c-8a37-589ced7abbd6,TXN_10966,MBR_192,ACCT_8658,20220323,614.63,D,5300,Starbucks,Purchase at Starbucks,SEQ_000966,20220323,BATCH_93
967,846f41bc-bad9-4d0c-8a37-589ced7abbd6,TXN_10967,MBR_122,ACCT_6859,20231221,552.22,C,5300,Amazon,Purchase at Amazon,SEQ_000967,20231221,BATCH_91
968,846f41bc-bad9-4d0c-8a37-589ced7abbd6,TXN_10968,MBR_140,ACCT_2242,20240406,724.95,C,5812,Chevron,Purchase at Chevron,SEQ_000968,20240406,BATCH_69
969,846f41bc-bad9-4d0c-8a37-589ced7abbd6,TXN_10969,MBR_169,ACCT_9080,20240623,655.0,D,5912,Starbucks,Purchase at Starbucks,SEQ_000969,20240623,BATCH_94
970,846f41bc-bad9-4d0c-8a37-589ced7abbd6,TXN_10970,MBR_133,ACCT_9432,20230121,288.42,C,5912,Target,Purchase at Target,SEQ_000970,20230121,BATCH_94
971,846f41bc-bad9-4d0c-8a37-589ced7abbd6,TXN_10971,MBR_192,ACCT_7025,20251203,332.76,C,5200,Costco,Purchase at Costco,SEQ_000971,20251203,BATCH_70
972,846f41bc-bad9-4d0c-8a37-589ced7abbd6,TXN_10972,MBR_166,ACCT_3482,20250702,70.48,D,5812,Chevron,Purchase at Chevron,SEQ_000972,20250702,BATCH_44
973,846f41bc-bad9-4d0c-8a37-589ced7abbd6,TXN_10973,MBR_196,ACCT_3176,20240802,126.88,C,5200,Walmart,Purchase at Walmart,SEQ_000973,20240802,BATCH_43
974,846f41bc-bad9-4d0c-8a37-589ced7abbd6,TXN_10974,MBR_133,ACCT_1169,20210922,22.66,C,5100,Target,Purchase at Target,SEQ_000974,20210922,BATCH_30
975,846f41bc-bad9-4d0c-8a37-589ced7abbd6,TXN_10975,MBR_120,ACCT_5995,20230510,86.36,C,5200,Costco,Purchase at Costco,SEQ_000975,20230510,BATCH_82
976,846f41bc-bad9-4d0c-8a37-589ced7abbd6,TXN_10976,MBR_123,ACCT_7731,20200411,576.44,C,5300,Starbucks,Purchase at Starbucks,SEQ_000976,20200411,BATCH_87
977,846f41bc-bad9-4d0c-8a37-589ced7abbd6,TXN_10977,MBR_188,ACCT_5789,20260612,735.26,C,5200,Chevron,Purchase at Chevron,SEQ_000977,20260612,BATCH_70
978,846f41bc-bad9-4d0c-8a37-589ced7abbd6,TXN_10978,MBR_190,ACCT_2017,20250220,95.86,C,5200,Costco,Purchase at Costco,SEQ_000978,20250220,BATCH_41
979,846f41bc-bad9-4d0c-8a37-589ced7abbd6,TXN_10979,MBR_102,ACCT_4590,20250511,293.18,D,5912,Amazon,Purchase at Amazon,SEQ_000979,20250511,BATCH_82
980,846f41bc-bad9-4d0c-8a37-589ced7abbd6,TXN_10980,MBR_121,ACCT_3173,20220416,401.58,D,5300,Target,Purchase at Target,SEQ_000980,20220416,BATCH_38
981,846f41bc-bad9-4d0c-8a37-589ced7abbd6,TXN_10981,MBR_111,ACCT_2437,20231215,466.43,C,5812,Walmart,Purchase at Walmart,SEQ_000981,20231215,BATCH_40
982,846f41bc-bad9-4d0c-8a37-589ced7abbd6,TXN_10982,MBR_167,ACCT_7481,20230124,187.24,D,5400,Costco,Purchase at Costco,SEQ_000982,20230124,BATCH_47
983,846f41bc-bad9-4d0c-8a37-589ced7abbd6,TXN_10983,MBR_101,ACCT_7857,20230512,197.57,C,5812,Target,Purchase at Target,SEQ_000983,20230512,BATCH_81
984,846f41bc-bad9-4d0c-8a37-589ced7abbd6,TXN_10984,MBR_100,ACCT_3830,20260117,490.98,D,5300,Starbucks,Purchase at Starbucks,SEQ_000984,20260117,BATCH_95
985,846f41bc-bad9-4d0c-8a37-589ced7abbd6,TXN_10985,MBR_121,ACCT_2386,20230827,389.41,D,5812,Starbucks,Purchase at Starbucks,SEQ_000985,20230827,BATCH_79
986,846f41bc-bad9-4d0c-8a37-589ced7abbd6,TXN_10986,MBR_191,ACCT_2014,20240911,436.22,D,5400,Costco,Purchase at Costco,SEQ_000986,20240911,BATCH_48
987,846f41bc-bad9-4d0c-8a37-589ced7abbd6,TXN_10987,MBR_190,ACCT_1689,20200428,247.79,D,5812,Target,Purchase at Target,SEQ_000987,20200428,BATCH_78
988,846f41bc-bad9-4d0c-8a37-589ced7abbd6,TXN_10988,MBR_112,ACCT_7995,20231218,363.84,C,5812,Starbucks,Purchase at Starbucks,SEQ_000988,20231218,BATCH_86
989,846f41bc-bad9-4d0c-8a37-589ced7abbd6,TXN_10989,MBR_186,ACCT_7162,20210301,92.28,D,5912,Chevron,Purchase at Chevron,SEQ_000989,20210301,BATCH_36
990,846f41bc-bad9-4d0c-8a37-589ced7abbd6,TXN_10990,MBR_193,ACCT_2027,20240813,592.79,C,5300,Amazon,Purchase at Amazon,SEQ_000990,20240813,BATCH_72
991,846f41bc-bad9-4d0c-8a37-589ced7abbd6,TXN_10991,MBR_146,ACCT_8032,20200822,208.88,C,5912,Chevron,Purchase at Chevron,SEQ_000991,20200822,BATCH_17
992,846f41bc-bad9-4d0c-8a37-589ced7abbd6,TXN_10992,MBR_184,ACCT_8549,20261101,563.13,C,5812,Chevron,Purchase at Chevron,SEQ_000992,20261101,BATCH_70
993,846f41bc-bad9-4d0c-8a37-589ced7abbd6,TXN_10993,MBR_161,ACCT_5594,20210816,143.95,D,5812,Costco,Purchase at Costco,SEQ_000993,20210816,BATCH_78
994,846f41bc-bad9-4d0c-8a37-589ced7abbd6,TXN_10994,MBR_161,ACCT_2467,20240208,663.25,C,5100,Starbucks,Purchase at Starbucks,SEQ_000994,20240208,BATCH_94
995,846f41bc-bad9-4d0c-8a37-589ced7abbd6,TXN_10995,MBR_115,ACCT_9731,20250117,652.07,C,5100,Walmart,Purchase at Walmart,SEQ_000995,20250117,BATCH_54
996,846f41bc-bad9-4d0c-8a37-589ced7abbd6,TXN_10996,MBR_138,ACCT_4729,20211012,514.35,C,5300,Walmart,Purchase at Walmart,SEQ_000996,20211012,BATCH_35
997,846f41bc-bad9-4d0c-8a37-589ced7abbd6,TXN_10997,MBR_189,ACCT_9121,20220223,513.2,D,5400,Amazon,Purchase at Amazon,SEQ_000997,20220223,BATCH_38
998,846f41bc-bad9-4d0c-8a37-589ced7abbd6,TXN_10998,MBR_143,ACCT_7022,20221122,744.18,C,5400,Amazon,Purchase at Amazon,SEQ_000998,20221122,BATCH_87
999,846f41bc-bad9-4d0c-8a37-589ced7abbd6,TXN_10999,MBR_136,ACCT_1886,20241024,87.08,D,5300,Costco,Purchase at Costco,SEQ_000999,20241024,BATCH_69
1000,846f41bc-bad9-4d0c-8a37-589ced7abbd6,TXN_11000,MBR_158,ACCT_5812,20240513,366.38,D,5100,Amazon,Purchase at Amazon,SEQ_001000,20240513,BATCH_84
1001,846f41bc-bad9-4d0c-8a37-589ced7abbd6,TXN_11001,MBR_146,ACCT_7069,20220328,199.48,D,5300,Starbucks,Purchase at Starbucks,SEQ_001001,20220328,BATCH_50
1002,846f41bc-bad9-4d0c-8a37-589ced7abbd6,TXN_11002,MBR_186,ACCT_1883,20201010,741.11,C,5912,Walmart,Purchase at Walmart,SEQ_001002,20201010,BATCH_57
1003,846f41bc-bad9-4d0c-8a37-589ced7abbd6,TXN_11003,MBR_115,ACCT_4687,20250211,238.85,C,5812,Chevron,Purchase at Chevron,SEQ_001003,20250211,BATCH_71
1004,846f41bc-bad9-4d0c-8a37-589ced7abbd6,TXN_11004,MBR_126,ACCT_2132,20220906,299.2,D,5912,Starbucks,Purchase at Starbucks,SEQ_001004,20220906,BATCH_63
1005,846f41bc-bad9-4d0c-8a37-589ced7abbd6,TXN_11005,MBR_157,ACCT_4698,20260420,140.87,D,5912,Costco,Purchase at Costco,SEQ_001005,20260420,BATCH_52
1006,846f41bc-bad9-4d0c-8a37-589ced7abbd6,TXN_11006,MBR_108,ACCT_8400,20241125,77.62,C,5200,Amazon,Purchase at Amazon,SEQ_001006,20241125,BATCH_91
1007,846f41bc-bad9-4d0c-8a37-589ced7abbd6,TXN_11007,MBR_188,ACCT_2464,20210705,14.85,D,5200,Walmart,Purchase at Walmart,SEQ_001007,20210705,BATCH_62
1008,846f41bc-bad9-4d0c-8a37-589ced7abbd6,TXN_11008,MBR_160,ACCT_5217,20260610,109.67,D,5912,Walmart,Purchase at Walmart,SEQ_001008,20260610,BATCH_85
1009,846f41bc-bad9-4d0c-8a37-589ced7abbd6,TXN_11009,MBR_169,ACCT_6938,20220927,556.27,D,5812,Starbucks,Purchase at Starbucks,SEQ_001009,20220927,BATCH_83
1010,846f41bc-bad9-4d0c-8a37-589ced7abbd6,TXN_11010,MBR_138,ACCT_5940,20220420,455.15,D,5912,Chevron,Purchase at Chevron,SEQ_001010,20220420,BATCH_49
1011,846f41bc-bad9-4d0c-8a37-589ced7abbd6,TXN_11011,MBR_152,ACCT_9191,20211209,451.25,D,5100,Chevron,Purchase at Chevron,SEQ_001011,20211209,BATCH_63
1012,846f41bc-bad9-4d0c-8a37-589ced7abbd6,TXN_11012,MBR_160,ACCT_9882,20240920,62.46,C,5400,Target,Purchase at Target,SEQ_001012,20240920,BATCH_16
1013,846f41bc-bad9-4d0c-8a37-589ced7abbd6,TXN_11013,MBR_131,ACCT_2388,20200216,164.74,C,5100,Costco,Purchase at Costco,SEQ_001013,20200216,BATCH_67
1014,846f41bc-bad9-4d0c-8a37-589ced7abbd6,TXN_11014,MBR_169,ACCT_6983,20220702,299.08,C,5400,Amazon,Purchase at Amazon,SEQ_001014,20220702,BATCH_94
1015,846f41bc-bad9-4d0c-8a37-589ced7abbd6,TXN_11015,MBR_166,ACCT_2208,20260923,419.49,C,5300,Amazon,Purchase at Amazon,SEQ_001015,20260923,BATCH_69
1016,846f41bc-bad9-4d0c-8a37-589ced7abbd6,TXN_11016,MBR_165,ACCT_3842,20250302,173.02,C,5300,Chevron,Purchase at Chevron,SEQ_001016,20250302,BATCH_63
1017,846f41bc-bad9-4d0c-8a37-589ced7abbd6,TXN_11017,MBR_127,ACCT_9969,20250326,554.45,D,5200,Starbucks,Purchase at Starbucks,SEQ_001017,20250326,BATCH_76
1018,846f41bc-bad9-4d0c-8a37-589ced7abbd6,TXN_11018,MBR_152,ACCT_8203,20251223,84.25,D,5200,Amazon,Purchase at Amazon,SEQ_001018,20251223,BATCH_30
1019,846f41bc-bad9-4d0c-8a37-589ced7abbd6,TXN_11019,MBR_161,ACCT_2278,20240815,564.41,D,5400,Starbucks,Purchase at Starbucks,SEQ_001019,20240815,BATCH_23
1020,846f41bc-bad9-4d0c-8a37-589ced7abbd6,TXN_11020,MBR_143,ACCT_4896,20260127,68.38,C,5400,Costco,Purchase at Costco,SEQ_001020,20260127,BATCH_69
1021,846f41bc-bad9-4d0c-8a37-589ced7abbd6,TXN_11021,MBR_184,ACCT_5786,20210522,441.65,C,5400,Costco,Purchase at Costco,SEQ_001021,20210522,BATCH_39
1022,846f41bc-bad9-4d0c-8a37-589ced7abbd6,TXN_11022,MBR_109,ACCT_8321,20261228,607.58,D,5400,Target,Purchase at Target,SEQ_001022,20261228,BATCH_20
1023,846f41bc-bad9-4d0c-8a37-589ced7abbd6,TXN_11023,MBR_138,ACCT_6710,20231102,710.83,C,5400,Chevron,Purchase at Chevron,SEQ_001023,20231102,BATCH_85
1024,846f41bc-bad9-4d0c-8a37-589ced7abbd6,TXN_11024,MBR_118,ACCT_4923,20260531,471.26,D,5200,Target,Purchase at Target,SEQ_001024,20260531,BATCH_34
1025,846f41bc-bad9-4d0c-8a37-589ced7abbd6,TXN_11025,MBR_111,ACCT_5702,20220809,624.03,C,5300,Walmart,Purchase at Walmart,SEQ_001025,20220809,BATCH_88
1026,846f41bc-bad9-4d0c-8a37-589ced7abbd6,TXN_11026,MBR_157,ACCT_3995,20201224,515.35,C,5300,Starbucks,Purchase at Starbucks,SEQ_001026,20201224,BATCH_27
1027,846f41bc-bad9-4d0c-8a37-589ced7abbd6,TXN_11027,MBR_109,ACCT_4434,20211030,377.71,C,5200,Chevron,Purchase at Chevron,SEQ_001027,20211030,BATCH_36
1028,846f41bc-bad9-4d0c-8a37-589ced7abbd6,TXN_11028,MBR_106,ACCT_1854,20220720,721.82,C,5400,Chevron,Purchase at Chevron,SEQ_001028,20220720,BATCH_75
1029,846f41bc-bad9-4d0c-8a37-589ced7abbd6,TXN_11029,MBR_193,ACCT_8198,20200326,15.47,D,5400,Amazon,Purchase at Amazon,SEQ_001029,20200326,BATCH_53
1030,846f41bc-bad9-4d0c-8a37-589ced7abbd6,TXN_11030,MBR_169,ACCT_1609,20201026,652.22,C,5400,Costco,Purchase at Costco,SEQ_001030,20201026,BATCH_71
1031,846f41bc-bad9-4d0c-8a37-589ced7abbd6,TXN_11031,MBR_123,ACCT_1857,20221219,425.85,D,5400,Costco,Purchase at Costco,SEQ_001031,20221219,BATCH_17
1032,846f41bc-bad9-4d0c-8a37-589ced7abbd6,TXN_11032,MBR_118,ACCT_8091,20200811,534.96,D,5100,Target,Purchase at Target,SEQ_001032,20200811,BATCH_79
1033,846f41bc-bad9-4d0c-8a37-589ced7abbd6,TXN_11033,MBR_177,ACCT_7993,20250711,538.37,C,5100,Costco,Purchase at Costco,SEQ_001033,20250711,BATCH_30
1034,846f41bc-bad9-4d0c-8a37-589ced7abbd6,TXN_11034,MBR_109,ACCT_2374,20200518,270.56,C,5200,Starbucks,Purchase at Starbucks,SEQ_001034,20200518,BATCH_96
1035,846f41bc-bad9-4d0c-8a37-589ced7abbd6,TXN_11035,MBR_149,ACCT_4777,20200523,583.16,C,5200,Starbucks,Purchase at Starbucks,SEQ_001035,20200523,BATCH_67
1036,846f41bc-bad9-4d0c-8a37-589ced7abbd6,TXN_11036,MBR_120,ACCT_2229,20261119,323.19,D,5400,Costco,Purchase at Costco,SEQ_001036,20261119,BATCH_24
1037,846f41bc-bad9-4d0c-8a37-589ced7abbd6,TXN_11037,MBR_153,ACCT_9398,20220803,586.21,D,5200,Target,Purchase at Target,SEQ_001037,20220803,BATCH_97
1038,846f41bc-bad9-4d0c-8a37-589ced7abbd6,TXN_11038,MBR_149,ACCT_4738,20260726,105.35,C,5200,Walmart,Purchase at Walmart,SEQ_001038,20260726,BATCH_99
1039,846f41bc-bad9-4d0c-8a37-589ced7abbd6,TXN_11039,MBR_125,ACCT_1877,20230125,192.01,C,5812,Chevron,Purchase at Chevron,SEQ_001039,20230125,BATCH_26
1040,846f41bc-bad9-4d0c-8a37-589ced7abbd6,TXN_11040,MBR_101,ACCT_2930,20230708,407.67,D,5300,Starbucks,Purchase at Starbucks,SEQ_001040,20230708,BATCH_12
1041,846f41bc-bad9-4d0c-8a37-589ced7abbd6,TXN_11041,MBR_160,ACCT_9550,20231224,96.06,C,5912,Amazon,Purchase at Amazon,SEQ_001041,20231224,BATCH_40
1042,846f41bc-bad9-4d0c-8a37-589ced7abbd6,TXN_11042,MBR_142,ACCT_4680,20260831,261.34,C,5912,Target,Purchase at Target,SEQ_001042,20260831,BATCH_23
1043,846f41bc-bad9-4d0c-8a37-589ced7abbd6,TXN_11043,MBR_105,ACCT_7392,20220828,107.49,C,5400,Walmart,Purchase at Walmart,SEQ_001043,20220828,BATCH_58
1044,846f41bc-bad9-4d0c-8a37-589ced7abbd6,TXN_11044,MBR_126,ACCT_6782,20230604,608.76,D,5300,Chevron,Purchase at Chevron,SEQ_001044,20230604,BATCH_75
1045,846f41bc-bad9-4d0c-8a37-589ced7abbd6,TXN_11045,MBR_152,ACCT_5638,20260402,463.56,D,5912,Amazon,Purchase at Amazon,SEQ_001045,20260402,BATCH_66
1046,846f41bc-bad9-4d0c-8a37-589ced7abbd6,TXN_11046,MBR_101,ACCT_7702,20231004,181.97,C,5912,Chevron,Purchase at Chevron,SEQ_001046,20231004,BATCH_41
1047,846f41bc-bad9-4d0c-8a37-589ced7abbd6,TXN_11047,MBR_163,ACCT_4565,20210824,295.65,D,5912,Target,Purchase at Target,SEQ_001047,20210824,BATCH_77
1048,846f41bc-bad9-4d0c-8a37-589ced7abbd6,TXN_11048,MBR_116,ACCT_8815,20250408,607.02,C,5100,Starbucks,Purchase at Starbucks,SEQ_001048,20250408,BATCH_23
1049,846f41bc-bad9-4d0c-8a37-589ced7abbd6,TXN_11049,MBR_131,ACCT_4466,20241201,486.7,D,5100,Starbucks,Purchase at Starbucks,SEQ_001049,20241201,BATCH_39
1050,846f41bc-bad9-4d0c-8a37-589ced7abbd6,TXN_11050,MBR_132,ACCT_8245,20211113,152.29,C,5912,Starbucks,Purchase at Starbucks,SEQ_001050,20211113,BATCH_40
1051,846f41bc-bad9-4d0c-8a37-589ced7abbd6,TXN_11051,MBR_107,ACCT_5155,20240119,545.19,C,5400,Amazon,Purchase at Amazon,SEQ_001051,20240119,BATCH_28
1052,846f41bc-bad9-4d0c-8a37-589ced7abbd6,TXN_11052,MBR_172,ACCT_4878,20230726,705.44,D,5100,Walmart,Purchase at Walmart,SEQ_001052,20230726,BATCH_58
1053,846f41bc-bad9-4d0c-8a37-589ced7abbd6,TXN_11053,MBR_181,ACCT_5020,20250102,603.85,C,5200,Target,Purchase at Target,SEQ_001053,20250102,BATCH_47
1054,846f41bc-bad9-4d0c-8a37-589ced7abbd6,TXN_11054,MBR_162,ACCT_6084,20251226,396.87,D,5200,Starbucks,Purchase at Starbucks,SEQ_001054,20251226,BATCH_65
1055,846f41bc-bad9-4d0c-8a37-589ced7abbd6,TXN_11055,MBR_104,ACCT_9202,20200830,124.11,D,5300,Chevron,Purchase at Chevron,SEQ_001055,20200830,BATCH_49
1056,846f41bc-bad9-4d0c-8a37-589ced7abbd6,TXN_11056,MBR_190,ACCT_6999,20230714,578.28,C,5200,Walmart,Purchase at Walmart,SEQ_001056,20230714,BATCH_87
1057,846f41bc-bad9-4d0c-8a37-589ced7abbd6,TXN_11057,MBR_161,ACCT_7593,20220626,161.87,D,5200,Costco,Purchase at Costco,SEQ_001057,20220626,BATCH_26
1058,846f41bc-bad9-4d0c-8a37-589ced7abbd6,TXN_11058,MBR_141,ACCT_2169,20210409,17.1,D,5300,Target,Purchase at Target,SEQ_001058,20210409,BATCH_20
1059,846f41bc-bad9-4d0c-8a37-589ced7abbd6,TXN_11059,MBR_139,ACCT_9420,20240903,86.91,D,5912,Amazon,Purchase at Amazon,SEQ_001059,20240903,BATCH_53
1060,846f41bc-bad9-4d0c-8a37-589ced7abbd6,TXN_11060,MBR_196,ACCT_6856,20260108,74.91,D,5300,Amazon,Purchase at Amazon,SEQ_001060,20260108,BATCH_75
1061,846f41bc-bad9-4d0c-8a37-589ced7abbd6,TXN_11061,MBR_177,ACCT_8192,20240102,714.32,C,5300,Chevron,Purchase at Chevron,SEQ_001061,20240102,BATCH_13
1062,846f41bc-bad9-4d0c-8a37-589ced7abbd6,TXN_11062,MBR_185,ACCT_3310,20210316,642.39,C,5100,Target,Purchase at Target,SEQ_001062,20210316,BATCH_50
1063,846f41bc-bad9-4d0c-8a37-589ced7abbd6,TXN_11063,MBR_150,ACCT_7706,20210310,155.72,D,5912,Walmart,Purchase at Walmart,SEQ_001063,20210310,BATCH_82
1064,846f41bc-bad9-4d0c-8a37-589ced7abbd6,TXN_11064,MBR_136,ACCT_8876,20231010,126.85,D,5100,Chevron,Purchase at Chevron,SEQ_001064,20231010,BATCH_78
1065,846f41bc-bad9-4d0c-8a37-589ced7abbd6,TXN_11065,MBR_151,ACCT_9375,20230607,542.53,C,5100,Costco,Purchase at Costco,SEQ_001065,20230607,BATCH_23
1066,846f41bc-bad9-4d0c-8a37-589ced7abbd6,TXN_11066,MBR_198,ACCT_3738,20250327,285.98,C,5912,Target,Purchase at Target,SEQ_001066,20250327,BATCH_21
1067,846f41bc-bad9-4d0c-8a37-589ced7abbd6,TXN_11067,MBR_160,ACCT_3557,20240915,386.37,D,5200,Walmart,Purchase at Walmart,SEQ_001067,20240915,BATCH_73
1068,846f41bc-bad9-4d0c-8a37-589ced7abbd6,TXN_11068,MBR_122,ACCT_9429,20211006,9.11,C,5300,Amazon,Purchase at Amazon,SEQ_001068,20211006,BATCH_37
1069,846f41bc-bad9-4d0c-8a37-589ced7abbd6,TXN_11069,MBR_129,ACCT_9006,20240630,417.97,D,5400,Target,Purchase at Target,SEQ_001069,20240630,BATCH_82
1070,846f41bc-bad9-4d0c-8a37-589ced7abbd6,TXN_11070,MBR_157,ACCT_5893,20200908,187.35,C,5812,Starbucks,Purchase at Starbucks,SEQ_001070,20200908,BATCH_96
1071,846f41bc-bad9-4d0c-8a37-589ced7abbd6,TXN_11071,MBR_187,ACCT_1616,20240619,655.03,D,5100,Walmart,Purchase at Walmart,SEQ_001071,20240619,BATCH_96
1072,846f41bc-bad9-4d0c-8a37-589ced7abbd6,TXN_11072,MBR_144,ACCT_4416,20241022,447.85,C,5812,Amazon,Purchase at Amazon,SEQ_001072,20241022,BATCH_36
1073,846f41bc-bad9-4d0c-8a37-589ced7abbd6,TXN_11073,MBR_154,ACCT_7604,20240711,372.87,C,5400,Starbucks,Purchase at Starbucks,SEQ_001073,20240711,BATCH_95
1074,846f41bc-bad9-4d0c-8a37-589ced7abbd6,TXN_11074,MBR_190,ACCT_2611,20201023,395.0,D,5200,Starbucks,Purchase at Starbucks,SEQ_001074,20201023,BATCH_94
1075,846f41bc-bad9-4d0c-8a37-589ced7abbd6,TXN_11075,MBR_159,ACCT_8725,20211122,169.28,D,5812,Target,Purchase at Target,SEQ_001075,20211122,BATCH_57
1076,846f41bc-bad9-4d0c-8a37-589ced7abbd6,TXN_11076,MBR_141,ACCT_2843,20200820,185.19,C,5812,Costco,Purchase at Costco,SEQ_001076,20200820,BATCH_56
1077,846f41bc-bad9-4d0c-8a37-589ced7abbd6,TXN_11077,MBR_199,ACCT_3215,20240114,204.83,C,5200,Starbucks,Purchase at Starbucks,SEQ_001077,20240114,BATCH_93
1078,846f41bc-bad9-4d0c-8a37-589ced7abbd6,TXN_11078,MBR_134,ACCT_5832,20240521,603.68,D,5812,Target,Purchase at Target,SEQ_001078,20240521,BATCH_57
1079,846f41bc-bad9-4d0c-8a37-589ced7abbd6,TXN_11079,MBR_188,ACCT_9423,20211122,740.48,D,5400,Walmart,Purchase at Walmart,SEQ_001079,20211122,BATCH_55
1080,846f41bc-bad9-4d0c-8a37-589ced7abbd6,TXN_11080,MBR_141,ACCT_6728,20210109,133.64,C,5200,Starbucks,Purchase at Starbucks,SEQ_001080,20210109,BATCH_58
1081,846f41bc-bad9-4d0c-8a37-589ced7abbd6,TXN_11081,MBR_183,ACCT_1589,20261111,239.59,C,5100,Walmart,Purchase at Walmart,SEQ_001081,20261111,BATCH_78
1082,846f41bc-bad9-4d0c-8a37-589ced7abbd6,TXN_11082,MBR_160,ACCT_4362,20211214,207.85,C,5400,Costco,Purchase at Costco,SEQ_001082,20211214,BATCH_67
1083,846f41bc-bad9-4d0c-8a37-589ced7abbd6,TXN_11083,MBR_177,ACCT_3691,20240919,255.6,D,5912,Chevron,Purchase at Chevron,SEQ_001083,20240919,BATCH_26
1084,846f41bc-bad9-4d0c-8a37-589ced7abbd6,TXN_11084,MBR_196,ACCT_2142,20240104,19.54,C,5100,Target,Purchase at Target,SEQ_001084,20240104,BATCH_20
1085,846f41bc-bad9-4d0c-8a37-589ced7abbd6,TXN_11085,MBR_130,ACCT_5687,20240810,526.24,C,5200,Walmart,Purchase at Walmart,SEQ_001085,20240810,BATCH_40
1086,846f41bc-bad9-4d0c-8a37-589ced7abbd6,TXN_11086,MBR_184,ACCT_2748,20260207,185.4,D,5912,Walmart,Purchase at Walmart,SEQ_001086,20260207,BATCH_60
1087,846f41bc-bad9-4d0c-8a37-589ced7abbd6,TXN_11087,MBR_111,ACCT_4853,20250326,659.75,D,5100,Walmart,Purchase at Walmart,SEQ_001087,20250326,BATCH_30
1088,846f41bc-bad9-4d0c-8a37-589ced7abbd6,TXN_11088,MBR_116,ACCT_9772,20200406,666.52,D,5300,Target,Purchase at Target,SEQ_001088,20200406,BATCH_76
1089,846f41bc-bad9-4d0c-8a37-589ced7abbd6,TXN_11089,MBR_117,ACCT_6286,20260528,543.06,D,5100,Target,Purchase at Target,SEQ_001089,20260528,BATCH_46
1090,846f41bc-bad9-4d0c-8a37-589ced7abbd6,TXN_11090,MBR_127,ACCT_8379,20230114,88.11,D,5400,Chevron,Purchase at Chevron,SEQ_001090,20230114,BATCH_35
1091,846f41bc-bad9-4d0c-8a37-589ced7abbd6,TXN_11091,MBR_159,ACCT_5838,20241108,227.64,C,5400,Walmart,Purchase at Walmart,SEQ_001091,20241108,BATCH_63
1092,846f41bc-bad9-4d0c-8a37-589ced7abbd6,TXN_11092,MBR_186,ACCT_5426,20210428,312.05,C,5400,Target,Purchase at Target,SEQ_001092,20210428,BATCH_34
1093,846f41bc-bad9-4d0c-8a37-589ced7abbd6,TXN_11093,MBR_103,ACCT_6690,20260804,728.96,C,5912,Amazon,Purchase at Amazon,SEQ_001093,20260804,BATCH_42
1094,846f41bc-bad9-4d0c-8a37-589ced7abbd6,TXN_11094,MBR_178,ACCT_7324,20221123,234.34,D,5300,Chevron,Purchase at Chevron,SEQ_001094,20221123,BATCH_37
1095,846f41bc-bad9-4d0c-8a37-589ced7abbd6,TXN_11095,MBR_195,ACCT_3255,20241204,574.18,C,5812,Starbucks,Purchase at Starbucks,SEQ_001095,20241204,BATCH_33
1096,846f41bc-bad9-4d0c-8a37-589ced7abbd6,TXN_11096,MBR_140,ACCT_1660,20231014,708.02,C,5812,Target,Purchase at Target,SEQ_001096,20231014,BATCH_80
1097,846f41bc-bad9-4d0c-8a37-589ced7abbd6,TXN_11097,MBR_148,ACCT_5147,20201015,698.65,C,5200,Walmart,Purchase at Walmart,SEQ_001097,20201015,BATCH_96
1098,846f41bc-bad9-4d0c-8a37-589ced7abbd6,TXN_11098,MBR_159,ACCT_6548,20200209,397.71,D,5200,Starbucks,Purchase at Starbucks,SEQ_001098,20200209,BATCH_18
1099,846f41bc-bad9-4d0c-8a37-589ced7abbd6,TXN_11099,MBR_182,ACCT_2463,20240327,306.38,C,5300,Costco,Purchase at Costco,SEQ_001099,20240327,BATCH_89
1100,846f41bc-bad9-4d0c-8a37-589ced7abbd6,TXN_11100,MBR_126,ACCT_8566,20251130,729.44,C,5912,Costco,Purchase at Costco,SEQ_001100,20251130,BATCH_49
1101,846f41bc-bad9-4d0c-8a37-589ced7abbd6,TXN_11101,MBR_151,ACCT_8969,20260806,168.06,C,5100,Chevron,Purchase at Chevron,SEQ_001101,20260806,BATCH_51
1102,846f41bc-bad9-4d0c-8a37-589ced7abbd6,TXN_11102,MBR_114,ACCT_6948,20231015,397.54,C,5912,Amazon,Purchase at Amazon,SEQ_001102,20231015,BATCH_92
1103,846f41bc-bad9-4d0c-8a37-589ced7abbd6,TXN_11103,MBR_135,ACCT_6945,20210305,600.39,C,5400,Starbucks,Purchase at Starbucks,SEQ_001103,20210305,BATCH_84
1104,846f41bc-bad9-4d0c-8a37-589ced7abbd6,TXN_11104,MBR_190,ACCT_9881,20260226,698.72,D,5400,Walmart,Purchase at Walmart,SEQ_001104,20260226,BATCH_18
1105,846f41bc-bad9-4d0c-8a37-589ced7abbd6,TXN_11105,MBR_173,ACCT_7755,20200114,499.43,C,5100,Walmart,Purchase at Walmart,SEQ_001105,20200114,BATCH_15
1106,846f41bc-bad9-4d0c-8a37-589ced7abbd6,TXN_11106,MBR_100,ACCT_1069,20240806,280.56,D,5912,Target,Purchase at Target,SEQ_001106,20240806,BATCH_30
1107,846f41bc-bad9-4d0c-8a37-589ced7abbd6,TXN_11107,MBR_145,ACCT_9851,20221228,324.26,C,5912,Costco,Purchase at Costco,SEQ_001107,20221228,BATCH_87
1108,846f41bc-bad9-4d0c-8a37-589ced7abbd6,TXN_11108,MBR_172,ACCT_3803,20250412,264.32,C,5400,Costco,Purchase at Costco,SEQ_001108,20250412,BATCH_26
1109,846f41bc-bad9-4d0c-8a37-589ced7abbd6,TXN_11109,MBR_111,ACCT_9386,20200703,665.31,C,5100,Amazon,Purchase at Amazon,SEQ_001109,20200703,BATCH_49
1110,846f41bc-bad9-4d0c-8a37-589ced7abbd6,TXN_11110,MBR_190,ACCT_8391,20230909,351.85,D,5100,Amazon,Purchase at Amazon,SEQ_001110,20230909,BATCH_86
1111,846f41bc-bad9-4d0c-8a37-589ced7abbd6,TXN_11111,MBR_102,ACCT_5391,20220520,733.81,D,5100,Chevron,Purchase at Chevron,SEQ_001111,20220520,BATCH_50
1112,846f41bc-bad9-4d0c-8a37-589ced7abbd6,TXN_11112,MBR_157,ACCT_3814,20200524,575.16,D,5912,Target,Purchase at Target,SEQ_001112,20200524,BATCH_57
1113,846f41bc-bad9-4d0c-8a37-589ced7abbd6,TXN_11113,MBR_154,ACCT_5333,20200302,434.96,D,5812,Starbucks,Purchase at Starbucks,SEQ_001113,20200302,BATCH_45
1114,846f41bc-bad9-4d0c-8a37-589ced7abbd6,TXN_11114,MBR_121,ACCT_8412,20210911,99.66,D,5300,Starbucks,Purchase at Starbucks,SEQ_001114,20210911,BATCH_76
1115,846f41bc-bad9-4d0c-8a37-589ced7abbd6,TXN_11115,MBR_188,ACCT_3140,20210427,627.31,C,5100,Amazon,Purchase at Amazon,SEQ_001115,20210427,BATCH_86
1116,846f41bc-bad9-4d0c-8a37-589ced7abbd6,TXN_11116,MBR_134,ACCT_7222,20210629,48.57,D,5200,Amazon,Purchase at Amazon,SEQ_001116,20210629,BATCH_24
1117,846f41bc-bad9-4d0c-8a37-589ced7abbd6,TXN_11117,MBR_151,ACCT_4520,20220403,84.74,D,5100,Walmart,Purchase at Walmart,SEQ_001117,20220403,BATCH_47
1118,846f41bc-bad9-4d0c-8a37-589ced7abbd6,TXN_11118,MBR_116,ACCT_5339,20210215,425.72,D,5300,Starbucks,Purchase at Starbucks,SEQ_001118,20210215,BATCH_78
1119,846f41bc-bad9-4d0c-8a37-589ced7abbd6,TXN_11119,MBR_141,ACCT_2142,20210104,231.74,C,5400,Amazon,Purchase at Amazon,SEQ_001119,20210104,BATCH_28
1120,846f41bc-bad9-4d0c-8a37-589ced7abbd6,TXN_11120,MBR_107,ACCT_4532,20220419,203.93,D,5912,Starbucks,Purchase at Starbucks,SEQ_001120,20220419,BATCH_95
1121,846f41bc-bad9-4d0c-8a37-589ced7abbd6,TXN_11121,MBR_121,ACCT_6631,20220924,560.81,C,5912,Target,Purchase at Target,SEQ_001121,20220924,BATCH_46
1122,846f41bc-bad9-4d0c-8a37-589ced7abbd6,TXN_11122,MBR_129,ACCT_6345,20200713,650.98,C,5100,Starbucks,Purchase at Starbucks,SEQ_001122,20200713,BATCH_54
1123,846f41bc-bad9-4d0c-8a37-589ced7abbd6,TXN_11123,MBR_157,ACCT_5147,20220228,96.54,D,5200,Target,Purchase at Target,SEQ_001123,20220228,BATCH_69
1124,846f41bc-bad9-4d0c-8a37-589ced7abbd6,TXN_11124,MBR_194,ACCT_3851,20240420,682.13,D,5912,Starbucks,Purchase at Starbucks,SEQ_001124,20240420,BATCH_97
1125,846f41bc-bad9-4d0c-8a37-589ced7abbd6,TXN_11125,MBR_162,ACCT_3428,20250612,82.93,D,5300,Target,Purchase at Target,SEQ_001125,20250612,BATCH_30
1126,846f41bc-bad9-4d0c-8a37-589ced7abbd6,TXN_11126,MBR_144,ACCT_3269,20200607,478.18,D,5912,Target,Purchase at Target,SEQ_001126,20200607,BATCH_59
1127,846f41bc-bad9-4d0c-8a37-589ced7abbd6,TXN_11127,MBR_167,ACCT_6627,20210811,203.66,D,5100,Chevron,Purchase at Chevron,SEQ_001127,20210811,BATCH_83
1128,846f41bc-bad9-4d0c-8a37-589ced7abbd6,TXN_11128,MBR_125,ACCT_2721,20201012,272.9,D,5100,Costco,Purchase at Costco,SEQ_001128,20201012,BATCH_61
1129,846f41bc-bad9-4d0c-8a37-589ced7abbd6,TXN_11129,MBR_103,ACCT_4387,20220822,371.49,D,5100,Starbucks,Purchase at Starbucks,SEQ_001129,20220822,BATCH_60
1130,846f41bc-bad9-4d0c-8a37-589ced7abbd6,TXN_11130,MBR_119,ACCT_3952,20230531,377.93,D,5200,Target,Purchase at Target,SEQ_001130,20230531,BATCH_89
1131,846f41bc-bad9-4d0c-8a37-589ced7abbd6,TXN_11131,MBR_103,ACCT_9389,20250311,138.08,D,5912,Costco,Purchase at Costco,SEQ_001131,20250311,BATCH_48
1132,846f41bc-bad9-4d0c-8a37-589ced7abbd6,TXN_11132,MBR_173,ACCT_2196,20240313,662.03,C,5100,Costco,Purchase at Costco,SEQ_001132,20240313,BATCH_88
1133,846f41bc-bad9-4d0c-8a37-589ced7abbd6,TXN_11133,MBR_151,ACCT_9656,20230624,125.36,D,5100,Walmart,Purchase at Walmart,SEQ_001133,20230624,BATCH_53
1134,846f41bc-bad9-4d0c-8a37-589ced7abbd6,TXN_11134,MBR_106,ACCT_5416,20230314,47.06,D,5912,Amazon,Purchase at Amazon,SEQ_001134,20230314,BATCH_18
1135,846f41bc-bad9-4d0c-8a37-589ced7abbd6,TXN_11135,MBR_172,ACCT_2920,20251008,57.44,D,5100,Starbucks,Purchase at Starbucks,SEQ_001135,20251008,BATCH_44
1136,846f41bc-bad9-4d0c-8a37-589ced7abbd6,TXN_11136,MBR_158,ACCT_8669,20250615,256.97,D,5912,Chevron,Purchase at Chevron,SEQ_001136,20250615,BATCH_99
1137,846f41bc-bad9-4d0c-8a37-589ced7abbd6,TXN_11137,MBR_175,ACCT_5700,20260819,72.5,C,5912,Chevron,Purchase at Chevron,SEQ_001137,20260819,BATCH_44
1138,846f41bc-bad9-4d0c-8a37-589ced7abbd6,TXN_11138,MBR_100,ACCT_9737,20260707,637.8,C,5200,Costco,Purchase at Costco,SEQ_001138,20260707,BATCH_57
1139,846f41bc-bad9-4d0c-8a37-589ced7abbd6,TXN_11139,MBR_164,ACCT_3765,20201001,359.37,C,5400,Chevron,Purchase at Chevron,SEQ_001139,20201001,BATCH_16
1140,846f41bc-bad9-4d0c-8a37-589ced7abbd6,TXN_11140,MBR_144,ACCT_8257,20210727,107.23,D,5200,Starbucks,Purchase at Starbucks,SEQ_001140,20210727,BATCH_39
1141,846f41bc-bad9-4d0c-8a37-589ced7abbd6,TXN_11141,MBR_159,ACCT_5430,20240408,618.25,D,5200,Target,Purchase at Target,SEQ_001141,20240408,BATCH_62
1142,846f41bc-bad9-4d0c-8a37-589ced7abbd6,TXN_11142,MBR_147,ACCT_5585,20241209,363.55,D,5400,Costco,Purchase at Costco,SEQ_001142,20241209,BATCH_93
1143,846f41bc-bad9-4d0c-8a37-589ced7abbd6,TXN_11143,MBR_174,ACCT_4339,20230427,332.14,D,5812,Walmart,Purchase at Walmart,SEQ_001143,20230427,BATCH_32
1144,846f41bc-bad9-4d0c-8a37-589ced7abbd6,TXN_11144,MBR_153,ACCT_3638,20201007,214.34,C,5100,Target,Purchase at Target,SEQ_001144,20201007,BATCH_31
1145,846f41bc-bad9-4d0c-8a37-589ced7abbd6,TXN_11145,MBR_184,ACCT_3046,20220408,345.27,C,5812,Walmart,Purchase at Walmart,SEQ_001145,20220408,BATCH_99
1146,846f41bc-bad9-4d0c-8a37-589ced7abbd6,TXN_11146,MBR_180,ACCT_5739,20251020,15.33,C,5300,Walmart,Purchase at Walmart,SEQ_001146,20251020,BATCH_67
1147,846f41bc-bad9-4d0c-8a37-589ced7abbd6,TXN_11147,MBR_189,ACCT_9637,20201204,252.69,D,5812,Walmart,Purchase at Walmart,SEQ_001147,20201204,BATCH_60
1148,846f41bc-bad9-4d0c-8a37-589ced7abbd6,TXN_11148,MBR_119,ACCT_4276,20211008,556.45,C,5812,Costco,Purchase at Costco,SEQ_001148,20211008,BATCH_92
1149,846f41bc-bad9-4d0c-8a37-589ced7abbd6,TXN_11149,MBR_100,ACCT_1291,20210922,290.28,D,5100,Starbucks,Purchase at Starbucks,SEQ_001149,20210922,BATCH_80
1150,846f41bc-bad9-4d0c-8a37-589ced7abbd6,TXN_11150,MBR_152,ACCT_5106,20201225,736.43,D,5200,Walmart,Purchase at Walmart,SEQ_001150,20201225,BATCH_64
1151,846f41bc-bad9-4d0c-8a37-589ced7abbd6,TXN_11151,MBR_166,ACCT_9789,20201003,595.35,D,5812,Starbucks,Purchase at Starbucks,SEQ_001151,20201003,BATCH_80
1152,846f41bc-bad9-4d0c-8a37-589ced7abbd6,TXN_11152,MBR_164,ACCT_9122,20250215,514.24,D,5400,Chevron,Purchase at Chevron,SEQ_001152,20250215,BATCH_26
1153,846f41bc-bad9-4d0c-8a37-589ced7abbd6,TXN_11153,MBR_143,ACCT_8360,20230413,144.09,D,5200,Chevron,Purchase at Chevron,SEQ_001153,20230413,BATCH_58
1154,846f41bc-bad9-4d0c-8a37-589ced7abbd6,TXN_11154,MBR_103,ACCT_7721,20210627,171.24,D,5400,Target,Purchase at Target,SEQ_001154,20210627,BATCH_11
1155,846f41bc-bad9-4d0c-8a37-589ced7abbd6,TXN_11155,MBR_114,ACCT_7622,20250406,386.04,C,5100,Costco,Purchase at Costco,SEQ_001155,20250406,BATCH_60
1156,846f41bc-bad9-4d0c-8a37-589ced7abbd6,TXN_11156,MBR_114,ACCT_5322,20210604,173.06,D,5200,Walmart,Purchase at Walmart,SEQ_001156,20210604,BATCH_78
1157,846f41bc-bad9-4d0c-8a37-589ced7abbd6,TXN_11157,MBR_195,ACCT_2642,20241114,143.85,C,5100,Starbucks,Purchase at Starbucks,SEQ_001157,20241114,BATCH_73
1158,846f41bc-bad9-4d0c-8a37-589ced7abbd6,TXN_11158,MBR_166,ACCT_2769,20210829,426.88,D,5912,Starbucks,Purchase at Starbucks,SEQ_001158,20210829,BATCH_11
1159,846f41bc-bad9-4d0c-8a37-589ced7abbd6,TXN_11159,MBR_101,ACCT_7593,20250620,276.74,C,5300,Target,Purchase at Target,SEQ_001159,20250620,BATCH_69
1160,846f41bc-bad9-4d0c-8a37-589ced7abbd6,TXN_11160,MBR_162,ACCT_5898,20261128,139.05,D,5100,Amazon,Purchase at Amazon,SEQ_001160,20261128,BATCH_62
1161,846f41bc-bad9-4d0c-8a37-589ced7abbd6,TXN_11161,MBR_130,ACCT_4577,20230128,138.3,C,5300,Amazon,Purchase at Amazon,SEQ_001161,20230128,BATCH_89
1162,846f41bc-bad9-4d0c-8a37-589ced7abbd6,TXN_11162,MBR_168,ACCT_1149,20250307,135.2,D,5400,Costco,Purchase at Costco,SEQ_001162,20250307,BATCH_72
1163,846f41bc-bad9-4d0c-8a37-589ced7abbd6,TXN_11163,MBR_106,ACCT_4277,20211024,655.19,D,5400,Costco,Purchase at Costco,SEQ_001163,20211024,BATCH_35
1164,846f41bc-bad9-4d0c-8a37-589ced7abbd6,TXN_11164,MBR_128,ACCT_6213,20250216,152.18,C,5812,Costco,Purchase at Costco,SEQ_001164,20250216,BATCH_24
1165,846f41bc-bad9-4d0c-8a37-589ced7abbd6,TXN_11165,MBR_109,ACCT_3242,20231125,723.91,C,5400,Walmart,Purchase at Walmart,SEQ_001165,20231125,BATCH_42
1166,846f41bc-bad9-4d0c-8a37-589ced7abbd6,TXN_11166,MBR_129,ACCT_8122,20250526,170.05,C,5200,Walmart,Purchase at Walmart,SEQ_001166,20250526,BATCH_51
1167,846f41bc-bad9-4d0c-8a37-589ced7abbd6,TXN_11167,MBR_109,ACCT_9484,20220707,285.52,C,5300,Costco,Purchase at Costco,SEQ_001167,20220707,BATCH_63
1168,846f41bc-bad9-4d0c-8a37-589ced7abbd6,TXN_11168,MBR_115,ACCT_2540,20231023,135.21,D,5100,Chevron,Purchase at Chevron,SEQ_001168,20231023,BATCH_99
1169,846f41bc-bad9-4d0c-8a37-589ced7abbd6,TXN_11169,MBR_104,ACCT_7100,20210318,290.56,D,5100,Starbucks,Purchase at Starbucks,SEQ_001169,20210318,BATCH_69
1170,846f41bc-bad9-4d0c-8a37-589ced7abbd6,TXN_11170,MBR_142,ACCT_9872,20210611,623.13,D,5912,Costco,Purchase at Costco,SEQ_001170,20210611,BATCH_83
1171,846f41bc-bad9-4d0c-8a37-589ced7abbd6,TXN_11171,MBR_187,ACCT_9867,20210723,81.48,D,5300,Starbucks,Purchase at Starbucks,SEQ_001171,20210723,BATCH_62
1172,846f41bc-bad9-4d0c-8a37-589ced7abbd6,TXN_11172,MBR_187,ACCT_1647,20201113,396.57,C,5912,Costco,Purchase at Costco,SEQ_001172,20201113,BATCH_42
1173,846f41bc-bad9-4d0c-8a37-589ced7abbd6,TXN_11173,MBR_114,ACCT_5259,20210802,489.27,D,5400,Costco,Purchase at Costco,SEQ_001173,20210802,BATCH_98
1174,846f41bc-bad9-4d0c-8a37-589ced7abbd6,TXN_11174,MBR_157,ACCT_9706,20241018,375.49,C,5912,Walmart,Purchase at Walmart,SEQ_001174,20241018,BATCH_51
1175,846f41bc-bad9-4d0c-8a37-589ced7abbd6,TXN_11175,MBR_137,ACCT_9217,20260910,197.61,D,5300,Target,Purchase at Target,SEQ_001175,20260910,BATCH_30
1176,846f41bc-bad9-4d0c-8a37-589ced7abbd6,TXN_11176,MBR_193,ACCT_6706,20240911,749.26,C,5100,Chevron,Purchase at Chevron,SEQ_001176,20240911,BATCH_74
1177,846f41bc-bad9-4d0c-8a37-589ced7abbd6,TXN_11177,MBR_186,ACCT_5408,20220723,241.54,D,5400,Amazon,Purchase at Amazon,SEQ_001177,20220723,BATCH_51
1178,846f41bc-bad9-4d0c-8a37-589ced7abbd6,TXN_11178,MBR_113,ACCT_8570,20240606,223.3,C,5912,Amazon,Purchase at Amazon,SEQ_001178,20240606,BATCH_21
1179,846f41bc-bad9-4d0c-8a37-589ced7abbd6,TXN_11179,MBR_190,ACCT_8017,20230318,241.7,D,5100,Chevron,Purchase at Chevron,SEQ_001179,20230318,BATCH_14
1180,846f41bc-bad9-4d0c-8a37-589ced7abbd6,TXN_11180,MBR_168,ACCT_7799,20250107,373.75,D,5400,Starbucks,Purchase at Starbucks,SEQ_001180,20250107,BATCH_41
1181,846f41bc-bad9-4d0c-8a37-589ced7abbd6,TXN_11181,MBR_180,ACCT_2524,20200330,269.09,C,5912,Target,Purchase at Target,SEQ_001181,20200330,BATCH_83
1182,846f41bc-bad9-4d0c-8a37-589ced7abbd6,TXN_11182,MBR_111,ACCT_8442,20260108,203.92,D,5200,Chevron,Purchase at Chevron,SEQ_001182,20260108,BATCH_52
1183,846f41bc-bad9-4d0c-8a37-589ced7abbd6,TXN_11183,MBR_146,ACCT_6831,20200626,310.51,C,5812,Costco,Purchase at Costco,SEQ_001183,20200626,BATCH_69
1184,846f41bc-bad9-4d0c-8a37-589ced7abbd6,TXN_11184,MBR_191,ACCT_7703,20221002,287.15,D,5400,Walmart,Purchase at Walmart,SEQ_001184,20221002,BATCH_43
1185,846f41bc-bad9-4d0c-8a37-589ced7abbd6,TXN_11185,MBR_167,ACCT_9927,20201216,729.09,C,5912,Target,Purchase at Target,SEQ_001185,20201216,BATCH_20
1186,846f41bc-bad9-4d0c-8a37-589ced7abbd6,TXN_11186,MBR_183,ACCT_7940,20240903,275.58,D,5912,Chevron,Purchase at Chevron,SEQ_001186,20240903,BATCH_46
1187,846f41bc-bad9-4d0c-8a37-589ced7abbd6,TXN_11187,MBR_146,ACCT_3886,20220722,81.49,D,5300,Starbucks,Purchase at Starbucks,SEQ_001187,20220722,BATCH_82
1188,846f41bc-bad9-4d0c-8a37-589ced7abbd6,TXN_11188,MBR_123,ACCT_7495,20250108,254.97,D,5812,Target,Purchase at Target,SEQ_001188,20250108,BATCH_51
1189,846f41bc-bad9-4d0c-8a37-589ced7abbd6,TXN_11189,MBR_103,ACCT_8032,20260516,739.31,C,5400,Target,Purchase at Target,SEQ_001189,20260516,BATCH_24
1190,846f41bc-bad9-4d0c-8a37-589ced7abbd6,TXN_11190,MBR_188,ACCT_3965,20211026,661.51,C,5300,Amazon,Purchase at Amazon,SEQ_001190,20211026,BATCH_25
1191,846f41bc-bad9-4d0c-8a37-589ced7abbd6,TXN_11191,MBR_177,ACCT_8126,20220923,481.85,D,5100,Starbucks,Purchase at Starbucks,SEQ_001191,20220923,BATCH_38
1192,846f41bc-bad9-4d0c-8a37-589ced7abbd6,TXN_11192,MBR_122,ACCT_6903,20251110,270.69,C,5300,Target,Purchase at Target,SEQ_001192,20251110,BATCH_95
1193,846f41bc-bad9-4d0c-8a37-589ced7abbd6,TXN_11193,MBR_105,ACCT_9998,20251117,211.94,D,5812,Amazon,Purchase at Amazon,SEQ_001193,20251117,BATCH_95
1194,846f41bc-bad9-4d0c-8a37-589ced7abbd6,TXN_11194,MBR_163,ACCT_9503,20220909,272.92,D,5200,Chevron,Purchase at Chevron,SEQ_001194,20220909,BATCH_25
1195,846f41bc-bad9-4d0c-8a37-589ced7abbd6,TXN_11195,MBR_139,ACCT_4360,20260114,117.25,D,5912,Costco,Purchase at Costco,SEQ_001195,20260114,BATCH_91
1196,846f41bc-bad9-4d0c-8a37-589ced7abbd6,TXN_11196,MBR_161,ACCT_9139,20201006,680.6,D,5912,Costco,Purchase at Costco,SEQ_001196,20201006,BATCH_46
1197,846f41bc-bad9-4d0c-8a37-589ced7abbd6,TXN_11197,MBR_165,ACCT_9668,20240219,395.11,D,5912,Target,Purchase at Target,SEQ_001197,20240219,BATCH_47
1198,846f41bc-bad9-4d0c-8a37-589ced7abbd6,TXN_11198,MBR_133,ACCT_1319,20220806,569.98,C,5400,Amazon,Purchase at Amazon,SEQ_001198,20220806,BATCH_71
1199,846f41bc-bad9-4d0c-8a37-589ced7abbd6,TXN_11199,MBR_171,ACCT_7286,20240112,381.28,D,5100,Target,Purchase at Target,SEQ_001199,20240112,BATCH_58
1200,846f41bc-bad9-4d0c-8a37-589ced7abbd6,TXN_11200,MBR_163,ACCT_5856,20230127,338.01,D,5400,Target,Purchase at Target,SEQ_001200,20230127,BATCH_83
1201,846f41bc-bad9-4d0c-8a37-589ced7abbd6,TXN_11201,MBR_133,ACCT_5126,20250906,203.99,D,5912,Chevron,Purchase at Chevron,SEQ_001201,20250906,BATCH_93
1202,846f41bc-bad9-4d0c-8a37-589ced7abbd6,TXN_11202,MBR_146,ACCT_4284,20210204,32.68,D,5400,Chevron,Purchase at Chevron,SEQ_001202,20210204,BATCH_26
1203,846f41bc-bad9-4d0c-8a37-589ced7abbd6,TXN_11203,MBR_163,ACCT_8583,20250609,91.05,C,5912,Walmart,Purchase at Walmart,SEQ_001203,20250609,BATCH_89
1204,846f41bc-bad9-4d0c-8a37-589ced7abbd6,TXN_11204,MBR_109,ACCT_1889,20261124,248.55,C,5812,Walmart,Purchase at Walmart,SEQ_001204,20261124,BATCH_21
1205,846f41bc-bad9-4d0c-8a37-589ced7abbd6,TXN_11205,MBR_194,ACCT_5137,20230905,301.7,C,5200,Target,Purchase at Target,SEQ_001205,20230905,BATCH_20
1206,846f41bc-bad9-4d0c-8a37-589ced7abbd6,TXN_11206,MBR_186,ACCT_9305,20261002,301.31,C,5300,Starbucks,Purchase at Starbucks,SEQ_001206,20261002,BATCH_78
1207,846f41bc-bad9-4d0c-8a37-589ced7abbd6,TXN_11207,MBR_162,ACCT_5787,20200823,264.83,C,5300,Walmart,Purchase at Walmart,SEQ_001207,20200823,BATCH_58
1208,846f41bc-bad9-4d0c-8a37-589ced7abbd6,TXN_11208,MBR_117,ACCT_4937,20240919,450.7,C,5400,Amazon,Purchase at Amazon,SEQ_001208,20240919,BATCH_11
1209,846f41bc-bad9-4d0c-8a37-589ced7abbd6,TXN_11209,MBR_127,ACCT_1470,20230323,76.49,D,5400,Starbucks,Purchase at Starbucks,SEQ_001209,20230323,BATCH_85
1210,846f41bc-bad9-4d0c-8a37-589ced7abbd6,TXN_11210,MBR_131,ACCT_1229,20250307,733.32,D,5100,Chevron,Purchase at Chevron,SEQ_001210,20250307,BATCH_13
1211,846f41bc-bad9-4d0c-8a37-589ced7abbd6,TXN_11211,MBR_117,ACCT_5454,20200105,364.64,D,5300,Chevron,Purchase at Chevron,SEQ_001211,20200105,BATCH_43
1212,846f41bc-bad9-4d0c-8a37-589ced7abbd6,TXN_11212,MBR_155,ACCT_7892,20200307,50.21,C,5200,Costco,Purchase at Costco,SEQ_001212,20200307,BATCH_75
1213,846f41bc-bad9-4d0c-8a37-589ced7abbd6,TXN_11213,MBR_176,ACCT_7925,20200811,76.97,C,5300,Walmart,Purchase at Walmart,SEQ_001213,20200811,BATCH_48
1214,846f41bc-bad9-4d0c-8a37-589ced7abbd6,TXN_11214,MBR_192,ACCT_6025,20251120,286.15,D,5300,Starbucks,Purchase at Starbucks,SEQ_001214,20251120,BATCH_58
1215,846f41bc-bad9-4d0c-8a37-589ced7abbd6,TXN_11215,MBR_146,ACCT_3204,20220412,105.89,C,5100,Amazon,Purchase at Amazon,SEQ_001215,20220412,BATCH_12
1216,846f41bc-bad9-4d0c-8a37-589ced7abbd6,TXN_11216,MBR_112,ACCT_6647,20250119,621.06,C,5400,Target,Purchase at Target,SEQ_001216,20250119,BATCH_52
1217,846f41bc-bad9-4d0c-8a37-589ced7abbd6,TXN_11217,MBR_115,ACCT_9599,20260305,180.37,C,5200,Amazon,Purchase at Amazon,SEQ_001217,20260305,BATCH_66
1218,846f41bc-bad9-4d0c-8a37-589ced7abbd6,TXN_11218,MBR_180,ACCT_6842,20250526,360.33,C,5100,Target,Purchase at Target,SEQ_001218,20250526,BATCH_85
1219,846f41bc-bad9-4d0c-8a37-589ced7abbd6,TXN_11219,MBR_101,ACCT_6276,20230614,455.45,C,5400,Costco,Purchase at Costco,SEQ_001219,20230614,BATCH_43
1220,846f41bc-bad9-4d0c-8a37-589ced7abbd6,TXN_11220,MBR_180,ACCT_1955,20220215,113.45,C,5300,Amazon,Purchase at Amazon,SEQ_001220,20220215,BATCH_76
1221,846f41bc-bad9-4d0c-8a37-589ced7abbd6,TXN_11221,MBR_123,ACCT_4085,20211110,513.17,D,5300,Starbucks,Purchase at Starbucks,SEQ_001221,20211110,BATCH_13
1222,846f41bc-bad9-4d0c-8a37-589ced7abbd6,TXN_11222,MBR_157,ACCT_4588,20240330,133.86,C,5812,Costco,Purchase at Costco,SEQ_001222,20240330,BATCH_34
1223,846f41bc-bad9-4d0c-8a37-589ced7abbd6,TXN_11223,MBR_120,ACCT_5230,20210514,577.4,C,5100,Costco,Purchase at Costco,SEQ_001223,20210514,BATCH_21
1224,846f41bc-bad9-4d0c-8a37-589ced7abbd6,TXN_11224,MBR_166,ACCT_3556,20261210,54.6,D,5812,Costco,Purchase at Costco,SEQ_001224,20261210,BATCH_82
1225,846f41bc-bad9-4d0c-8a37-589ced7abbd6,TXN_11225,MBR_143,ACCT_7038,20230721,711.46,D,5812,Amazon,Purchase at Amazon,SEQ_001225,20230721,BATCH_42
1226,846f41bc-bad9-4d0c-8a37-589ced7abbd6,TXN_11226,MBR_149,ACCT_2333,20260728,745.85,D,5300,Chevron,Purchase at Chevron,SEQ_001226,20260728,BATCH_96
1227,846f41bc-bad9-4d0c-8a37-589ced7abbd6,TXN_11227,MBR_120,ACCT_1466,20210724,511.65,C,5912,Walmart,Purchase at Walmart,SEQ_001227,20210724,BATCH_16
1228,846f41bc-bad9-4d0c-8a37-589ced7abbd6,TXN_11228,MBR_153,ACCT_6706,20220425,109.47,C,5100,Target,Purchase at Target,SEQ_001228,20220425,BATCH_30
1229,846f41bc-bad9-4d0c-8a37-589ced7abbd6,TXN_11229,MBR_177,ACCT_7352,20220703,382.12,D,5812,Walmart,Purchase at Walmart,SEQ_001229,20220703,BATCH_32
1230,846f41bc-bad9-4d0c-8a37-589ced7abbd6,TXN_11230,MBR_123,ACCT_5446,20240602,430.06,D,5912,Amazon,Purchase at Amazon,SEQ_001230,20240602,BATCH_43
1231,846f41bc-bad9-4d0c-8a37-589ced7abbd6,TXN_11231,MBR_149,ACCT_8907,20250126,498.21,C,5812,Costco,Purchase at Costco,SEQ_001231,20250126,BATCH_35
1232,846f41bc-bad9-4d0c-8a37-589ced7abbd6,TXN_11232,MBR_160,ACCT_7674,20240513,390.83,C,5200,Amazon,Purchase at Amazon,SEQ_001232,20240513,BATCH_22
1233,846f41bc-bad9-4d0c-8a37-589ced7abbd6,TXN_11233,MBR_138,ACCT_2068,20200427,210.81,C,5812,Chevron,Purchase at Chevron,SEQ_001233,20200427,BATCH_59
1234,846f41bc-bad9-4d0c-8a37-589ced7abbd6,TXN_11234,MBR_145,ACCT_1976,20221017,627.49,C,5912,Starbucks,Purchase at Starbucks,SEQ_001234,20221017,BATCH_40
1235,846f41bc-bad9-4d0c-8a37-589ced7abbd6,TXN_11235,MBR_197,ACCT_8025,20250115,697.51,D,5912,Walmart,Purchase at Walmart,SEQ_001235,20250115,BATCH_93
1236,846f41bc-bad9-4d0c-8a37-589ced7abbd6,TXN_11236,MBR_173,ACCT_8557,20210208,194.45,D,5912,Costco,Purchase at Costco,SEQ_001236,20210208,BATCH_76
1237,846f41bc-bad9-4d0c-8a37-589ced7abbd6,TXN_11237,MBR_173,ACCT_4910,20240604,712.56,C,5912,Costco,Purchase at Costco,SEQ_001237,20240604,BATCH_46
1238,846f41bc-bad9-4d0c-8a37-589ced7abbd6,TXN_11238,MBR_167,ACCT_8119,20260130,515.86,D,5100,Starbucks,Purchase at Starbucks,SEQ_001238,20260130,BATCH_20
1239,846f41bc-bad9-4d0c-8a37-589ced7abbd6,TXN_11239,MBR_100,ACCT_2460,20210308,614.53,D,5100,Costco,Purchase at Costco,SEQ_001239,20210308,BATCH_32
1240,846f41bc-bad9-4d0c-8a37-589ced7abbd6,TXN_11240,MBR_159,ACCT_1716,20220804,198.95,D,5300,Costco,Purchase at Costco,SEQ_001240,20220804,BATCH_32
1241,846f41bc-bad9-4d0c-8a37-589ced7abbd6,TXN_11241,MBR_114,ACCT_5552,20220221,255.12,C,5300,Target,Purchase at Target,SEQ_001241,20220221,BATCH_93
1242,846f41bc-bad9-4d0c-8a37-589ced7abbd6,TXN_11242,MBR_198,ACCT_8715,20250630,117.81,D,5200,Starbucks,Purchase at Starbucks,SEQ_001242,20250630,BATCH_93
1243,846f41bc-bad9-4d0c-8a37-589ced7abbd6,TXN_11243,MBR_136,ACCT_9519,20230719,358.11,D,5812,Walmart,Purchase at Walmart,SEQ_001243,20230719,BATCH_95
1244,846f41bc-bad9-4d0c-8a37-589ced7abbd6,TXN_11244,MBR_182,ACCT_1041,20261228,339.23,D,5300,Chevron,Purchase at Chevron,SEQ_001244,20261228,BATCH_38
1245,846f41bc-bad9-4d0c-8a37-589ced7abbd6,TXN_11245,MBR_105,ACCT_2139,20200518,699.72,C,5300,Target,Purchase at Target,SEQ_001245,20200518,BATCH_51
1246,846f41bc-bad9-4d0c-8a37-589ced7abbd6,TXN_11246,MBR_170,ACCT_3297,20230922,398.87,D,5912,Target,Purchase at Target,SEQ_001246,20230922,BATCH_62
1247,846f41bc-bad9-4d0c-8a37-589ced7abbd6,TXN_11247,MBR_162,ACCT_2884,20250524,384.33,D,5200,Amazon,Purchase at Amazon,SEQ_001247,20250524,BATCH_47
1248,846f41bc-bad9-4d0c-8a37-589ced7abbd6,TXN_11248,MBR_104,ACCT_1114,20240601,717.02,C,5100,Walmart,Purchase at Walmart,SEQ_001248,20240601,BATCH_56
1249,846f41bc-bad9-4d0c-8a37-589ced7abbd6,TXN_11249,MBR_170,ACCT_7276,20211201,234.07,C,5812,Costco,Purchase at Costco,SEQ_001249,20211201,BATCH_73
1250,846f41bc-bad9-4d0c-8a37-589ced7abbd6,TXN_11250,MBR_183,ACCT_9926,20260110,597.58,C,5912,Target,Purchase at Target,SEQ_001250,20260110,BATCH_51
1251,846f41bc-bad9-4d0c-8a37-589ced7abbd6,TXN_11251,MBR_102,ACCT_8674,20251205,56.23,C,5400,Chevron,Purchase at Chevron,SEQ_001251,20251205,BATCH_61
1252,846f41bc-bad9-4d0c-8a37-589ced7abbd6,TXN_11252,MBR_110,ACCT_5609,20250625,448.95,C,5812,Walmart,Purchase at Walmart,SEQ_001252,20250625,BATCH_12
1253,846f41bc-bad9-4d0c-8a37-589ced7abbd6,TXN_11253,MBR_144,ACCT_1958,20200730,671.45,C,5812,Chevron,Purchase at Chevron,SEQ_001253,20200730,BATCH_86
1254,846f41bc-bad9-4d0c-8a37-589ced7abbd6,TXN_11254,MBR_139,ACCT_4848,20200917,25.7,C,5812,Target,Purchase at Target,SEQ_001254,20200917,BATCH_77
1255,846f41bc-bad9-4d0c-8a37-589ced7abbd6,TXN_11255,MBR_122,ACCT_6482,20210204,162.57,C,5400,Walmart,Purchase at Walmart,SEQ_001255,20210204,BATCH_49
1256,846f41bc-bad9-4d0c-8a37-589ced7abbd6,TXN_11256,MBR_155,ACCT_6303,20250215,149.84,D,5200,Costco,Purchase at Costco,SEQ_001256,20250215,BATCH_32
1257,846f41bc-bad9-4d0c-8a37-589ced7abbd6,TXN_11257,MBR_116,ACCT_2564,20241108,341.2,D,5100,Chevron,Purchase at Chevron,SEQ_001257,20241108,BATCH_87
1258,846f41bc-bad9-4d0c-8a37-589ced7abbd6,TXN_11258,MBR_116,ACCT_4223,20241111,546.22,C,5200,Amazon,Purchase at Amazon,SEQ_001258,20241111,BATCH_74
1259,846f41bc-bad9-4d0c-8a37-589ced7abbd6,TXN_11259,MBR_183,ACCT_3129,20200106,161.29,C,5912,Amazon,Purchase at Amazon,SEQ_001259,20200106,BATCH_17
1260,846f41bc-bad9-4d0c-8a37-589ced7abbd6,TXN_11260,MBR_174,ACCT_2664,20230918,107.36,C,5812,Costco,Purchase at Costco,SEQ_001260,20230918,BATCH_81
1261,846f41bc-bad9-4d0c-8a37-589ced7abbd6,TXN_11261,MBR_150,ACCT_3317,20251111,131.99,C,5300,Amazon,Purchase at Amazon,SEQ_001261,20251111,BATCH_36
1262,846f41bc-bad9-4d0c-8a37-589ced7abbd6,TXN_11262,MBR_171,ACCT_8205,20261119,261.99,D,5100,Costco,Purchase at Costco,SEQ_001262,20261119,BATCH_96
1263,846f41bc-bad9-4d0c-8a37-589ced7abbd6,TXN_11263,MBR_185,ACCT_6704,20250215,43.4,C,5200,Costco,Purchase at Costco,SEQ_001263,20250215,BATCH_98
1264,846f41bc-bad9-4d0c-8a37-589ced7abbd6,TXN_11264,MBR_184,ACCT_7900,20260822,171.93,D,5912,Amazon,Purchase at Amazon,SEQ_001264,20260822,BATCH_71
1265,846f41bc-bad9-4d0c-8a37-589ced7abbd6,TXN_11265,MBR_144,ACCT_7166,20260604,118.08,D,5912,Starbucks,Purchase at Starbucks,SEQ_001265,20260604,BATCH_10
1266,846f41bc-bad9-4d0c-8a37-589ced7abbd6,TXN_11266,MBR_169,ACCT_2257,20260705,208.55,D,5812,Costco,Purchase at Costco,SEQ_001266,20260705,BATCH_62
1267,846f41bc-bad9-4d0c-8a37-589ced7abbd6,TXN_11267,MBR_191,ACCT_9073,20210819,171.96,C,5200,Chevron,Purchase at Chevron,SEQ_001267,20210819,BATCH_12
1268,846f41bc-bad9-4d0c-8a37-589ced7abbd6,TXN_11268,MBR_161,ACCT_2321,20230127,742.94,C,5300,Walmart,Purchase at Walmart,SEQ_001268,20230127,BATCH_46
1269,846f41bc-bad9-4d0c-8a37-589ced7abbd6,TXN_11269,MBR_137,ACCT_2851,20200203,729.39,C,5912,Starbucks,Purchase at Starbucks,SEQ_001269,20200203,BATCH_22
1270,846f41bc-bad9-4d0c-8a37-589ced7abbd6,TXN_11270,MBR_197,ACCT_5991,20240126,137.6,D,5400,Starbucks,Purchase at Starbucks,SEQ_001270,20240126,BATCH_57
1271,846f41bc-bad9-4d0c-8a37-589ced7abbd6,TXN_11271,MBR_167,ACCT_2054,20260316,702.06,D,5200,Walmart,Purchase at Walmart,SEQ_001271,20260316,BATCH_84
1272,846f41bc-bad9-4d0c-8a37-589ced7abbd6,TXN_11272,MBR_172,ACCT_8211,20220818,339.52,C,5300,Amazon,Purchase at Amazon,SEQ_001272,20220818,BATCH_81
1273,846f41bc-bad9-4d0c-8a37-589ced7abbd6,TXN_11273,MBR_151,ACCT_7740,20211003,25.26,D,5300,Chevron,Purchase at Chevron,SEQ_001273,20211003,BATCH_72
1274,846f41bc-bad9-4d0c-8a37-589ced7abbd6,TXN_11274,MBR_136,ACCT_3598,20260727,241.47,C,5300,Walmart,Purchase at Walmart,SEQ_001274,20260727,BATCH_70
1275,846f41bc-bad9-4d0c-8a37-589ced7abbd6,TXN_11275,MBR_124,ACCT_8107,20220209,377.35,C,5100,Chevron,Purchase at Chevron,SEQ_001275,20220209,BATCH_30
1276,846f41bc-bad9-4d0c-8a37-589ced7abbd6,TXN_11276,MBR_125,ACCT_9786,20240425,13.98,C,5300,Walmart,Purchase at Walmart,SEQ_001276,20240425,BATCH_52
1277,846f41bc-bad9-4d0c-8a37-589ced7abbd6,TXN_11277,MBR_190,ACCT_2309,20220505,558.25,C,5400,Costco,Purchase at Costco,SEQ_001277,20220505,BATCH_13
1278,846f41bc-bad9-4d0c-8a37-589ced7abbd6,TXN_11278,MBR_195,ACCT_5887,20231218,616.97,C,5200,Amazon,Purchase at Amazon,SEQ_001278,20231218,BATCH_96
1279,846f41bc-bad9-4d0c-8a37-589ced7abbd6,TXN_11279,MBR_133,ACCT_9543,20231016,313.13,C,5300,Amazon,Purchase at Amazon,SEQ_001279,20231016,BATCH_57
1280,846f41bc-bad9-4d0c-8a37-589ced7abbd6,TXN_11280,MBR_147,ACCT_7743,20250914,441.79,C,5912,Starbucks,Purchase at Starbucks,SEQ_001280,20250914,BATCH_74
1281,846f41bc-bad9-4d0c-8a37-589ced7abbd6,TXN_11281,MBR_139,ACCT_7223,20260520,483.39,C,5200,Starbucks,Purchase at Starbucks,SEQ_001281,20260520,BATCH_28
1282,846f41bc-bad9-4d0c-8a37-589ced7abbd6,TXN_11282,MBR_161,ACCT_4411,20210620,90.93,C,5300,Costco,Purchase at Costco,SEQ_001282,20210620,BATCH_10
1283,846f41bc-bad9-4d0c-8a37-589ced7abbd6,TXN_11283,MBR_151,ACCT_1599,20261028,153.44,D,5812,Starbucks,Purchase at Starbucks,SEQ_001283,20261028,BATCH_17
1284,846f41bc-bad9-4d0c-8a37-589ced7abbd6,TXN_11284,MBR_122,ACCT_7326,20220916,162.22,D,5400,Chevron,Purchase at Chevron,SEQ_001284,20220916,BATCH_63
1285,846f41bc-bad9-4d0c-8a37-589ced7abbd6,TXN_11285,MBR_138,ACCT_1331,20210616,607.39,D,5100,Costco,Purchase at Costco,SEQ_001285,20210616,BATCH_66
1286,846f41bc-bad9-4d0c-8a37-589ced7abbd6,TXN_11286,MBR_166,ACCT_1577,20240517,14.8,D,5812,Walmart,Purchase at Walmart,SEQ_001286,20240517,BATCH_79
1287,846f41bc-bad9-4d0c-8a37-589ced7abbd6,TXN_11287,MBR_133,ACCT_2564,20241227,587.26,D,5400,Starbucks,Purchase at Starbucks,SEQ_001287,20241227,BATCH_96
1288,846f41bc-bad9-4d0c-8a37-589ced7abbd6,TXN_11288,MBR_177,ACCT_6622,20220908,708.1,D,5812,Target,Purchase at Target,SEQ_001288,20220908,BATCH_59
1289,846f41bc-bad9-4d0c-8a37-589ced7abbd6,TXN_11289,MBR_115,ACCT_3123,20241030,154.96,D,5300,Starbucks,Purchase at Starbucks,SEQ_001289,20241030,BATCH_92
1290,846f41bc-bad9-4d0c-8a37-589ced7abbd6,TXN_11290,MBR_193,ACCT_6487,20211002,190.87,C,5400,Costco,Purchase at Costco,SEQ_001290,20211002,BATCH_53
1291,846f41bc-bad9-4d0c-8a37-589ced7abbd6,TXN_11291,MBR_155,ACCT_3620,20230404,637.91,C,5912,Starbucks,Purchase at Starbucks,SEQ_001291,20230404,BATCH_83
1292,846f41bc-bad9-4d0c-8a37-589ced7abbd6,TXN_11292,MBR_138,ACCT_5833,20230831,537.7,C,5400,Costco,Purchase at Costco,SEQ_001292,20230831,BATCH_52
1293,846f41bc-bad9-4d0c-8a37-589ced7abbd6,TXN_11293,MBR_122,ACCT_1338,20250315,671.72,D,5100,Costco,Purchase at Costco,SEQ_001293,20250315,BATCH_73
1294,846f41bc-bad9-4d0c-8a37-589ced7abbd6,TXN_11294,MBR_186,ACCT_9521,20261205,87.47,C,5300,Target,Purchase at Target,SEQ_001294,20261205,BATCH_20
1295,846f41bc-bad9-4d0c-8a37-589ced7abbd6,TXN_11295,MBR_127,ACCT_8660,20200816,601.11,C,5200,Target,Purchase at Target,SEQ_001295,20200816,BATCH_79
1296,846f41bc-bad9-4d0c-8a37-589ced7abbd6,TXN_11296,MBR_166,ACCT_5370,20211217,667.16,C,5200,Costco,Purchase at Costco,SEQ_001296,20211217,BATCH_88
1297,846f41bc-bad9-4d0c-8a37-589ced7abbd6,TXN_11297,MBR_160,ACCT_9034,20230814,144.48,C,5400,Walmart,Purchase at Walmart,SEQ_001297,20230814,BATCH_96
1298,846f41bc-bad9-4d0c-8a37-589ced7abbd6,TXN_11298,MBR_142,ACCT_7157,20260724,142.77,D,5300,Starbucks,Purchase at Starbucks,SEQ_001298,20260724,BATCH_93
1299,846f41bc-bad9-4d0c-8a37-589ced7abbd6,TXN_11299,MBR_116,ACCT_2873,20250214,210.89,C,5200,Costco,Purchase at Costco,SEQ_001299,20250214,BATCH_33
1300,846f41bc-bad9-4d0c-8a37-589ced7abbd6,TXN_11300,MBR_155,ACCT_7355,20211006,280.38,D,5812,Costco,Purchase at Costco,SEQ_001300,20211006,BATCH_44
1301,846f41bc-bad9-4d0c-8a37-589ced7abbd6,TXN_11301,MBR_142,ACCT_8257,20251207,138.74,D,5400,Starbucks,Purchase at Starbucks,SEQ_001301,20251207,BATCH_75
1302,846f41bc-bad9-4d0c-8a37-589ced7abbd6,TXN_11302,MBR_121,ACCT_3507,20241024,277.85,D,5100,Chevron,Purchase at Chevron,SEQ_001302,20241024,BATCH_68
1303,846f41bc-bad9-4d0c-8a37-589ced7abbd6,TXN_11303,MBR_193,ACCT_8004,20250307,550.66,C,5812,Chevron,Purchase at Chevron,SEQ_001303,20250307,BATCH_81
1304,846f41bc-bad9-4d0c-8a37-589ced7abbd6,TXN_11304,MBR_144,ACCT_5000,20240825,126.08,C,5912,Walmart,Purchase at Walmart,SEQ_001304,20240825,BATCH_63
1305,846f41bc-bad9-4d0c-8a37-589ced7abbd6,TXN_11305,MBR_137,ACCT_6513,20201017,32.67,D,5912,Starbucks,Purchase at Starbucks,SEQ_001305,20201017,BATCH_73
1306,846f41bc-bad9-4d0c-8a37-589ced7abbd6,TXN_11306,MBR_181,ACCT_9262,20211018,262.18,C,5100,Costco,Purchase at Costco,SEQ_001306,20211018,BATCH_74
1307,846f41bc-bad9-4d0c-8a37-589ced7abbd6,TXN_11307,MBR_142,ACCT_9015,20220728,466.18,C,5100,Target,Purchase at Target,SEQ_001307,20220728,BATCH_17
1308,846f41bc-bad9-4d0c-8a37-589ced7abbd6,TXN_11308,MBR_146,ACCT_5507,20250701,130.5,D,5300,Starbucks,Purchase at Starbucks,SEQ_001308,20250701,BATCH_29
1309,846f41bc-bad9-4d0c-8a37-589ced7abbd6,TXN_11309,MBR_172,ACCT_7411,20250501,370.44,D,5812,Amazon,Purchase at Amazon,SEQ_001309,20250501,BATCH_97
1310,846f41bc-bad9-4d0c-8a37-589ced7abbd6,TXN_11310,MBR_188,ACCT_5167,20260226,419.06,D,5912,Costco,Purchase at Costco,SEQ_001310,20260226,BATCH_54
1311,846f41bc-bad9-4d0c-8a37-589ced7abbd6,TXN_11311,MBR_130,ACCT_5082,20211222,617.54,D,5200,Costco,Purchase at Costco,SEQ_001311,20211222,BATCH_63
1312,846f41bc-bad9-4d0c-8a37-589ced7abbd6,TXN_11312,MBR_123,ACCT_7584,20230925,443.19,C,5300,Costco,Purchase at Costco,SEQ_001312,20230925,BATCH_50
1313,846f41bc-bad9-4d0c-8a37-589ced7abbd6,TXN_11313,MBR_120,ACCT_8369,20200212,748.44,C,5812,Chevron,Purchase at Chevron,SEQ_001313,20200212,BATCH_72
1314,846f41bc-bad9-4d0c-8a37-589ced7abbd6,TXN_11314,MBR_109,ACCT_8450,20230510,728.67,D,5812,Chevron,Purchase at Chevron,SEQ_001314,20230510,BATCH_77
1315,846f41bc-bad9-4d0c-8a37-589ced7abbd6,TXN_11315,MBR_104,ACCT_4785,20220212,221.89,D,5400,Chevron,Purchase at Chevron,SEQ_001315,20220212,BATCH_73
1316,846f41bc-bad9-4d0c-8a37-589ced7abbd6,TXN_11316,MBR_170,ACCT_8889,20230217,537.83,C,5300,Target,Purchase at Target,SEQ_001316,20230217,BATCH_53
1317,846f41bc-bad9-4d0c-8a37-589ced7abbd6,TXN_11317,MBR_182,ACCT_3147,20200123,286.57,D,5400,Costco,Purchase at Costco,SEQ_001317,20200123,BATCH_77
1318,846f41bc-bad9-4d0c-8a37-589ced7abbd6,TXN_11318,MBR_113,ACCT_3982,20220818,625.32,C,5400,Amazon,Purchase at Amazon,SEQ_001318,20220818,BATCH_98
1319,846f41bc-bad9-4d0c-8a37-589ced7abbd6,TXN_11319,MBR_174,ACCT_1254,20230208,533.47,D,5300,Target,Purchase at Target,SEQ_001319,20230208,BATCH_70
1320,846f41bc-bad9-4d0c-8a37-589ced7abbd6,TXN_11320,MBR_126,ACCT_3834,20221108,624.64,D,5300,Chevron,Purchase at Chevron,SEQ_001320,20221108,BATCH_24
1321,846f41bc-bad9-4d0c-8a37-589ced7abbd6,TXN_11321,MBR_135,ACCT_7211,20220815,708.25,C,5300,Starbucks,Purchase at Starbucks,SEQ_001321,20220815,BATCH_98
1322,846f41bc-bad9-4d0c-8a37-589ced7abbd6,TXN_11322,MBR_130,ACCT_9217,20210407,448.52,C,5812,Costco,Purchase at Costco,SEQ_001322,20210407,BATCH_45
1323,846f41bc-bad9-4d0c-8a37-589ced7abbd6,TXN_11323,MBR_120,ACCT_7650,20230703,446.95,D,5812,Target,Purchase at Target,SEQ_001323,20230703,BATCH_54
1324,846f41bc-bad9-4d0c-8a37-589ced7abbd6,TXN_11324,MBR_138,ACCT_9061,20250904,313.45,D,5100,Chevron,Purchase at Chevron,SEQ_001324,20250904,BATCH_43
1325,846f41bc-bad9-4d0c-8a37-589ced7abbd6,TXN_11325,MBR_146,ACCT_9264,20201004,749.23,C,5812,Starbucks,Purchase at Starbucks,SEQ_001325,20201004,BATCH_36
1326,846f41bc-bad9-4d0c-8a37-589ced7abbd6,TXN_11326,MBR_106,ACCT_1592,20221029,287.37,C,5300,Amazon,Purchase at Amazon,SEQ_001326,20221029,BATCH_85
1327,846f41bc-bad9-4d0c-8a37-589ced7abbd6,TXN_11327,MBR_173,ACCT_1484,20211023,128.96,D,5812,Walmart,Purchase at Walmart,SEQ_001327,20211023,BATCH_28
1328,846f41bc-bad9-4d0c-8a37-589ced7abbd6,TXN_11328,MBR_134,ACCT_5734,20220222,565.95,D,5200,Target,Purchase at Target,SEQ_001328,20220222,BATCH_46
1329,846f41bc-bad9-4d0c-8a37-589ced7abbd6,TXN_11329,MBR_190,ACCT_4632,20231212,701.01,D,5400,Amazon,Purchase at Amazon,SEQ_001329,20231212,BATCH_74
1330,846f41bc-bad9-4d0c-8a37-589ced7abbd6,TXN_11330,MBR_128,ACCT_6284,20250306,460.58,C,5200,Walmart,Purchase at Walmart,SEQ_001330,20250306,BATCH_82
1331,846f41bc-bad9-4d0c-8a37-589ced7abbd6,TXN_11331,MBR_194,ACCT_5845,20210522,577.77,D,5200,Starbucks,Purchase at Starbucks,SEQ_001331,20210522,BATCH_41
1332,846f41bc-bad9-4d0c-8a37-589ced7abbd6,TXN_11332,MBR_123,ACCT_1634,20260817,506.17,C,5300,Walmart,Purchase at Walmart,SEQ_001332,20260817,BATCH_11
1333,846f41bc-bad9-4d0c-8a37-589ced7abbd6,TXN_11333,MBR_145,ACCT_1328,20260929,314.08,D,5400,Walmart,Purchase at Walmart,SEQ_001333,20260929,BATCH_85
1334,846f41bc-bad9-4d0c-8a37-589ced7abbd6,TXN_11334,MBR_120,ACCT_8651,20251012,295.2,D,5400,Starbucks,Purchase at Starbucks,SEQ_001334,20251012,BATCH_53
1335,846f41bc-bad9-4d0c-8a37-589ced7abbd6,TXN_11335,MBR_153,ACCT_6642,20241031,113.43,D,5812,Costco,Purchase at Costco,SEQ_001335,20241031,BATCH_77
1336,846f41bc-bad9-4d0c-8a37-589ced7abbd6,TXN_11336,MBR_107,ACCT_5093,20251222,720.25,D,5200,Chevron,Purchase at Chevron,SEQ_001336,20251222,BATCH_26
1337,846f41bc-bad9-4d0c-8a37-589ced7abbd6,TXN_11337,MBR_118,ACCT_8728,20220617,635.39,C,5812,Starbucks,Purchase at Starbucks,SEQ_001337,20220617,BATCH_64
1338,846f41bc-bad9-4d0c-8a37-589ced7abbd6,TXN_11338,MBR_150,ACCT_1578,20200423,450.31,C,5100,Amazon,Purchase at Amazon,SEQ_001338,20200423,BATCH_43
1339,846f41bc-bad9-4d0c-8a37-589ced7abbd6,TXN_11339,MBR_100,ACCT_8579,20200605,457.46,C,5200,Costco,Purchase at Costco,SEQ_001339,20200605,BATCH_90
1340,846f41bc-bad9-4d0c-8a37-589ced7abbd6,TXN_11340,MBR_154,ACCT_9828,20230725,33.58,C,5200,Amazon,Purchase at Amazon,SEQ_001340,20230725,BATCH_24
1341,846f41bc-bad9-4d0c-8a37-589ced7abbd6,TXN_11341,MBR_161,ACCT_1768,20240826,386.16,C,5812,Walmart,Purchase at Walmart,SEQ_001341,20240826,BATCH_17
1342,846f41bc-bad9-4d0c-8a37-589ced7abbd6,TXN_11342,MBR_192,ACCT_5729,20200415,708.41,C,5812,Walmart,Purchase at Walmart,SEQ_001342,20200415,BATCH_77
1343,846f41bc-bad9-4d0c-8a37-589ced7abbd6,TXN_11343,MBR_164,ACCT_8279,20261019,163.43,C,5300,Walmart,Purchase at Walmart,SEQ_001343,20261019,BATCH_82
1344,846f41bc-bad9-4d0c-8a37-589ced7abbd6,TXN_11344,MBR_131,ACCT_3811,20241002,407.81,D,5400,Chevron,Purchase at Chevron,SEQ_001344,20241002,BATCH_18
1345,846f41bc-bad9-4d0c-8a37-589ced7abbd6,TXN_11345,MBR_193,ACCT_5523,20230812,565.55,C,5100,Chevron,Purchase at Chevron,SEQ_001345,20230812,BATCH_72
1346,846f41bc-bad9-4d0c-8a37-589ced7abbd6,TXN_11346,MBR_153,ACCT_8225,20200821,587.11,C,5100,Target,Purchase at Target,SEQ_001346,20200821,BATCH_99
1347,846f41bc-bad9-4d0c-8a37-589ced7abbd6,TXN_11347,MBR_189,ACCT_3420,20200824,254.61,C,5912,Costco,Purchase at Costco,SEQ_001347,20200824,BATCH_38
1348,846f41bc-bad9-4d0c-8a37-589ced7abbd6,TXN_11348,MBR_186,ACCT_8787,20260114,733.14,C,5100,Amazon,Purchase at Amazon,SEQ_001348,20260114,BATCH_19
1349,846f41bc-bad9-4d0c-8a37-589ced7abbd6,TXN_11349,MBR_155,ACCT_5877,20200218,592.73,C,5200,Chevron,Purchase at Chevron,SEQ_001349,20200218,BATCH_64
1350,846f41bc-bad9-4d0c-8a37-589ced7abbd6,TXN_11350,MBR_137,ACCT_3745,20260127,95.48,D,5100,Walmart,Purchase at Walmart,SEQ_001350,20260127,BATCH_37
1351,846f41bc-bad9-4d0c-8a37-589ced7abbd6,TXN_11351,MBR_101,ACCT_4211,20210114,290.07,C,5812,Walmart,Purchase at Walmart,SEQ_001351,20210114,BATCH_72
1352,846f41bc-bad9-4d0c-8a37-589ced7abbd6,TXN_11352,MBR_194,ACCT_9741,20231023,116.99,D,5400,Chevron,Purchase at Chevron,SEQ_001352,20231023,BATCH_83
1353,846f41bc-bad9-4d0c-8a37-589ced7abbd6,TXN_11353,MBR_149,ACCT_7572,20230728,66.97,C,5200,Costco,Purchase at Costco,SEQ_001353,20230728,BATCH_62
1354,846f41bc-bad9-4d0c-8a37-589ced7abbd6,TXN_11354,MBR_125,ACCT_9807,20230509,124.93,D,5912,Starbucks,Purchase at Starbucks,SEQ_001354,20230509,BATCH_83
1355,846f41bc-bad9-4d0c-8a37-589ced7abbd6,TXN_11355,MBR_124,ACCT_4277,20251201,695.38,D,5812,Chevron,Purchase at Chevron,SEQ_001355,20251201,BATCH_48
1356,846f41bc-bad9-4d0c-8a37-589ced7abbd6,TXN_11356,MBR_184,ACCT_7312,20230901,298.21,C,5812,Walmart,Purchase at Walmart,SEQ_001356,20230901,BATCH_96
1357,846f41bc-bad9-4d0c-8a37-589ced7abbd6,TXN_11357,MBR_187,ACCT_3302,20240113,362.1,C,5912,Target,Purchase at Target,SEQ_001357,20240113,BATCH_31
1358,846f41bc-bad9-4d0c-8a37-589ced7abbd6,TXN_11358,MBR_105,ACCT_2292,20250925,358.22,D,5300,Target,Purchase at Target,SEQ_001358,20250925,BATCH_97
1359,846f41bc-bad9-4d0c-8a37-589ced7abbd6,TXN_11359,MBR_199,ACCT_6234,20240715,232.83,D,5100,Costco,Purchase at Costco,SEQ_001359,20240715,BATCH_91
1360,846f41bc-bad9-4d0c-8a37-589ced7abbd6,TXN_11360,MBR_112,ACCT_1478,20210812,646.86,D,5200,Walmart,Purchase at Walmart,SEQ_001360,20210812,BATCH_42
1361,846f41bc-bad9-4d0c-8a37-589ced7abbd6,TXN_11361,MBR_130,ACCT_6639,20231003,339.16,C,5100,Costco,Purchase at Costco,SEQ_001361,20231003,BATCH_26
1362,846f41bc-bad9-4d0c-8a37-589ced7abbd6,TXN_11362,MBR_167,ACCT_9163,20260719,578.23,C,5300,Costco,Purchase at Costco,SEQ_001362,20260719,BATCH_86
1363,846f41bc-bad9-4d0c-8a37-589ced7abbd6,TXN_11363,MBR_120,ACCT_6830,20210801,141.27,D,5400,Amazon,Purchase at Amazon,SEQ_001363,20210801,BATCH_43
1364,846f41bc-bad9-4d0c-8a37-589ced7abbd6,TXN_11364,MBR_136,ACCT_9941,20200118,732.96,D,5812,Target,Purchase at Target,SEQ_001364,20200118,BATCH_62
1365,846f41bc-bad9-4d0c-8a37-589ced7abbd6,TXN_11365,MBR_193,ACCT_8464,20221031,572.66,D,5912,Starbucks,Purchase at Starbucks,SEQ_001365,20221031,BATCH_39
1366,846f41bc-bad9-4d0c-8a37-589ced7abbd6,TXN_11366,MBR_199,ACCT_3742,20230424,437.49,D,5100,Chevron,Purchase at Chevron,SEQ_001366,20230424,BATCH_21
1367,846f41bc-bad9-4d0c-8a37-589ced7abbd6,TXN_11367,MBR_113,ACCT_8014,20240822,187.63,C,5812,Amazon,Purchase at Amazon,SEQ_001367,20240822,BATCH_72
1368,846f41bc-bad9-4d0c-8a37-589ced7abbd6,TXN_11368,MBR_195,ACCT_9029,20220609,179.7,C,5100,Chevron,Purchase at Chevron,SEQ_001368,20220609,BATCH_94
1369,846f41bc-bad9-4d0c-8a37-589ced7abbd6,TXN_11369,MBR_196,ACCT_6345,20230623,614.89,C,5400,Amazon,Purchase at Amazon,SEQ_001369,20230623,BATCH_74
1370,846f41bc-bad9-4d0c-8a37-589ced7abbd6,TXN_11370,MBR_158,ACCT_1087,20231219,252.63,D,5400,Target,Purchase at Target,SEQ_001370,20231219,BATCH_32
1371,846f41bc-bad9-4d0c-8a37-589ced7abbd6,TXN_11371,MBR_168,ACCT_5627,20250221,95.51,D,5200,Walmart,Purchase at Walmart,SEQ_001371,20250221,BATCH_30
1372,846f41bc-bad9-4d0c-8a37-589ced7abbd6,TXN_11372,MBR_126,ACCT_4753,20251017,221.01,D,5400,Costco,Purchase at Costco,SEQ_001372,20251017,BATCH_46
1373,846f41bc-bad9-4d0c-8a37-589ced7abbd6,TXN_11373,MBR_179,ACCT_4585,20231020,652.27,C,5400,Costco,Purchase at Costco,SEQ_001373,20231020,BATCH_70
1374,846f41bc-bad9-4d0c-8a37-589ced7abbd6,TXN_11374,MBR_135,ACCT_4297,20261209,14.05,D,5400,Starbucks,Purchase at Starbucks,SEQ_001374,20261209,BATCH_60
1375,846f41bc-bad9-4d0c-8a37-589ced7abbd6,TXN_11375,MBR_128,ACCT_2636,20230206,20.53,C,5400,Chevron,Purchase at Chevron,SEQ_001375,20230206,BATCH_98
1376,846f41bc-bad9-4d0c-8a37-589ced7abbd6,TXN_11376,MBR_124,ACCT_4723,20220111,658.22,C,5400,Costco,Purchase at Costco,SEQ_001376,20220111,BATCH_12
1377,846f41bc-bad9-4d0c-8a37-589ced7abbd6,TXN_11377,MBR_116,ACCT_9151,20200114,398.07,D,5912,Starbucks,Purchase at Starbucks,SEQ_001377,20200114,BATCH_54
1378,846f41bc-bad9-4d0c-8a37-589ced7abbd6,TXN_11378,MBR_188,ACCT_7329,20230725,602.61,D,5100,Chevron,Purchase at Chevron,SEQ_001378,20230725,BATCH_39
1379,846f41bc-bad9-4d0c-8a37-589ced7abbd6,TXN_11379,MBR_157,ACCT_1458,20210903,507.62,D,5200,Starbucks,Purchase at Starbucks,SEQ_001379,20210903,BATCH_27
1380,846f41bc-bad9-4d0c-8a37-589ced7abbd6,TXN_11380,MBR_176,ACCT_6931,20240709,694.75,D,5100,Amazon,Purchase at Amazon,SEQ_001380,20240709,BATCH_31
1381,846f41bc-bad9-4d0c-8a37-589ced7abbd6,TXN_11381,MBR_188,ACCT_5141,20221216,539.31,D,5812,Target,Purchase at Target,SEQ_001381,20221216,BATCH_57
1382,846f41bc-bad9-4d0c-8a37-589ced7abbd6,TXN_11382,MBR_177,ACCT_3087,20231027,594.83,D,5200,Amazon,Purchase at Amazon,SEQ_001382,20231027,BATCH_87
1383,846f41bc-bad9-4d0c-8a37-589ced7abbd6,TXN_11383,MBR_184,ACCT_7732,20260916,128.97,D,5200,Chevron,Purchase at Chevron,SEQ_001383,20260916,BATCH_80
1384,846f41bc-bad9-4d0c-8a37-589ced7abbd6,TXN_11384,MBR_107,ACCT_5612,20230203,652.1,C,5200,Chevron,Purchase at Chevron,SEQ_001384,20230203,BATCH_64
1385,846f41bc-bad9-4d0c-8a37-589ced7abbd6,TXN_11385,MBR_171,ACCT_1902,20200419,661.09,C,5300,Target,Purchase at Target,SEQ_001385,20200419,BATCH_55
1386,846f41bc-bad9-4d0c-8a37-589ced7abbd6,TXN_11386,MBR_101,ACCT_1443,20211203,82.29,C,5100,Chevron,Purchase at Chevron,SEQ_001386,20211203,BATCH_98
1387,846f41bc-bad9-4d0c-8a37-589ced7abbd6,TXN_11387,MBR_195,ACCT_2331,20210628,720.3,D,5100,Chevron,Purchase at Chevron,SEQ_001387,20210628,BATCH_18
1388,846f41bc-bad9-4d0c-8a37-589ced7abbd6,TXN_11388,MBR_193,ACCT_6946,20230402,271.94,D,5100,Chevron,Purchase at Chevron,SEQ_001388,20230402,BATCH_46
1389,846f41bc-bad9-4d0c-8a37-589ced7abbd6,TXN_11389,MBR_149,ACCT_6263,20251104,209.02,D,5300,Starbucks,Purchase at Starbucks,SEQ_001389,20251104,BATCH_95
1390,846f41bc-bad9-4d0c-8a37-589ced7abbd6,TXN_11390,MBR_103,ACCT_9998,20260814,628.15,C,5400,Amazon,Purchase at Amazon,SEQ_001390,20260814,BATCH_43
1391,846f41bc-bad9-4d0c-8a37-589ced7abbd6,TXN_11391,MBR_121,ACCT_1882,20250819,248.12,D,5300,Target,Purchase at Target,SEQ_001391,20250819,BATCH_46
1392,846f41bc-bad9-4d0c-8a37-589ced7abbd6,TXN_11392,MBR_117,ACCT_4133,20250111,333.06,D,5300,Amazon,Purchase at Amazon,SEQ_001392,20250111,BATCH_97
1393,846f41bc-bad9-4d0c-8a37-589ced7abbd6,TXN_11393,MBR_125,ACCT_6428,20251026,102.32,C,5400,Costco,Purchase at Costco,SEQ_001393,20251026,BATCH_40
1394,846f41bc-bad9-4d0c-8a37-589ced7abbd6,TXN_11394,MBR_165,ACCT_9228,20211003,83.92,C,5300,Chevron,Purchase at Chevron,SEQ_001394,20211003,BATCH_26
1395,846f41bc-bad9-4d0c-8a37-589ced7abbd6,TXN_11395,MBR_101,ACCT_6418,20200822,238.24,D,5200,Amazon,Purchase at Amazon,SEQ_001395,20200822,BATCH_13
1396,846f41bc-bad9-4d0c-8a37-589ced7abbd6,TXN_11396,MBR_130,ACCT_5056,20260805,241.25,D,5300,Chevron,Purchase at Chevron,SEQ_001396,20260805,BATCH_62
1397,846f41bc-bad9-4d0c-8a37-589ced7abbd6,TXN_11397,MBR_198,ACCT_8942,20240403,560.56,D,5812,Target,Purchase at Target,SEQ_001397,20240403,BATCH_50
1398,846f41bc-bad9-4d0c-8a37-589ced7abbd6,TXN_11398,MBR_150,ACCT_9247,20231126,530.84,D,5300,Costco,Purchase at Costco,SEQ_001398,20231126,BATCH_65
1399,846f41bc-bad9-4d0c-8a37-589ced7abbd6,TXN_11399,MBR_190,ACCT_6020,20230408,178.13,C,5812,Starbucks,Purchase at Starbucks,SEQ_001399,20230408,BATCH_28
1400,846f41bc-bad9-4d0c-8a37-589ced7abbd6,TXN_11400,MBR_102,ACCT_3774,20221018,162.11,C,5912,Walmart,Purchase at Walmart,SEQ_001400,20221018,BATCH_95
1401,846f41bc-bad9-4d0c-8a37-589ced7abbd6,TXN_11401,MBR_155,ACCT_9987,20220621,493.4,C,5400,Chevron,Purchase at Chevron,SEQ_001401,20220621,BATCH_84
1402,846f41bc-bad9-4d0c-8a37-589ced7abbd6,TXN_11402,MBR_165,ACCT_7261,20241217,76.89,C,5400,Costco,Purchase at Costco,SEQ_001402,20241217,BATCH_45
1403,846f41bc-bad9-4d0c-8a37-589ced7abbd6,TXN_11403,MBR_145,ACCT_7216,20251106,147.93,C,5300,Starbucks,Purchase at Starbucks,SEQ_001403,20251106,BATCH_58
1404,846f41bc-bad9-4d0c-8a37-589ced7abbd6,TXN_11404,MBR_147,ACCT_3405,20230924,373.39,D,5812,Chevron,Purchase at Chevron,SEQ_001404,20230924,BATCH_28
1405,846f41bc-bad9-4d0c-8a37-589ced7abbd6,TXN_11405,MBR_170,ACCT_9050,20260123,547.88,C,5100,Walmart,Purchase at Walmart,SEQ_001405,20260123,BATCH_32
1406,846f41bc-bad9-4d0c-8a37-589ced7abbd6,TXN_11406,MBR_127,ACCT_2600,20240522,190.9,C,5812,Costco,Purchase at Costco,SEQ_001406,20240522,BATCH_35
1407,846f41bc-bad9-4d0c-8a37-589ced7abbd6,TXN_11407,MBR_199,ACCT_7361,20220625,282.08,C,5200,Walmart,Purchase at Walmart,SEQ_001407,20220625,BATCH_46
1408,846f41bc-bad9-4d0c-8a37-589ced7abbd6,TXN_11408,MBR_114,ACCT_5640,20220629,527.56,D,5300,Target,Purchase at Target,SEQ_001408,20220629,BATCH_16
1409,846f41bc-bad9-4d0c-8a37-589ced7abbd6,TXN_11409,MBR_129,ACCT_3766,20211019,666.96,C,5812,Starbucks,Purchase at Starbucks,SEQ_001409,20211019,BATCH_28
1410,846f41bc-bad9-4d0c-8a37-589ced7abbd6,TXN_11410,MBR_119,ACCT_3551,20251001,385.43,D,5912,Walmart,Purchase at Walmart,SEQ_001410,20251001,BATCH_27
1411,846f41bc-bad9-4d0c-8a37-589ced7abbd6,TXN_11411,MBR_140,ACCT_6522,20251103,628.08,C,5400,Starbucks,Purchase at Starbucks,SEQ_001411,20251103,BATCH_79
1412,846f41bc-bad9-4d0c-8a37-589ced7abbd6,TXN_11412,MBR_193,ACCT_7116,20221114,154.08,C,5812,Walmart,Purchase at Walmart,SEQ_001412,20221114,BATCH_13
1413,846f41bc-bad9-4d0c-8a37-589ced7abbd6,TXN_11413,MBR_164,ACCT_7632,20260713,318.75,C,5100,Chevron,Purchase at Chevron,SEQ_001413,20260713,BATCH_18
1414,846f41bc-bad9-4d0c-8a37-589ced7abbd6,TXN_11414,MBR_154,ACCT_4441,20240120,670.97,C,5200,Walmart,Purchase at Walmart,SEQ_001414,20240120,BATCH_73
1415,846f41bc-bad9-4d0c-8a37-589ced7abbd6,TXN_11415,MBR_139,ACCT_2595,20201026,603.2,D,5400,Starbucks,Purchase at Starbucks,SEQ_001415,20201026,BATCH_17
1416,846f41bc-bad9-4d0c-8a37-589ced7abbd6,TXN_11416,MBR_153,ACCT_5077,20231104,217.74,D,5300,Amazon,Purchase at Amazon,SEQ_001416,20231104,BATCH_72
1417,846f41bc-bad9-4d0c-8a37-589ced7abbd6,TXN_11417,MBR_118,ACCT_4944,20230805,427.74,D,5100,Target,Purchase at Target,SEQ_001417,20230805,BATCH_32
1418,846f41bc-bad9-4d0c-8a37-589ced7abbd6,TXN_11418,MBR_198,ACCT_4617,20230611,548.27,D,5912,Costco,Purchase at Costco,SEQ_001418,20230611,BATCH_89
1419,846f41bc-bad9-4d0c-8a37-589ced7abbd6,TXN_11419,MBR_186,ACCT_7188,20250220,297.37,D,5300,Target,Purchase at Target,SEQ_001419,20250220,BATCH_62
1420,846f41bc-bad9-4d0c-8a37-589ced7abbd6,TXN_11420,MBR_191,ACCT_8139,20230728,437.74,C,5200,Walmart,Purchase at Walmart,SEQ_001420,20230728,BATCH_97
1421,846f41bc-bad9-4d0c-8a37-589ced7abbd6,TXN_11421,MBR_108,ACCT_7895,20201213,717.04,C,5912,Chevron,Purchase at Chevron,SEQ_001421,20201213,BATCH_77
1422,846f41bc-bad9-4d0c-8a37-589ced7abbd6,TXN_11422,MBR_180,ACCT_4523,20210418,317.43,D,5912,Chevron,Purchase at Chevron,SEQ_001422,20210418,BATCH_89
1423,846f41bc-bad9-4d0c-8a37-589ced7abbd6,TXN_11423,MBR_104,ACCT_4206,20230907,507.48,D,5400,Costco,Purchase at Costco,SEQ_001423,20230907,BATCH_49
1424,846f41bc-bad9-4d0c-8a37-589ced7abbd6,TXN_11424,MBR_144,ACCT_6212,20260909,642.35,D,5300,Amazon,Purchase at Amazon,SEQ_001424,20260909,BATCH_49
1425,846f41bc-bad9-4d0c-8a37-589ced7abbd6,TXN_11425,MBR_111,ACCT_5964,20200711,458.42,C,5912,Walmart,Purchase at Walmart,SEQ_001425,20200711,BATCH_35
1426,846f41bc-bad9-4d0c-8a37-589ced7abbd6,TXN_11426,MBR_117,ACCT_5223,20251201,128.57,C,5300,Chevron,Purchase at Chevron,SEQ_001426,20251201,BATCH_69
1427,846f41bc-bad9-4d0c-8a37-589ced7abbd6,TXN_11427,MBR_101,ACCT_6985,20231125,452.08,C,5912,Amazon,Purchase at Amazon,SEQ_001427,20231125,BATCH_88
1428,846f41bc-bad9-4d0c-8a37-589ced7abbd6,TXN_11428,MBR_182,ACCT_2483,20220410,500.77,C,5912,Target,Purchase at Target,SEQ_001428,20220410,BATCH_30
1429,846f41bc-bad9-4d0c-8a37-589ced7abbd6,TXN_11429,MBR_127,ACCT_7838,20220906,550.73,C,5912,Amazon,Purchase at Amazon,SEQ_001429,20220906,BATCH_83
1430,846f41bc-bad9-4d0c-8a37-589ced7abbd6,TXN_11430,MBR_101,ACCT_2536,20241113,200.2,D,5912,Target,Purchase at Target,SEQ_001430,20241113,BATCH_77
1431,846f41bc-bad9-4d0c-8a37-589ced7abbd6,TXN_11431,MBR_134,ACCT_5308,20251028,406.63,C,5812,Chevron,Purchase at Chevron,SEQ_001431,20251028,BATCH_96
1432,846f41bc-bad9-4d0c-8a37-589ced7abbd6,TXN_11432,MBR_170,ACCT_7697,20210201,458.25,C,5812,Costco,Purchase at Costco,SEQ_001432,20210201,BATCH_10
1433,846f41bc-bad9-4d0c-8a37-589ced7abbd6,TXN_11433,MBR_149,ACCT_3695,20250427,411.9,C,5200,Walmart,Purchase at Walmart,SEQ_001433,20250427,BATCH_22
1434,846f41bc-bad9-4d0c-8a37-589ced7abbd6,TXN_11434,MBR_172,ACCT_1276,20250827,416.44,D,5300,Costco,Purchase at Costco,SEQ_001434,20250827,BATCH_37
1435,846f41bc-bad9-4d0c-8a37-589ced7abbd6,TXN_11435,MBR_192,ACCT_2868,20200723,605.72,C,5300,Walmart,Purchase at Walmart,SEQ_001435,20200723,BATCH_55
1436,846f41bc-bad9-4d0c-8a37-589ced7abbd6,TXN_11436,MBR_149,ACCT_7883,20220714,10.61,D,5100,Chevron,Purchase at Chevron,SEQ_001436,20220714,BATCH_81
1437,846f41bc-bad9-4d0c-8a37-589ced7abbd6,TXN_11437,MBR_172,ACCT_9566,20240507,447.01,D,5912,Walmart,Purchase at Walmart,SEQ_001437,20240507,BATCH_54
1438,846f41bc-bad9-4d0c-8a37-589ced7abbd6,TXN_11438,MBR_158,ACCT_8466,20200305,355.94,D,5100,Target,Purchase at Target,SEQ_001438,20200305,BATCH_55
1439,846f41bc-bad9-4d0c-8a37-589ced7abbd6,TXN_11439,MBR_117,ACCT_4834,20200628,633.59,D,5912,Starbucks,Purchase at Starbucks,SEQ_001439,20200628,BATCH_55
1440,846f41bc-bad9-4d0c-8a37-589ced7abbd6,TXN_11440,MBR_198,ACCT_1873,20230221,745.18,C,5300,Chevron,Purchase at Chevron,SEQ_001440,20230221,BATCH_77
1441,846f41bc-bad9-4d0c-8a37-589ced7abbd6,TXN_11441,MBR_120,ACCT_5230,20200227,425.49,D,5300,Amazon,Purchase at Amazon,SEQ_001441,20200227,BATCH_50
1442,846f41bc-bad9-4d0c-8a37-589ced7abbd6,TXN_11442,MBR_166,ACCT_8858,20261024,170.12,C,5200,Walmart,Purchase at Walmart,SEQ_001442,20261024,BATCH_88
1443,846f41bc-bad9-4d0c-8a37-589ced7abbd6,TXN_11443,MBR_140,ACCT_5024,20240701,152.23,C,5300,Starbucks,Purchase at Starbucks,SEQ_001443,20240701,BATCH_47
1444,846f41bc-bad9-4d0c-8a37-589ced7abbd6,TXN_11444,MBR_158,ACCT_4990,20240205,291.43,C,5200,Costco,Purchase at Costco,SEQ_001444,20240205,BATCH_45
1445,846f41bc-bad9-4d0c-8a37-589ced7abbd6,TXN_11445,MBR_199,ACCT_5171,20200823,157.23,C,5400,Chevron,Purchase at Chevron,SEQ_001445,20200823,BATCH_97
1446,846f41bc-bad9-4d0c-8a37-589ced7abbd6,TXN_11446,MBR_118,ACCT_1530,20201222,667.67,C,5400,Costco,Purchase at Costco,SEQ_001446,20201222,BATCH_18
1447,846f41bc-bad9-4d0c-8a37-589ced7abbd6,TXN_11447,MBR_130,ACCT_4038,20251205,348.19,D,5812,Costco,Purchase at Costco,SEQ_001447,20251205,BATCH_97
1448,846f41bc-bad9-4d0c-8a37-589ced7abbd6,TXN_11448,MBR_139,ACCT_2617,20210928,534.37,D,5812,Chevron,Purchase at Chevron,SEQ_001448,20210928,BATCH_47
1449,846f41bc-bad9-4d0c-8a37-589ced7abbd6,TXN_11449,MBR_124,ACCT_3926,20210913,593.4,C,5100,Starbucks,Purchase at Starbucks,SEQ_001449,20210913,BATCH_28
1450,846f41bc-bad9-4d0c-8a37-589ced7abbd6,TXN_11450,MBR_125,ACCT_8367,20211021,698.8,C,5200,Walmart,Purchase at Walmart,SEQ_001450,20211021,BATCH_57
1451,846f41bc-bad9-4d0c-8a37-589ced7abbd6,TXN_11451,MBR_191,ACCT_9199,20220106,702.28,D,5100,Amazon,Purchase at Amazon,SEQ_001451,20220106,BATCH_54
1452,846f41bc-bad9-4d0c-8a37-589ced7abbd6,TXN_11452,MBR_131,ACCT_8123,20220116,146.64,C,5912,Chevron,Purchase at Chevron,SEQ_001452,20220116,BATCH_50
1453,846f41bc-bad9-4d0c-8a37-589ced7abbd6,TXN_11453,MBR_195,ACCT_8484,20250922,365.94,C,5100,Walmart,Purchase at Walmart,SEQ_001453,20250922,BATCH_59
1454,846f41bc-bad9-4d0c-8a37-589ced7abbd6,TXN_11454,MBR_170,ACCT_6311,20220603,407.6,D,5100,Walmart,Purchase at Walmart,SEQ_001454,20220603,BATCH_37
1455,846f41bc-bad9-4d0c-8a37-589ced7abbd6,TXN_11455,MBR_148,ACCT_6278,20230707,205.63,C,5912,Walmart,Purchase at Walmart,SEQ_001455,20230707,BATCH_29
1456,846f41bc-bad9-4d0c-8a37-589ced7abbd6,TXN_11456,MBR_112,ACCT_2302,20210828,262.14,C,5300,Costco,Purchase at Costco,SEQ_001456,20210828,BATCH_59
1457,846f41bc-bad9-4d0c-8a37-589ced7abbd6,TXN_11457,MBR_176,ACCT_7840,20231013,501.57,C,5812,Walmart,Purchase at Walmart,SEQ_001457,20231013,BATCH_70
1458,846f41bc-bad9-4d0c-8a37-589ced7abbd6,TXN_11458,MBR_126,ACCT_2763,20260426,322.33,D,5300,Amazon,Purchase at Amazon,SEQ_001458,20260426,BATCH_78
1459,846f41bc-bad9-4d0c-8a37-589ced7abbd6,TXN_11459,MBR_124,ACCT_2717,20240506,617.04,C,5100,Walmart,Purchase at Walmart,SEQ_001459,20240506,BATCH_66
1460,846f41bc-bad9-4d0c-8a37-589ced7abbd6,TXN_11460,MBR_181,ACCT_9178,20230520,31.68,D,5912,Target,Purchase at Target,SEQ_001460,20230520,BATCH_40
1461,846f41bc-bad9-4d0c-8a37-589ced7abbd6,TXN_11461,MBR_174,ACCT_7066,20221028,293.14,D,5300,Target,Purchase at Target,SEQ_001461,20221028,BATCH_63
1462,846f41bc-bad9-4d0c-8a37-589ced7abbd6,TXN_11462,MBR_157,ACCT_4291,20260709,121.88,C,5912,Target,Purchase at Target,SEQ_001462,20260709,BATCH_57
1463,846f41bc-bad9-4d0c-8a37-589ced7abbd6,TXN_11463,MBR_104,ACCT_6987,20220211,129.44,D,5200,Starbucks,Purchase at Starbucks,SEQ_001463,20220211,BATCH_85
1464,846f41bc-bad9-4d0c-8a37-589ced7abbd6,TXN_11464,MBR_150,ACCT_5509,20201228,541.05,C,5912,Target,Purchase at Target,SEQ_001464,20201228,BATCH_42
1465,846f41bc-bad9-4d0c-8a37-589ced7abbd6,TXN_11465,MBR_186,ACCT_1807,20240614,311.37,D,5100,Target,Purchase at Target,SEQ_001465,20240614,BATCH_92
1466,846f41bc-bad9-4d0c-8a37-589ced7abbd6,TXN_11466,MBR_173,ACCT_4259,20201124,392.4,D,5812,Costco,Purchase at Costco,SEQ_001466,20201124,BATCH_48
1467,846f41bc-bad9-4d0c-8a37-589ced7abbd6,TXN_11467,MBR_151,ACCT_8140,20260730,708.71,C,5812,Costco,Purchase at Costco,SEQ_001467,20260730,BATCH_96
1468,846f41bc-bad9-4d0c-8a37-589ced7abbd6,TXN_11468,MBR_195,ACCT_1042,20240212,744.78,D,5200,Walmart,Purchase at Walmart,SEQ_001468,20240212,BATCH_30
1469,846f41bc-bad9-4d0c-8a37-589ced7abbd6,TXN_11469,MBR_131,ACCT_8058,20211108,269.91,D,5812,Starbucks,Purchase at Starbucks,SEQ_001469,20211108,BATCH_20
1470,846f41bc-bad9-4d0c-8a37-589ced7abbd6,TXN_11470,MBR_100,ACCT_1261,20220724,259.76,D,5400,Amazon,Purchase at Amazon,SEQ_001470,20220724,BATCH_16
1471,846f41bc-bad9-4d0c-8a37-589ced7abbd6,TXN_11471,MBR_152,ACCT_5151,20200223,694.04,D,5200,Walmart,Purchase at Walmart,SEQ_001471,20200223,BATCH_45
1472,846f41bc-bad9-4d0c-8a37-589ced7abbd6,TXN_11472,MBR_187,ACCT_2218,20201006,228.53,D,5812,Amazon,Purchase at Amazon,SEQ_001472,20201006,BATCH_37
1473,846f41bc-bad9-4d0c-8a37-589ced7abbd6,TXN_11473,MBR_163,ACCT_3055,20220826,728.79,D,5812,Chevron,Purchase at Chevron,SEQ_001473,20220826,BATCH_72
1474,846f41bc-bad9-4d0c-8a37-589ced7abbd6,TXN_11474,MBR_143,ACCT_6554,20250912,523.88,D,5400,Target,Purchase at Target,SEQ_001474,20250912,BATCH_72
1475,846f41bc-bad9-4d0c-8a37-589ced7abbd6,TXN_11475,MBR_115,ACCT_9754,20200510,216.85,C,5100,Starbucks,Purchase at Starbucks,SEQ_001475,20200510,BATCH_37
1476,846f41bc-bad9-4d0c-8a37-589ced7abbd6,TXN_11476,MBR_157,ACCT_5604,20250117,584.76,C,5400,Amazon,Purchase at Amazon,SEQ_001476,20250117,BATCH_80
1477,846f41bc-bad9-4d0c-8a37-589ced7abbd6,TXN_11477,MBR_101,ACCT_4887,20240512,570.46,C,5912,Walmart,Purchase at Walmart,SEQ_001477,20240512,BATCH_31
1478,846f41bc-bad9-4d0c-8a37-589ced7abbd6,TXN_11478,MBR_196,ACCT_2534,20220214,730.28,D,5400,Chevron,Purchase at Chevron,SEQ_001478,20220214,BATCH_64
1479,846f41bc-bad9-4d0c-8a37-589ced7abbd6,TXN_11479,MBR_181,ACCT_3975,20220609,641.75,D,5200,Starbucks,Purchase at Starbucks,SEQ_001479,20220609,BATCH_19
1480,846f41bc-bad9-4d0c-8a37-589ced7abbd6,TXN_11480,MBR_153,ACCT_1446,20201030,364.22,D,5200,Walmart,Purchase at Walmart,SEQ_001480,20201030,BATCH_93
1481,846f41bc-bad9-4d0c-8a37-589ced7abbd6,TXN_11481,MBR_133,ACCT_6282,20251117,200.1,C,5812,Amazon,Purchase at Amazon,SEQ_001481,20251117,BATCH_84
1482,846f41bc-bad9-4d0c-8a37-589ced7abbd6,TXN_11482,MBR_145,ACCT_3366,20220808,728.79,D,5400,Amazon,Purchase at Amazon,SEQ_001482,20220808,BATCH_55
1483,846f41bc-bad9-4d0c-8a37-589ced7abbd6,TXN_11483,MBR_176,ACCT_1500,20221022,488.92,C,5300,Costco,Purchase at Costco,SEQ_001483,20221022,BATCH_96
1484,846f41bc-bad9-4d0c-8a37-589ced7abbd6,TXN_11484,MBR_104,ACCT_4095,20200201,268.51,C,5812,Walmart,Purchase at Walmart,SEQ_001484,20200201,BATCH_91
1485,846f41bc-bad9-4d0c-8a37-589ced7abbd6,TXN_11485,MBR_141,ACCT_5478,20230314,625.0,D,5400,Amazon,Purchase at Amazon,SEQ_001485,20230314,BATCH_37
1486,846f41bc-bad9-4d0c-8a37-589ced7abbd6,TXN_11486,MBR_176,ACCT_2010,20211026,58.26,D,5300,Costco,Purchase at Costco,SEQ_001486,20211026,BATCH_92
1487,846f41bc-bad9-4d0c-8a37-589ced7abbd6,TXN_11487,MBR_176,ACCT_4864,20220927,601.56,D,5200,Chevron,Purchase at Chevron,SEQ_001487,20220927,BATCH_96
1488,846f41bc-bad9-4d0c-8a37-589ced7abbd6,TXN_11488,MBR_186,ACCT_2210,20221202,491.26,D,5400,Amazon,Purchase at Amazon,SEQ_001488,20221202,BATCH_75
1489,846f41bc-bad9-4d0c-8a37-589ced7abbd6,TXN_11489,MBR_187,ACCT_5065,20220130,356.37,D,5812,Amazon,Purchase at Amazon,SEQ_001489,20220130,BATCH_24
1490,846f41bc-bad9-4d0c-8a37-589ced7abbd6,TXN_11490,MBR_128,ACCT_9482,20250410,456.14,C,5100,Walmart,Purchase at Walmart,SEQ_001490,20250410,BATCH_30
1491,846f41bc-bad9-4d0c-8a37-589ced7abbd6,TXN_11491,MBR_155,ACCT_5396,20210409,626.81,C,5100,Starbucks,Purchase at Starbucks,SEQ_001491,20210409,BATCH_22
1492,846f41bc-bad9-4d0c-8a37-589ced7abbd6,TXN_11492,MBR_106,ACCT_5057,20250701,389.97,C,5200,Target,Purchase at Target,SEQ_001492,20250701,BATCH_76
1493,846f41bc-bad9-4d0c-8a37-589ced7abbd6,TXN_11493,MBR_137,ACCT_6677,20251022,396.49,C,5400,Costco,Purchase at Costco,SEQ_001493,20251022,BATCH_39
1494,846f41bc-bad9-4d0c-8a37-589ced7abbd6,TXN_11494,MBR_133,ACCT_5441,20260802,93.78,D,5300,Amazon,Purchase at Amazon,SEQ_001494,20260802,BATCH_37
1495,846f41bc-bad9-4d0c-8a37-589ced7abbd6,TXN_11495,MBR_196,ACCT_6512,20230908,367.97,C,5812,Amazon,Purchase at Amazon,SEQ_001495,20230908,BATCH_92
1496,846f41bc-bad9-4d0c-8a37-589ced7abbd6,TXN_11496,MBR_111,ACCT_2497,20230605,383.78,D,5400,Costco,Purchase at Costco,SEQ_001496,20230605,BATCH_55
1497,846f41bc-bad9-4d0c-8a37-589ced7abbd6,TXN_11497,MBR_140,ACCT_3925,20210629,744.41,D,5912,Starbucks,Purchase at Starbucks,SEQ_001497,20210629,BATCH_93
1498,846f41bc-bad9-4d0c-8a37-589ced7abbd6,TXN_11498,MBR_150,ACCT_2252,20261124,658.69,C,5912,Target,Purchase at Target,SEQ_001498,20261124,BATCH_15
1499,846f41bc-bad9-4d0c-8a37-589ced7abbd6,TXN_11499,MBR_157,ACCT_9306,20230403,190.56,D,5100,Amazon,Purchase at Amazon,SEQ_001499,20230403,BATCH_21
1500,846f41bc-bad9-4d0c-8a37-589ced7abbd6,TXN_11500,MBR_178,ACCT_2737,20220119,641.65,D,5400,Amazon,Purchase at Amazon,SEQ_001500,20220119,BATCH_98
1501,846f41bc-bad9-4d0c-8a37-589ced7abbd6,TXN_11501,MBR_146,ACCT_7098,20200920,319.45,C,5100,Chevron,Purchase at Chevron,SEQ_001501,20200920,BATCH_81
1502,846f41bc-bad9-4d0c-8a37-589ced7abbd6,TXN_11502,MBR_134,ACCT_7891,20250216,182.25,C,5300,Amazon,Purchase at Amazon,SEQ_001502,20250216,BATCH_11
1503,846f41bc-bad9-4d0c-8a37-589ced7abbd6,TXN_11503,MBR_168,ACCT_2470,20211207,579.28,D,5812,Amazon,Purchase at Amazon,SEQ_001503,20211207,BATCH_86
1504,846f41bc-bad9-4d0c-8a37-589ced7abbd6,TXN_11504,MBR_176,ACCT_3094,20200610,447.77,C,5300,Costco,Purchase at Costco,SEQ_001504,20200610,BATCH_18
1505,846f41bc-bad9-4d0c-8a37-589ced7abbd6,TXN_11505,MBR_181,ACCT_9930,20240922,613.26,D,5912,Amazon,Purchase at Amazon,SEQ_001505,20240922,BATCH_11
1506,846f41bc-bad9-4d0c-8a37-589ced7abbd6,TXN_11506,MBR_179,ACCT_1591,20220514,123.75,D,5912,Walmart,Purchase at Walmart,SEQ_001506,20220514,BATCH_50
1507,846f41bc-bad9-4d0c-8a37-589ced7abbd6,TXN_11507,MBR_183,ACCT_3627,20250310,357.16,C,5812,Target,Purchase at Target,SEQ_001507,20250310,BATCH_68
1508,846f41bc-bad9-4d0c-8a37-589ced7abbd6,TXN_11508,MBR_100,ACCT_1529,20210219,196.8,C,5400,Costco,Purchase at Costco,SEQ_001508,20210219,BATCH_39
1509,846f41bc-bad9-4d0c-8a37-589ced7abbd6,TXN_11509,MBR_125,ACCT_2625,20231018,20.76,C,5912,Starbucks,Purchase at Starbucks,SEQ_001509,20231018,BATCH_48
1510,846f41bc-bad9-4d0c-8a37-589ced7abbd6,TXN_11510,MBR_173,ACCT_1011,20260411,72.86,C,5100,Target,Purchase at Target,SEQ_001510,20260411,BATCH_66
1511,846f41bc-bad9-4d0c-8a37-589ced7abbd6,TXN_11511,MBR_169,ACCT_8385,20220204,250.1,D,5912,Chevron,Purchase at Chevron,SEQ_001511,20220204,BATCH_60
1512,846f41bc-bad9-4d0c-8a37-589ced7abbd6,TXN_11512,MBR_191,ACCT_5490,20210415,688.24,D,5100,Chevron,Purchase at Chevron,SEQ_001512,20210415,BATCH_92
1513,846f41bc-bad9-4d0c-8a37-589ced7abbd6,TXN_11513,MBR_131,ACCT_4283,20221203,664.95,C,5100,Amazon,Purchase at Amazon,SEQ_001513,20221203,BATCH_59
1514,846f41bc-bad9-4d0c-8a37-589ced7abbd6,TXN_11514,MBR_116,ACCT_7362,20201015,508.57,C,5100,Chevron,Purchase at Chevron,SEQ_001514,20201015,BATCH_11
1515,846f41bc-bad9-4d0c-8a37-589ced7abbd6,TXN_11515,MBR_114,ACCT_5676,20231102,65.01,D,5300,Target,Purchase at Target,SEQ_001515,20231102,BATCH_93
1516,846f41bc-bad9-4d0c-8a37-589ced7abbd6,TXN_11516,MBR_119,ACCT_7648,20221124,394.92,C,5400,Chevron,Purchase at Chevron,SEQ_001516,20221124,BATCH_76
1517,846f41bc-bad9-4d0c-8a37-589ced7abbd6,TXN_11517,MBR_153,ACCT_1765,20220325,23.38,D,5400,Costco,Purchase at Costco,SEQ_001517,20220325,BATCH_37
1518,846f41bc-bad9-4d0c-8a37-589ced7abbd6,TXN_11518,MBR_172,ACCT_5078,20220324,459.82,D,5200,Amazon,Purchase at Amazon,SEQ_001518,20220324,BATCH_92
1519,846f41bc-bad9-4d0c-8a37-589ced7abbd6,TXN_11519,MBR_119,ACCT_5405,20211028,315.19,D,5100,Starbucks,Purchase at Starbucks,SEQ_001519,20211028,BATCH_72
1520,846f41bc-bad9-4d0c-8a37-589ced7abbd6,TXN_11520,MBR_169,ACCT_6780,20210821,211.7,C,5912,Starbucks,Purchase at Starbucks,SEQ_001520,20210821,BATCH_91
1521,846f41bc-bad9-4d0c-8a37-589ced7abbd6,TXN_11521,MBR_179,ACCT_9060,20230520,605.68,D,5812,Amazon,Purchase at Amazon,SEQ_001521,20230520,BATCH_94
1522,846f41bc-bad9-4d0c-8a37-589ced7abbd6,TXN_11522,MBR_160,ACCT_6153,20241103,346.37,C,5812,Amazon,Purchase at Amazon,SEQ_001522,20241103,BATCH_89
1523,846f41bc-bad9-4d0c-8a37-589ced7abbd6,TXN_11523,MBR_179,ACCT_2854,20230712,315.46,C,5812,Costco,Purchase at Costco,SEQ_001523,20230712,BATCH_15
1524,846f41bc-bad9-4d0c-8a37-589ced7abbd6,TXN_11524,MBR_121,ACCT_9117,20200602,416.49,D,5400,Starbucks,Purchase at Starbucks,SEQ_001524,20200602,BATCH_34
1525,846f41bc-bad9-4d0c-8a37-589ced7abbd6,TXN_11525,MBR_108,ACCT_1961,20260309,266.78,C,5912,Walmart,Purchase at Walmart,SEQ_001525,20260309,BATCH_40
1526,846f41bc-bad9-4d0c-8a37-589ced7abbd6,TXN_11526,MBR_112,ACCT_1020,20260405,307.59,C,5812,Walmart,Purchase at Walmart,SEQ_001526,20260405,BATCH_47
1527,846f41bc-bad9-4d0c-8a37-589ced7abbd6,TXN_11527,MBR_108,ACCT_7726,20250107,491.44,C,5300,Chevron,Purchase at Chevron,SEQ_001527,20250107,BATCH_46
1528,846f41bc-bad9-4d0c-8a37-589ced7abbd6,TXN_11528,MBR_142,ACCT_4747,20200808,557.23,C,5400,Chevron,Purchase at Chevron,SEQ_001528,20200808,BATCH_28
1529,846f41bc-bad9-4d0c-8a37-589ced7abbd6,TXN_11529,MBR_166,ACCT_3080,20260921,63.77,C,5200,Target,Purchase at Target,SEQ_001529,20260921,BATCH_38
1530,846f41bc-bad9-4d0c-8a37-589ced7abbd6,TXN_11530,MBR_147,ACCT_9745,20250102,153.16,C,5400,Amazon,Purchase at Amazon,SEQ_001530,20250102,BATCH_60
1531,846f41bc-bad9-4d0c-8a37-589ced7abbd6,TXN_11531,MBR_142,ACCT_8508,20261218,233.22,D,5912,Amazon,Purchase at Amazon,SEQ_001531,20261218,BATCH_69
1532,846f41bc-bad9-4d0c-8a37-589ced7abbd6,TXN_11532,MBR_116,ACCT_3257,20261015,576.34,D,5912,Target,Purchase at Target,SEQ_001532,20261015,BATCH_75
1533,846f41bc-bad9-4d0c-8a37-589ced7abbd6,TXN_11533,MBR_127,ACCT_8428,20210626,329.54,C,5912,Amazon,Purchase at Amazon,SEQ_001533,20210626,BATCH_25
1534,846f41bc-bad9-4d0c-8a37-589ced7abbd6,TXN_11534,MBR_126,ACCT_1698,20220623,510.22,C,5100,Costco,Purchase at Costco,SEQ_001534,20220623,BATCH_92
1535,846f41bc-bad9-4d0c-8a37-589ced7abbd6,TXN_11535,MBR_185,ACCT_1004,20200727,704.58,D,5200,Costco,Purchase at Costco,SEQ_001535,20200727,BATCH_14
1536,846f41bc-bad9-4d0c-8a37-589ced7abbd6,TXN_11536,MBR_167,ACCT_6106,20210303,652.94,D,5300,Chevron,Purchase at Chevron,SEQ_001536,20210303,BATCH_82
1537,846f41bc-bad9-4d0c-8a37-589ced7abbd6,TXN_11537,MBR_172,ACCT_5642,20221225,393.55,D,5812,Chevron,Purchase at Chevron,SEQ_001537,20221225,BATCH_49
1538,846f41bc-bad9-4d0c-8a37-589ced7abbd6,TXN_11538,MBR_121,ACCT_4745,20260724,327.26,C,5200,Walmart,Purchase at Walmart,SEQ_001538,20260724,BATCH_53
1539,846f41bc-bad9-4d0c-8a37-589ced7abbd6,TXN_11539,MBR_149,ACCT_4232,20220218,384.17,D,5912,Costco,Purchase at Costco,SEQ_001539,20220218,BATCH_89
1540,846f41bc-bad9-4d0c-8a37-589ced7abbd6,TXN_11540,MBR_118,ACCT_5295,20230503,541.64,D,5400,Target,Purchase at Target,SEQ_001540,20230503,BATCH_88
1541,846f41bc-bad9-4d0c-8a37-589ced7abbd6,TXN_11541,MBR_140,ACCT_7881,20210130,421.21,C,5400,Walmart,Purchase at Walmart,SEQ_001541,20210130,BATCH_51
1542,846f41bc-bad9-4d0c-8a37-589ced7abbd6,TXN_11542,MBR_169,ACCT_6603,20241204,533.92,D,5100,Chevron,Purchase at Chevron,SEQ_001542,20241204,BATCH_26
1543,846f41bc-bad9-4d0c-8a37-589ced7abbd6,TXN_11543,MBR_105,ACCT_5565,20241219,150.89,C,5400,Amazon,Purchase at Amazon,SEQ_001543,20241219,BATCH_14
1544,846f41bc-bad9-4d0c-8a37-589ced7abbd6,TXN_11544,MBR_178,ACCT_4284,20220930,401.51,C,5912,Starbucks,Purchase at Starbucks,SEQ_001544,20220930,BATCH_49
1545,846f41bc-bad9-4d0c-8a37-589ced7abbd6,TXN_11545,MBR_126,ACCT_5860,20250404,74.54,D,5912,Amazon,Purchase at Amazon,SEQ_001545,20250404,BATCH_10
1546,846f41bc-bad9-4d0c-8a37-589ced7abbd6,TXN_11546,MBR_158,ACCT_8268,20240716,96.61,C,5300,Costco,Purchase at Costco,SEQ_001546,20240716,BATCH_26
1547,846f41bc-bad9-4d0c-8a37-589ced7abbd6,TXN_11547,MBR_162,ACCT_1743,20250812,239.1,D,5300,Walmart,Purchase at Walmart,SEQ_001547,20250812,BATCH_10
1548,846f41bc-bad9-4d0c-8a37-589ced7abbd6,TXN_11548,MBR_147,ACCT_5122,20210312,113.65,D,5400,Starbucks,Purchase at Starbucks,SEQ_001548,20210312,BATCH_32
1549,846f41bc-bad9-4d0c-8a37-589ced7abbd6,TXN_11549,MBR_136,ACCT_2832,20200905,725.87,C,5400,Walmart,Purchase at Walmart,SEQ_001549,20200905,BATCH_93
1550,846f41bc-bad9-4d0c-8a37-589ced7abbd6,TXN_11550,MBR_147,ACCT_6873,20201120,453.72,C,5100,Starbucks,Purchase at Starbucks,SEQ_001550,20201120,BATCH_98
1551,846f41bc-bad9-4d0c-8a37-589ced7abbd6,TXN_11551,MBR_187,ACCT_6949,20251225,195.19,C,5400,Costco,Purchase at Costco,SEQ_001551,20251225,BATCH_51
1552,846f41bc-bad9-4d0c-8a37-589ced7abbd6,TXN_11552,MBR_160,ACCT_2576,20231105,631.37,D,5812,Chevron,Purchase at Chevron,SEQ_001552,20231105,BATCH_19
1553,846f41bc-bad9-4d0c-8a37-589ced7abbd6,TXN_11553,MBR_139,ACCT_3025,20210818,250.2,D,5912,Starbucks,Purchase at Starbucks,SEQ_001553,20210818,BATCH_75
1554,846f41bc-bad9-4d0c-8a37-589ced7abbd6,TXN_11554,MBR_129,ACCT_7242,20261202,302.09,C,5300,Costco,Purchase at Costco,SEQ_001554,20261202,BATCH_81
1555,846f41bc-bad9-4d0c-8a37-589ced7abbd6,TXN_11555,MBR_194,ACCT_2197,20250112,263.33,C,5400,Chevron,Purchase at Chevron,SEQ_001555,20250112,BATCH_12
1556,846f41bc-bad9-4d0c-8a37-589ced7abbd6,TXN_11556,MBR_130,ACCT_3649,20230308,592.12,D,5100,Amazon,Purchase at Amazon,SEQ_001556,20230308,BATCH_66
1557,846f41bc-bad9-4d0c-8a37-589ced7abbd6,TXN_11557,MBR_104,ACCT_8489,20221010,592.78,C,5100,Walmart,Purchase at Walmart,SEQ_001557,20221010,BATCH_87
1558,846f41bc-bad9-4d0c-8a37-589ced7abbd6,TXN_11558,MBR_161,ACCT_4692,20261018,729.36,C,5200,Target,Purchase at Target,SEQ_001558,20261018,BATCH_36
1559,846f41bc-bad9-4d0c-8a37-589ced7abbd6,TXN_11559,MBR_161,ACCT_9340,20230223,673.86,C,5300,Costco,Purchase at Costco,SEQ_001559,20230223,BATCH_50
1560,846f41bc-bad9-4d0c-8a37-589ced7abbd6,TXN_11560,MBR_128,ACCT_7065,20200605,204.03,D,5812,Costco,Purchase at Costco,SEQ_001560,20200605,BATCH_31
1561,846f41bc-bad9-4d0c-8a37-589ced7abbd6,TXN_11561,MBR_125,ACCT_5316,20230527,406.36,C,5300,Walmart,Purchase at Walmart,SEQ_001561,20230527,BATCH_97
1562,846f41bc-bad9-4d0c-8a37-589ced7abbd6,TXN_11562,MBR_180,ACCT_1548,20241009,306.56,D,5100,Walmart,Purchase at Walmart,SEQ_001562,20241009,BATCH_55
1563,846f41bc-bad9-4d0c-8a37-589ced7abbd6,TXN_11563,MBR_141,ACCT_7401,20210407,264.81,D,5300,Amazon,Purchase at Amazon,SEQ_001563,20210407,BATCH_19
1564,846f41bc-bad9-4d0c-8a37-589ced7abbd6,TXN_11564,MBR_149,ACCT_1187,20210422,290.05,D,5400,Starbucks,Purchase at Starbucks,SEQ_001564,20210422,BATCH_56
1565,846f41bc-bad9-4d0c-8a37-589ced7abbd6,TXN_11565,MBR_156,ACCT_4659,20210124,86.02,D,5400,Chevron,Purchase at Chevron,SEQ_001565,20210124,BATCH_84
1566,846f41bc-bad9-4d0c-8a37-589ced7abbd6,TXN_11566,MBR_112,ACCT_2194,20241211,424.78,D,5200,Costco,Purchase at Costco,SEQ_001566,20241211,BATCH_59
1567,846f41bc-bad9-4d0c-8a37-589ced7abbd6,TXN_11567,MBR_155,ACCT_1471,20260813,670.43,D,5200,Starbucks,Purchase at Starbucks,SEQ_001567,20260813,BATCH_18
1568,846f41bc-bad9-4d0c-8a37-589ced7abbd6,TXN_11568,MBR_109,ACCT_1336,20250607,592.65,C,5300,Starbucks,Purchase at Starbucks,SEQ_001568,20250607,BATCH_12
1569,846f41bc-bad9-4d0c-8a37-589ced7abbd6,TXN_11569,MBR_163,ACCT_1614,20200502,278.18,D,5300,Chevron,Purchase at Chevron,SEQ_001569,20200502,BATCH_27
1570,846f41bc-bad9-4d0c-8a37-589ced7abbd6,TXN_11570,MBR_182,ACCT_5919,20241101,101.18,D,5400,Amazon,Purchase at Amazon,SEQ_001570,20241101,BATCH_34
1571,846f41bc-bad9-4d0c-8a37-589ced7abbd6,TXN_11571,MBR_193,ACCT_5832,20251123,452.14,C,5400,Costco,Purchase at Costco,SEQ_001571,20251123,BATCH_30
1572,846f41bc-bad9-4d0c-8a37-589ced7abbd6,TXN_11572,MBR_126,ACCT_1069,20240310,496.17,C,5300,Chevron,Purchase at Chevron,SEQ_001572,20240310,BATCH_18
1573,846f41bc-bad9-4d0c-8a37-589ced7abbd6,TXN_11573,MBR_159,ACCT_2602,20211209,337.42,D,5300,Amazon,Purchase at Amazon,SEQ_001573,20211209,BATCH_42
1574,846f41bc-bad9-4d0c-8a37-589ced7abbd6,TXN_11574,MBR_193,ACCT_2610,20250101,335.95,D,5200,Starbucks,Purchase at Starbucks,SEQ_001574,20250101,BATCH_61
1575,846f41bc-bad9-4d0c-8a37-589ced7abbd6,TXN_11575,MBR_194,ACCT_8318,20250915,321.09,C,5400,Amazon,Purchase at Amazon,SEQ_001575,20250915,BATCH_71
1576,846f41bc-bad9-4d0c-8a37-589ced7abbd6,TXN_11576,MBR_106,ACCT_7091,20200306,193.81,D,5200,Amazon,Purchase at Amazon,SEQ_001576,20200306,BATCH_30
1577,846f41bc-bad9-4d0c-8a37-589ced7abbd6,TXN_11577,MBR_198,ACCT_9851,20240530,730.91,D,5200,Starbucks,Purchase at Starbucks,SEQ_001577,20240530,BATCH_17
1578,846f41bc-bad9-4d0c-8a37-589ced7abbd6,TXN_11578,MBR_108,ACCT_4872,20231021,619.24,C,5300,Starbucks,Purchase at Starbucks,SEQ_001578,20231021,BATCH_93
1579,846f41bc-bad9-4d0c-8a37-589ced7abbd6,TXN_11579,MBR_136,ACCT_6952,20251023,14.05,D,5912,Amazon,Purchase at Amazon,SEQ_001579,20251023,BATCH_62
1580,846f41bc-bad9-4d0c-8a37-589ced7abbd6,TXN_11580,MBR_133,ACCT_2408,20251124,171.13,D,5100,Costco,Purchase at Costco,SEQ_001580,20251124,BATCH_22
1581,846f41bc-bad9-4d0c-8a37-589ced7abbd6,TXN_11581,MBR_109,ACCT_4125,20210501,384.19,D,5812,Starbucks,Purchase at Starbucks,SEQ_001581,20210501,BATCH_71
1582,846f41bc-bad9-4d0c-8a37-589ced7abbd6,TXN_11582,MBR_192,ACCT_1222,20230622,179.01,D,5400,Walmart,Purchase at Walmart,SEQ_001582,20230622,BATCH_94
1583,846f41bc-bad9-4d0c-8a37-589ced7abbd6,TXN_11583,MBR_150,ACCT_1599,20220812,267.43,D,5812,Walmart,Purchase at Walmart,SEQ_001583,20220812,BATCH_19
1584,846f41bc-bad9-4d0c-8a37-589ced7abbd6,TXN_11584,MBR_163,ACCT_4074,20240314,69.18,C,5100,Costco,Purchase at Costco,SEQ_001584,20240314,BATCH_80
1585,846f41bc-bad9-4d0c-8a37-589ced7abbd6,TXN_11585,MBR_126,ACCT_5021,20210408,707.63,D,5200,Amazon,Purchase at Amazon,SEQ_001585,20210408,BATCH_55
1586,846f41bc-bad9-4d0c-8a37-589ced7abbd6,TXN_11586,MBR_126,ACCT_3593,20200316,361.66,C,5300,Starbucks,Purchase at Starbucks,SEQ_001586,20200316,BATCH_26
1587,846f41bc-bad9-4d0c-8a37-589ced7abbd6,TXN_11587,MBR_144,ACCT_3492,20240703,152.61,C,5812,Walmart,Purchase at Walmart,SEQ_001587,20240703,BATCH_12
1588,846f41bc-bad9-4d0c-8a37-589ced7abbd6,TXN_11588,MBR_101,ACCT_6628,20240929,682.05,D,5300,Chevron,Purchase at Chevron,SEQ_001588,20240929,BATCH_81
1589,846f41bc-bad9-4d0c-8a37-589ced7abbd6,TXN_11589,MBR_175,ACCT_1145,20200121,317.74,D,5812,Amazon,Purchase at Amazon,SEQ_001589,20200121,BATCH_67
1590,846f41bc-bad9-4d0c-8a37-589ced7abbd6,TXN_11590,MBR_151,ACCT_6994,20210528,129.01,C,5200,Target,Purchase at Target,SEQ_001590,20210528,BATCH_88
1591,846f41bc-bad9-4d0c-8a37-589ced7abbd6,TXN_11591,MBR_163,ACCT_2787,20260205,725.26,C,5200,Costco,Purchase at Costco,SEQ_001591,20260205,BATCH_81
1592,846f41bc-bad9-4d0c-8a37-589ced7abbd6,TXN_11592,MBR_150,ACCT_7812,20200714,267.79,C,5400,Costco,Purchase at Costco,SEQ_001592,20200714,BATCH_57
1593,846f41bc-bad9-4d0c-8a37-589ced7abbd6,TXN_11593,MBR_169,ACCT_3278,20240527,141.57,C,5400,Amazon,Purchase at Amazon,SEQ_001593,20240527,BATCH_79
1594,846f41bc-bad9-4d0c-8a37-589ced7abbd6,TXN_11594,MBR_158,ACCT_9786,20240609,88.89,C,5812,Costco,Purchase at Costco,SEQ_001594,20240609,BATCH_37
1595,846f41bc-bad9-4d0c-8a37-589ced7abbd6,TXN_11595,MBR_178,ACCT_2576,20260520,507.65,D,5912,Starbucks,Purchase at Starbucks,SEQ_001595,20260520,BATCH_23
1596,846f41bc-bad9-4d0c-8a37-589ced7abbd6,TXN_11596,MBR_111,ACCT_7292,20260707,614.21,D,5100,Costco,Purchase at Costco,SEQ_001596,20260707,BATCH_10
1597,846f41bc-bad9-4d0c-8a37-589ced7abbd6,TXN_11597,MBR_134,ACCT_3445,20250219,535.41,C,5100,Walmart,Purchase at Walmart,SEQ_001597,20250219,BATCH_21
1598,846f41bc-bad9-4d0c-8a37-589ced7abbd6,TXN_11598,MBR_113,ACCT_7986,20231206,83.03,C,5400,Starbucks,Purchase at Starbucks,SEQ_001598,20231206,BATCH_87
1599,846f41bc-bad9-4d0c-8a37-589ced7abbd6,TXN_11599,MBR_187,ACCT_7825,20220826,664.91,D,5100,Amazon,Purchase at Amazon,SEQ_001599,20220826,BATCH_33
1600,846f41bc-bad9-4d0c-8a37-589ced7abbd6,TXN_11600,MBR_188,ACCT_7872,20241020,199.36,C,5400,Walmart,Purchase at Walmart,SEQ_001600,20241020,BATCH_75
1601,846f41bc-bad9-4d0c-8a37-589ced7abbd6,TXN_11601,MBR_179,ACCT_3429,20241120,394.08,C,5812,Walmart,Purchase at Walmart,SEQ_001601,20241120,BATCH_49
1602,846f41bc-bad9-4d0c-8a37-589ced7abbd6,TXN_11602,MBR_127,ACCT_7852,20261207,682.45,C,5100,Target,Purchase at Target,SEQ_001602,20261207,BATCH_10
1603,846f41bc-bad9-4d0c-8a37-589ced7abbd6,TXN_11603,MBR_183,ACCT_6912,20220321,223.1,C,5200,Costco,Purchase at Costco,SEQ_001603,20220321,BATCH_55
1604,846f41bc-bad9-4d0c-8a37-589ced7abbd6,TXN_11604,MBR_106,ACCT_9907,20200509,734.18,C,5812,Amazon,Purchase at Amazon,SEQ_001604,20200509,BATCH_45
1605,846f41bc-bad9-4d0c-8a37-589ced7abbd6,TXN_11605,MBR_138,ACCT_9492,20240916,183.12,C,5100,Amazon,Purchase at Amazon,SEQ_001605,20240916,BATCH_83
1606,846f41bc-bad9-4d0c-8a37-589ced7abbd6,TXN_11606,MBR_101,ACCT_4554,20230311,636.53,C,5100,Target,Purchase at Target,SEQ_001606,20230311,BATCH_18
1607,846f41bc-bad9-4d0c-8a37-589ced7abbd6,TXN_11607,MBR_104,ACCT_9758,20260903,674.77,C,5812,Costco,Purchase at Costco,SEQ_001607,20260903,BATCH_86
1608,846f41bc-bad9-4d0c-8a37-589ced7abbd6,TXN_11608,MBR_114,ACCT_5047,20250106,571.19,D,5400,Costco,Purchase at Costco,SEQ_001608,20250106,BATCH_61
1609,846f41bc-bad9-4d0c-8a37-589ced7abbd6,TXN_11609,MBR_132,ACCT_6497,20250322,71.71,C,5100,Amazon,Purchase at Amazon,SEQ_001609,20250322,BATCH_70
1610,846f41bc-bad9-4d0c-8a37-589ced7abbd6,TXN_11610,MBR_163,ACCT_9888,20220911,91.43,D,5400,Chevron,Purchase at Chevron,SEQ_001610,20220911,BATCH_60
1611,846f41bc-bad9-4d0c-8a37-589ced7abbd6,TXN_11611,MBR_112,ACCT_3351,20231016,266.21,D,5100,Target,Purchase at Target,SEQ_001611,20231016,BATCH_56
1612,846f41bc-bad9-4d0c-8a37-589ced7abbd6,TXN_11612,MBR_194,ACCT_5235,20240704,275.1,C,5100,Costco,Purchase at Costco,SEQ_001612,20240704,BATCH_81
1613,846f41bc-bad9-4d0c-8a37-589ced7abbd6,TXN_11613,MBR_155,ACCT_5893,20200712,287.54,C,5812,Costco,Purchase at Costco,SEQ_001613,20200712,BATCH_17
1614,846f41bc-bad9-4d0c-8a37-589ced7abbd6,TXN_11614,MBR_147,ACCT_3428,20231219,65.47,D,5912,Chevron,Purchase at Chevron,SEQ_001614,20231219,BATCH_20
1615,846f41bc-bad9-4d0c-8a37-589ced7abbd6,TXN_11615,MBR_129,ACCT_3761,20230214,8.08,D,5200,Target,Purchase at Target,SEQ_001615,20230214,BATCH_79
1616,846f41bc-bad9-4d0c-8a37-589ced7abbd6,TXN_11616,MBR_114,ACCT_7246,20210305,300.85,D,5812,Amazon,Purchase at Amazon,SEQ_001616,20210305,BATCH_93
1617,846f41bc-bad9-4d0c-8a37-589ced7abbd6,TXN_11617,MBR_137,ACCT_1349,20220801,311.14,D,5812,Amazon,Purchase at Amazon,SEQ_001617,20220801,BATCH_91
1618,846f41bc-bad9-4d0c-8a37-589ced7abbd6,TXN_11618,MBR_103,ACCT_6247,20201003,73.22,C,5812,Walmart,Purchase at Walmart,SEQ_001618,20201003,BATCH_33
1619,846f41bc-bad9-4d0c-8a37-589ced7abbd6,TXN_11619,MBR_162,ACCT_5456,20241206,106.02,C,5300,Amazon,Purchase at Amazon,SEQ_001619,20241206,BATCH_32
1620,846f41bc-bad9-4d0c-8a37-589ced7abbd6,TXN_11620,MBR_140,ACCT_7886,20200327,477.94,D,5812,Walmart,Purchase at Walmart,SEQ_001620,20200327,BATCH_56
1621,846f41bc-bad9-4d0c-8a37-589ced7abbd6,TXN_11621,MBR_103,ACCT_6057,20200616,300.68,C,5812,Amazon,Purchase at Amazon,SEQ_001621,20200616,BATCH_41
1622,846f41bc-bad9-4d0c-8a37-589ced7abbd6,TXN_11622,MBR_146,ACCT_9218,20200509,635.38,D,5400,Target,Purchase at Target,SEQ_001622,20200509,BATCH_52
1623,846f41bc-bad9-4d0c-8a37-589ced7abbd6,TXN_11623,MBR_163,ACCT_6553,20240110,100.53,D,5100,Walmart,Purchase at Walmart,SEQ_001623,20240110,BATCH_65
1624,846f41bc-bad9-4d0c-8a37-589ced7abbd6,TXN_11624,MBR_171,ACCT_1968,20220820,306.74,C,5912,Chevron,Purchase at Chevron,SEQ_001624,20220820,BATCH_38
1625,846f41bc-bad9-4d0c-8a37-589ced7abbd6,TXN_11625,MBR_116,ACCT_9170,20220117,714.83,D,5300,Costco,Purchase at Costco,SEQ_001625,20220117,BATCH_30
1626,846f41bc-bad9-4d0c-8a37-589ced7abbd6,TXN_11626,MBR_164,ACCT_1224,20260221,736.69,D,5100,Chevron,Purchase at Chevron,SEQ_001626,20260221,BATCH_35
1627,846f41bc-bad9-4d0c-8a37-589ced7abbd6,TXN_11627,MBR_185,ACCT_6003,20251205,659.96,D,5400,Walmart,Purchase at Walmart,SEQ_001627,20251205,BATCH_87
1628,846f41bc-bad9-4d0c-8a37-589ced7abbd6,TXN_11628,MBR_194,ACCT_7203,20240201,113.01,D,5812,Amazon,Purchase at Amazon,SEQ_001628,20240201,BATCH_79
1629,846f41bc-bad9-4d0c-8a37-589ced7abbd6,TXN_11629,MBR_102,ACCT_3164,20210427,115.97,D,5100,Amazon,Purchase at Amazon,SEQ_001629,20210427,BATCH_44
1630,846f41bc-bad9-4d0c-8a37-589ced7abbd6,TXN_11630,MBR_158,ACCT_5527,20240901,401.78,C,5200,Target,Purchase at Target,SEQ_001630,20240901,BATCH_40
1631,846f41bc-bad9-4d0c-8a37-589ced7abbd6,TXN_11631,MBR_117,ACCT_5177,20240118,52.5,D,5200,Target,Purchase at Target,SEQ_001631,20240118,BATCH_75
1632,846f41bc-bad9-4d0c-8a37-589ced7abbd6,TXN_11632,MBR_143,ACCT_8989,20241218,388.23,D,5100,Amazon,Purchase at Amazon,SEQ_001632,20241218,BATCH_78
1633,846f41bc-bad9-4d0c-8a37-589ced7abbd6,TXN_11633,MBR_101,ACCT_7918,20230512,551.51,C,5300,Starbucks,Purchase at Starbucks,SEQ_001633,20230512,BATCH_73
1634,846f41bc-bad9-4d0c-8a37-589ced7abbd6,TXN_11634,MBR_139,ACCT_6953,20200406,179.86,C,5100,Costco,Purchase at Costco,SEQ_001634,20200406,BATCH_43
1635,846f41bc-bad9-4d0c-8a37-589ced7abbd6,TXN_11635,MBR_110,ACCT_1162,20200926,254.22,D,5400,Amazon,Purchase at Amazon,SEQ_001635,20200926,BATCH_73
1636,846f41bc-bad9-4d0c-8a37-589ced7abbd6,TXN_11636,MBR_164,ACCT_4027,20220211,77.92,C,5300,Walmart,Purchase at Walmart,SEQ_001636,20220211,BATCH_54
1637,846f41bc-bad9-4d0c-8a37-589ced7abbd6,TXN_11637,MBR_154,ACCT_2493,20230709,38.82,D,5912,Costco,Purchase at Costco,SEQ_001637,20230709,BATCH_21
1638,846f41bc-bad9-4d0c-8a37-589ced7abbd6,TXN_11638,MBR_180,ACCT_6423,20250101,675.81,D,5400,Amazon,Purchase at Amazon,SEQ_001638,20250101,BATCH_96
1639,846f41bc-bad9-4d0c-8a37-589ced7abbd6,TXN_11639,MBR_186,ACCT_5059,20230901,485.05,C,5300,Walmart,Purchase at Walmart,SEQ_001639,20230901,BATCH_31
1640,846f41bc-bad9-4d0c-8a37-589ced7abbd6,TXN_11640,MBR_116,ACCT_7085,20230517,96.56,D,5200,Target,Purchase at Target,SEQ_001640,20230517,BATCH_78
1641,846f41bc-bad9-4d0c-8a37-589ced7abbd6,TXN_11641,MBR_189,ACCT_8958,20211111,570.04,D,5912,Target,Purchase at Target,SEQ_001641,20211111,BATCH_33
1642,846f41bc-bad9-4d0c-8a37-589ced7abbd6,TXN_11642,MBR_141,ACCT_4363,20250329,747.81,C,5400,Starbucks,Purchase at Starbucks,SEQ_001642,20250329,BATCH_90
1643,846f41bc-bad9-4d0c-8a37-589ced7abbd6,TXN_11643,MBR_125,ACCT_6984,20211003,255.97,D,5812,Amazon,Purchase at Amazon,SEQ_001643,20211003,BATCH_14
1644,846f41bc-bad9-4d0c-8a37-589ced7abbd6,TXN_11644,MBR_174,ACCT_4342,20201016,709.86,D,5300,Chevron,Purchase at Chevron,SEQ_001644,20201016,BATCH_56
1645,846f41bc-bad9-4d0c-8a37-589ced7abbd6,TXN_11645,MBR_198,ACCT_8083,20260821,629.34,C,5400,Target,Purchase at Target,SEQ_001645,20260821,BATCH_68
1646,846f41bc-bad9-4d0c-8a37-589ced7abbd6,TXN_11646,MBR_195,ACCT_1584,20201127,349.43,C,5300,Chevron,Purchase at Chevron,SEQ_001646,20201127,BATCH_54
1647,846f41bc-bad9-4d0c-8a37-589ced7abbd6,TXN_11647,MBR_133,ACCT_1799,20250119,153.47,D,5300,Costco,Purchase at Costco,SEQ_001647,20250119,BATCH_47
1648,846f41bc-bad9-4d0c-8a37-589ced7abbd6,TXN_11648,MBR_193,ACCT_2663,20200716,99.18,D,5100,Chevron,Purchase at Chevron,SEQ_001648,20200716,BATCH_12
1649,846f41bc-bad9-4d0c-8a37-589ced7abbd6,TXN_11649,MBR_169,ACCT_8837,20210215,453.93,C,5300,Amazon,Purchase at Amazon,SEQ_001649,20210215,BATCH_87
1650,846f41bc-bad9-4d0c-8a37-589ced7abbd6,TXN_11650,MBR_158,ACCT_5735,20231117,704.57,D,5912,Chevron,Purchase at Chevron,SEQ_001650,20231117,BATCH_49
1651,846f41bc-bad9-4d0c-8a37-589ced7abbd6,TXN_11651,MBR_191,ACCT_5688,20250831,98.36,D,5300,Amazon,Purchase at Amazon,SEQ_001651,20250831,BATCH_35
1652,846f41bc-bad9-4d0c-8a37-589ced7abbd6,TXN_11652,MBR_147,ACCT_3128,20231109,356.26,D,5912,Starbucks,Purchase at Starbucks,SEQ_001652,20231109,BATCH_87
1653,846f41bc-bad9-4d0c-8a37-589ced7abbd6,TXN_11653,MBR_111,ACCT_1808,20220206,124.19,D,5300,Starbucks,Purchase at Starbucks,SEQ_001653,20220206,BATCH_32
1654,846f41bc-bad9-4d0c-8a37-589ced7abbd6,TXN_11654,MBR_198,ACCT_3509,20241015,570.62,C,5400,Amazon,Purchase at Amazon,SEQ_001654,20241015,BATCH_20
1655,846f41bc-bad9-4d0c-8a37-589ced7abbd6,TXN_11655,MBR_199,ACCT_2775,20220603,283.03,C,5300,Costco,Purchase at Costco,SEQ_001655,20220603,BATCH_55
1656,846f41bc-bad9-4d0c-8a37-589ced7abbd6,TXN_11656,MBR_154,ACCT_1923,20200613,687.58,C,5400,Chevron,Purchase at Chevron,SEQ_001656,20200613,BATCH_97
1657,846f41bc-bad9-4d0c-8a37-589ced7abbd6,TXN_11657,MBR_106,ACCT_6384,20220214,716.03,D,5400,Starbucks,Purchase at Starbucks,SEQ_001657,20220214,BATCH_81
1658,846f41bc-bad9-4d0c-8a37-589ced7abbd6,TXN_11658,MBR_134,ACCT_7002,20231017,583.73,C,5100,Target,Purchase at Target,SEQ_001658,20231017,BATCH_20
1659,846f41bc-bad9-4d0c-8a37-589ced7abbd6,TXN_11659,MBR_125,ACCT_9992,20200910,549.58,C,5100,Amazon,Purchase at Amazon,SEQ_001659,20200910,BATCH_16
1660,846f41bc-bad9-4d0c-8a37-589ced7abbd6,TXN_11660,MBR_136,ACCT_5979,20240329,145.3,C,5300,Target,Purchase at Target,SEQ_001660,20240329,BATCH_67
1661,846f41bc-bad9-4d0c-8a37-589ced7abbd6,TXN_11661,MBR_147,ACCT_1092,20221206,408.82,D,5912,Starbucks,Purchase at Starbucks,SEQ_001661,20221206,BATCH_90
1662,846f41bc-bad9-4d0c-8a37-589ced7abbd6,TXN_11662,MBR_104,ACCT_2704,20260925,198.63,D,5912,Chevron,Purchase at Chevron,SEQ_001662,20260925,BATCH_54
1663,846f41bc-bad9-4d0c-8a37-589ced7abbd6,TXN_11663,MBR_131,ACCT_4204,20220704,185.46,D,5300,Costco,Purchase at Costco,SEQ_001663,20220704,BATCH_88
1664,846f41bc-bad9-4d0c-8a37-589ced7abbd6,TXN_11664,MBR_121,ACCT_7863,20200620,193.02,C,5812,Amazon,Purchase at Amazon,SEQ_001664,20200620,BATCH_55
1665,846f41bc-bad9-4d0c-8a37-589ced7abbd6,TXN_11665,MBR_157,ACCT_3089,20200615,518.1,D,5200,Starbucks,Purchase at Starbucks,SEQ_001665,20200615,BATCH_60
1666,846f41bc-bad9-4d0c-8a37-589ced7abbd6,TXN_11666,MBR_180,ACCT_9091,20261003,164.1,D,5100,Costco,Purchase at Costco,SEQ_001666,20261003,BATCH_90
1667,846f41bc-bad9-4d0c-8a37-589ced7abbd6,TXN_11667,MBR_116,ACCT_7159,20250425,328.84,C,5300,Starbucks,Purchase at Starbucks,SEQ_001667,20250425,BATCH_31
1668,846f41bc-bad9-4d0c-8a37-589ced7abbd6,TXN_11668,MBR_168,ACCT_6353,20210821,633.9,C,5200,Starbucks,Purchase at Starbucks,SEQ_001668,20210821,BATCH_36
1669,846f41bc-bad9-4d0c-8a37-589ced7abbd6,TXN_11669,MBR_157,ACCT_7049,20220609,525.86,D,5200,Walmart,Purchase at Walmart,SEQ_001669,20220609,BATCH_83
1670,846f41bc-bad9-4d0c-8a37-589ced7abbd6,TXN_11670,MBR_186,ACCT_8092,20201026,191.15,D,5400,Amazon,Purchase at Amazon,SEQ_001670,20201026,BATCH_95
1671,846f41bc-bad9-4d0c-8a37-589ced7abbd6,TXN_11671,MBR_138,ACCT_6558,20260506,503.89,D,5812,Costco,Purchase at Costco,SEQ_001671,20260506,BATCH_81
1672,846f41bc-bad9-4d0c-8a37-589ced7abbd6,TXN_11672,MBR_107,ACCT_4250,20250210,720.08,D,5100,Walmart,Purchase at Walmart,SEQ_001672,20250210,BATCH_84
1673,846f41bc-bad9-4d0c-8a37-589ced7abbd6,TXN_11673,MBR_192,ACCT_8110,20250926,179.9,D,5400,Starbucks,Purchase at Starbucks,SEQ_001673,20250926,BATCH_20
1674,846f41bc-bad9-4d0c-8a37-589ced7abbd6,TXN_11674,MBR_198,ACCT_8361,20240930,199.75,D,5200,Chevron,Purchase at Chevron,SEQ_001674,20240930,BATCH_84
1675,846f41bc-bad9-4d0c-8a37-589ced7abbd6,TXN_11675,MBR_187,ACCT_9791,20240826,557.03,D,5100,Walmart,Purchase at Walmart,SEQ_001675,20240826,BATCH_81
1676,846f41bc-bad9-4d0c-8a37-589ced7abbd6,TXN_11676,MBR_179,ACCT_6464,20220207,277.16,D,5400,Walmart,Purchase at Walmart,SEQ_001676,20220207,BATCH_34
1677,846f41bc-bad9-4d0c-8a37-589ced7abbd6,TXN_11677,MBR_194,ACCT_4098,20240425,446.43,D,5200,Walmart,Purchase at Walmart,SEQ_001677,20240425,BATCH_42
1678,846f41bc-bad9-4d0c-8a37-589ced7abbd6,TXN_11678,MBR_107,ACCT_3491,20210226,126.98,C,5400,Walmart,Purchase at Walmart,SEQ_001678,20210226,BATCH_35
1679,846f41bc-bad9-4d0c-8a37-589ced7abbd6,TXN_11679,MBR_146,ACCT_3480,20250806,657.62,C,5812,Chevron,Purchase at Chevron,SEQ_001679,20250806,BATCH_31
1680,846f41bc-bad9-4d0c-8a37-589ced7abbd6,TXN_11680,MBR_196,ACCT_7311,20250415,651.75,C,5200,Costco,Purchase at Costco,SEQ_001680,20250415,BATCH_89
1681,846f41bc-bad9-4d0c-8a37-589ced7abbd6,TXN_11681,MBR_164,ACCT_2108,20240612,149.29,D,5200,Walmart,Purchase at Walmart,SEQ_001681,20240612,BATCH_80
1682,846f41bc-bad9-4d0c-8a37-589ced7abbd6,TXN_11682,MBR_164,ACCT_8462,20210717,173.59,C,5400,Target,Purchase at Target,SEQ_001682,20210717,BATCH_37
1683,846f41bc-bad9-4d0c-8a37-589ced7abbd6,TXN_11683,MBR_117,ACCT_9369,20220921,109.26,C,5300,Starbucks,Purchase at Starbucks,SEQ_001683,20220921,BATCH_33
1684,846f41bc-bad9-4d0c-8a37-589ced7abbd6,TXN_11684,MBR_146,ACCT_8456,20220729,49.64,C,5100,Costco,Purchase at Costco,SEQ_001684,20220729,BATCH_22
1685,846f41bc-bad9-4d0c-8a37-589ced7abbd6,TXN_11685,MBR_142,ACCT_1752,20210506,155.23,C,5400,Walmart,Purchase at Walmart,SEQ_001685,20210506,BATCH_44
1686,846f41bc-bad9-4d0c-8a37-589ced7abbd6,TXN_11686,MBR_136,ACCT_6634,20220828,376.94,D,5400,Amazon,Purchase at Amazon,SEQ_001686,20220828,BATCH_99
1687,846f41bc-bad9-4d0c-8a37-589ced7abbd6,TXN_11687,MBR_140,ACCT_5605,20210421,232.57,D,5912,Amazon,Purchase at Amazon,SEQ_001687,20210421,BATCH_19
1688,846f41bc-bad9-4d0c-8a37-589ced7abbd6,TXN_11688,MBR_119,ACCT_2158,20250411,62.89,D,5400,Amazon,Purchase at Amazon,SEQ_001688,20250411,BATCH_10
1689,846f41bc-bad9-4d0c-8a37-589ced7abbd6,TXN_11689,MBR_106,ACCT_7221,20201225,269.0,D,5100,Starbucks,Purchase at Starbucks,SEQ_001689,20201225,BATCH_46
1690,846f41bc-bad9-4d0c-8a37-589ced7abbd6,TXN_11690,MBR_164,ACCT_9007,20211128,83.56,C,5812,Target,Purchase at Target,SEQ_001690,20211128,BATCH_59
1691,846f41bc-bad9-4d0c-8a37-589ced7abbd6,TXN_11691,MBR_177,ACCT_5928,20260810,336.02,C,5100,Target,Purchase at Target,SEQ_001691,20260810,BATCH_81
1692,846f41bc-bad9-4d0c-8a37-589ced7abbd6,TXN_11692,MBR_126,ACCT_9466,20261028,251.17,C,5300,Chevron,Purchase at Chevron,SEQ_001692,20261028,BATCH_24
1693,846f41bc-bad9-4d0c-8a37-589ced7abbd6,TXN_11693,MBR_168,ACCT_5234,20251112,674.52,D,5912,Chevron,Purchase at Chevron,SEQ_001693,20251112,BATCH_91
1694,846f41bc-bad9-4d0c-8a37-589ced7abbd6,TXN_11694,MBR_187,ACCT_7470,20261106,459.37,D,5812,Walmart,Purchase at Walmart,SEQ_001694,20261106,BATCH_82
1695,846f41bc-bad9-4d0c-8a37-589ced7abbd6,TXN_11695,MBR_114,ACCT_8191,20200707,118.82,D,5400,Walmart,Purchase at Walmart,SEQ_001695,20200707,BATCH_60
1696,846f41bc-bad9-4d0c-8a37-589ced7abbd6,TXN_11696,MBR_140,ACCT_8780,20260416,71.68,C,5200,Target,Purchase at Target,SEQ_001696,20260416,BATCH_93
1697,846f41bc-bad9-4d0c-8a37-589ced7abbd6,TXN_11697,MBR_166,ACCT_8927,20250324,89.54,D,5300,Chevron,Purchase at Chevron,SEQ_001697,20250324,BATCH_75
1698,846f41bc-bad9-4d0c-8a37-589ced7abbd6,TXN_11698,MBR_127,ACCT_1392,20241016,747.97,C,5912,Amazon,Purchase at Amazon,SEQ_001698,20241016,BATCH_51
1699,846f41bc-bad9-4d0c-8a37-589ced7abbd6,TXN_11699,MBR_171,ACCT_7370,20221001,176.76,D,5812,Amazon,Purchase at Amazon,SEQ_001699,20221001,BATCH_16
1700,846f41bc-bad9-4d0c-8a37-589ced7abbd6,TXN_11700,MBR_170,ACCT_4005,20221220,264.31,D,5400,Walmart,Purchase at Walmart,SEQ_001700,20221220,BATCH_20
1701,846f41bc-bad9-4d0c-8a37-589ced7abbd6,TXN_11701,MBR_124,ACCT_4717,20210114,253.18,D,5300,Starbucks,Purchase at Starbucks,SEQ_001701,20210114,BATCH_86
1702,846f41bc-bad9-4d0c-8a37-589ced7abbd6,TXN_11702,MBR_103,ACCT_9724,20231210,21.79,C,5300,Amazon,Purchase at Amazon,SEQ_001702,20231210,BATCH_39
1703,846f41bc-bad9-4d0c-8a37-589ced7abbd6,TXN_11703,MBR_118,ACCT_3241,20220520,659.32,C,5912,Costco,Purchase at Costco,SEQ_001703,20220520,BATCH_32
1704,846f41bc-bad9-4d0c-8a37-589ced7abbd6,TXN_11704,MBR_147,ACCT_7158,20211223,546.75,C,5812,Walmart,Purchase at Walmart,SEQ_001704,20211223,BATCH_10
1705,846f41bc-bad9-4d0c-8a37-589ced7abbd6,TXN_11705,MBR_168,ACCT_8179,20220608,263.78,D,5100,Walmart,Purchase at Walmart,SEQ_001705,20220608,BATCH_49
1706,846f41bc-bad9-4d0c-8a37-589ced7abbd6,TXN_11706,MBR_156,ACCT_2740,20220821,392.37,C,5912,Target,Purchase at Target,SEQ_001706,20220821,BATCH_66
1707,846f41bc-bad9-4d0c-8a37-589ced7abbd6,TXN_11707,MBR_192,ACCT_9967,20230603,107.87,D,5100,Walmart,Purchase at Walmart,SEQ_001707,20230603,BATCH_21
1708,846f41bc-bad9-4d0c-8a37-589ced7abbd6,TXN_11708,MBR_174,ACCT_8281,20230121,657.83,D,5400,Walmart,Purchase at Walmart,SEQ_001708,20230121,BATCH_37
1709,846f41bc-bad9-4d0c-8a37-589ced7abbd6,TXN_11709,MBR_164,ACCT_4794,20210203,82.83,C,5400,Walmart,Purchase at Walmart,SEQ_001709,20210203,BATCH_18
1710,846f41bc-bad9-4d0c-8a37-589ced7abbd6,TXN_11710,MBR_173,ACCT_4315,20261210,612.07,C,5100,Walmart,Purchase at Walmart,SEQ_001710,20261210,BATCH_97
1711,846f41bc-bad9-4d0c-8a37-589ced7abbd6,TXN_11711,MBR_193,ACCT_7227,20201211,133.35,D,5912,Starbucks,Purchase at Starbucks,SEQ_001711,20201211,BATCH_74
1712,846f41bc-bad9-4d0c-8a37-589ced7abbd6,TXN_11712,MBR_166,ACCT_6481,20210508,656.72,C,5200,Walmart,Purchase at Walmart,SEQ_001712,20210508,BATCH_95
1713,846f41bc-bad9-4d0c-8a37-589ced7abbd6,TXN_11713,MBR_170,ACCT_9107,20231103,137.49,D,5812,Chevron,Purchase at Chevron,SEQ_001713,20231103,BATCH_40
1714,846f41bc-bad9-4d0c-8a37-589ced7abbd6,TXN_11714,MBR_123,ACCT_7619,20240329,685.57,C,5300,Starbucks,Purchase at Starbucks,SEQ_001714,20240329,BATCH_70
1715,846f41bc-bad9-4d0c-8a37-589ced7abbd6,TXN_11715,MBR_169,ACCT_7214,20251202,368.97,D,5400,Walmart,Purchase at Walmart,SEQ_001715,20251202,BATCH_26
1716,846f41bc-bad9-4d0c-8a37-589ced7abbd6,TXN_11716,MBR_140,ACCT_3580,20230420,616.65,D,5100,Walmart,Purchase at Walmart,SEQ_001716,20230420,BATCH_61
1717,846f41bc-bad9-4d0c-8a37-589ced7abbd6,TXN_11717,MBR_129,ACCT_8482,20200124,552.61,D,5300,Starbucks,Purchase at Starbucks,SEQ_001717,20200124,BATCH_45
1718,846f41bc-bad9-4d0c-8a37-589ced7abbd6,TXN_11718,MBR_109,ACCT_9027,20220303,232.05,D,5400,Starbucks,Purchase at Starbucks,SEQ_001718,20220303,BATCH_87
1719,846f41bc-bad9-4d0c-8a37-589ced7abbd6,TXN_11719,MBR_183,ACCT_2110,20221101,183.66,C,5200,Starbucks,Purchase at Starbucks,SEQ_001719,20221101,BATCH_79
1720,846f41bc-bad9-4d0c-8a37-589ced7abbd6,TXN_11720,MBR_194,ACCT_1816,20220328,255.3,C,5200,Amazon,Purchase at Amazon,SEQ_001720,20220328,BATCH_28
1721,846f41bc-bad9-4d0c-8a37-589ced7abbd6,TXN_11721,MBR_133,ACCT_7894,20200117,663.72,C,5912,Target,Purchase at Target,SEQ_001721,20200117,BATCH_13
1722,846f41bc-bad9-4d0c-8a37-589ced7abbd6,TXN_11722,MBR_142,ACCT_2030,20200315,70.32,D,5400,Costco,Purchase at Costco,SEQ_001722,20200315,BATCH_87
1723,846f41bc-bad9-4d0c-8a37-589ced7abbd6,TXN_11723,MBR_147,ACCT_8310,20200303,715.94,D,5100,Chevron,Purchase at Chevron,SEQ_001723,20200303,BATCH_51
1724,846f41bc-bad9-4d0c-8a37-589ced7abbd6,TXN_11724,MBR_100,ACCT_1313,20210412,368.09,D,5200,Chevron,Purchase at Chevron,SEQ_001724,20210412,BATCH_71
1725,846f41bc-bad9-4d0c-8a37-589ced7abbd6,TXN_11725,MBR_170,ACCT_8246,20200511,329.26,C,5812,Target,Purchase at Target,SEQ_001725,20200511,BATCH_26
1726,846f41bc-bad9-4d0c-8a37-589ced7abbd6,TXN_11726,MBR_190,ACCT_6970,20200802,369.72,C,5912,Starbucks,Purchase at Starbucks,SEQ_001726,20200802,BATCH_21
1727,846f41bc-bad9-4d0c-8a37-589ced7abbd6,TXN_11727,MBR_189,ACCT_3373,20241014,100.87,C,5912,Target,Purchase at Target,SEQ_001727,20241014,BATCH_92
1728,846f41bc-bad9-4d0c-8a37-589ced7abbd6,TXN_11728,MBR_104,ACCT_2990,20230727,547.65,D,5100,Walmart,Purchase at Walmart,SEQ_001728,20230727,BATCH_96
1729,846f41bc-bad9-4d0c-8a37-589ced7abbd6,TXN_11729,MBR_102,ACCT_4047,20211118,66.98,C,5400,Amazon,Purchase at Amazon,SEQ_001729,20211118,BATCH_34
1730,846f41bc-bad9-4d0c-8a37-589ced7abbd6,TXN_11730,MBR_131,ACCT_2798,20210412,316.64,C,5812,Target,Purchase at Target,SEQ_001730,20210412,BATCH_57
1731,846f41bc-bad9-4d0c-8a37-589ced7abbd6,TXN_11731,MBR_133,ACCT_6711,20241107,444.88,D,5100,Starbucks,Purchase at Starbucks,SEQ_001731,20241107,BATCH_90
1732,846f41bc-bad9-4d0c-8a37-589ced7abbd6,TXN_11732,MBR_100,ACCT_9481,20250110,166.08,D,5100,Chevron,Purchase at Chevron,SEQ_001732,20250110,BATCH_88
1733,846f41bc-bad9-4d0c-8a37-589ced7abbd6,TXN_11733,MBR_147,ACCT_1333,20220124,491.07,D,5100,Target,Purchase at Target,SEQ_001733,20220124,BATCH_19
1734,846f41bc-bad9-4d0c-8a37-589ced7abbd6,TXN_11734,MBR_125,ACCT_9605,20210117,667.42,D,5812,Amazon,Purchase at Amazon,SEQ_001734,20210117,BATCH_56
1735,846f41bc-bad9-4d0c-8a37-589ced7abbd6,TXN_11735,MBR_152,ACCT_6434,20230320,588.33,D,5400,Costco,Purchase at Costco,SEQ_001735,20230320,BATCH_88
1736,846f41bc-bad9-4d0c-8a37-589ced7abbd6,TXN_11736,MBR_102,ACCT_4967,20220621,611.83,C,5300,Chevron,Purchase at Chevron,SEQ_001736,20220621,BATCH_98
1737,846f41bc-bad9-4d0c-8a37-589ced7abbd6,TXN_11737,MBR_194,ACCT_6682,20240414,564.39,C,5100,Target,Purchase at Target,SEQ_001737,20240414,BATCH_40
1738,846f41bc-bad9-4d0c-8a37-589ced7abbd6,TXN_11738,MBR_138,ACCT_9305,20251107,99.49,D,5100,Starbucks,Purchase at Starbucks,SEQ_001738,20251107,BATCH_18
1739,846f41bc-bad9-4d0c-8a37-589ced7abbd6,TXN_11739,MBR_198,ACCT_5216,20260617,50.28,D,5912,Walmart,Purchase at Walmart,SEQ_001739,20260617,BATCH_80
1740,846f41bc-bad9-4d0c-8a37-589ced7abbd6,TXN_11740,MBR_178,ACCT_7578,20260807,193.11,C,5100,Costco,Purchase at Costco,SEQ_001740,20260807,BATCH_20
1741,846f41bc-bad9-4d0c-8a37-589ced7abbd6,TXN_11741,MBR_111,ACCT_9206,20210902,671.15,C,5812,Chevron,Purchase at Chevron,SEQ_001741,20210902,BATCH_11
1742,846f41bc-bad9-4d0c-8a37-589ced7abbd6,TXN_11742,MBR_171,ACCT_5763,20200209,685.97,C,5912,Walmart,Purchase at Walmart,SEQ_001742,20200209,BATCH_62
1743,846f41bc-bad9-4d0c-8a37-589ced7abbd6,TXN_11743,MBR_114,ACCT_4652,20260518,295.57,C,5400,Costco,Purchase at Costco,SEQ_001743,20260518,BATCH_28
1744,846f41bc-bad9-4d0c-8a37-589ced7abbd6,TXN_11744,MBR_159,ACCT_7231,20230625,644.9,D,5812,Target,Purchase at Target,SEQ_001744,20230625,BATCH_76
1745,846f41bc-bad9-4d0c-8a37-589ced7abbd6,TXN_11745,MBR_124,ACCT_9526,20240527,96.73,C,5300,Target,Purchase at Target,SEQ_001745,20240527,BATCH_99
1746,846f41bc-bad9-4d0c-8a37-589ced7abbd6,TXN_11746,MBR_156,ACCT_7435,20261204,258.82,D,5200,Starbucks,Purchase at Starbucks,SEQ_001746,20261204,BATCH_24
1747,846f41bc-bad9-4d0c-8a37-589ced7abbd6,TXN_11747,MBR_100,ACCT_2080,20230413,467.9,C,5200,Amazon,Purchase at Amazon,SEQ_001747,20230413,BATCH_69
1748,846f41bc-bad9-4d0c-8a37-589ced7abbd6,TXN_11748,MBR_108,ACCT_7168,20210716,160.82,C,5812,Walmart,Purchase at Walmart,SEQ_001748,20210716,BATCH_16
1749,846f41bc-bad9-4d0c-8a37-589ced7abbd6,TXN_11749,MBR_195,ACCT_2569,20230731,589.77,C,5300,Walmart,Purchase at Walmart,SEQ_001749,20230731,BATCH_58
1750,846f41bc-bad9-4d0c-8a37-589ced7abbd6,TXN_11750,MBR_131,ACCT_9367,20240418,742.68,D,5100,Starbucks,Purchase at Starbucks,SEQ_001750,20240418,BATCH_25
1751,846f41bc-bad9-4d0c-8a37-589ced7abbd6,TXN_11751,MBR_193,ACCT_1417,20210408,352.46,C,5200,Target,Purchase at Target,SEQ_001751,20210408,BATCH_43
1752,846f41bc-bad9-4d0c-8a37-589ced7abbd6,TXN_11752,MBR_118,ACCT_5596,20210616,593.72,D,5912,Costco,Purchase at Costco,SEQ_001752,20210616,BATCH_90
1753,846f41bc-bad9-4d0c-8a37-589ced7abbd6,TXN_11753,MBR_151,ACCT_7660,20201125,545.23,C,5300,Amazon,Purchase at Amazon,SEQ_001753,20201125,BATCH_77
1754,846f41bc-bad9-4d0c-8a37-589ced7abbd6,TXN_11754,MBR_137,ACCT_3258,20231022,149.6,D,5812,Amazon,Purchase at Amazon,SEQ_001754,20231022,BATCH_26
1755,846f41bc-bad9-4d0c-8a37-589ced7abbd6,TXN_11755,MBR_128,ACCT_4313,20220703,333.53,D,5100,Starbucks,Purchase at Starbucks,SEQ_001755,20220703,BATCH_72
1756,846f41bc-bad9-4d0c-8a37-589ced7abbd6,TXN_11756,MBR_167,ACCT_7882,20201229,251.38,D,5812,Walmart,Purchase at Walmart,SEQ_001756,20201229,BATCH_86
1757,846f41bc-bad9-4d0c-8a37-589ced7abbd6,TXN_11757,MBR_185,ACCT_7804,20210330,185.45,C,5912,Costco,Purchase at Costco,SEQ_001757,20210330,BATCH_97
1758,846f41bc-bad9-4d0c-8a37-589ced7abbd6,TXN_11758,MBR_163,ACCT_4320,20261211,95.85,D,5100,Costco,Purchase at Costco,SEQ_001758,20261211,BATCH_42
1759,846f41bc-bad9-4d0c-8a37-589ced7abbd6,TXN_11759,MBR_194,ACCT_9040,20220808,183.11,C,5812,Chevron,Purchase at Chevron,SEQ_001759,20220808,BATCH_64
1760,846f41bc-bad9-4d0c-8a37-589ced7abbd6,TXN_11760,MBR_163,ACCT_1062,20220406,71.77,C,5400,Starbucks,Purchase at Starbucks,SEQ_001760,20220406,BATCH_98
1761,846f41bc-bad9-4d0c-8a37-589ced7abbd6,TXN_11761,MBR_191,ACCT_6601,20211002,69.69,D,5400,Walmart,Purchase at Walmart,SEQ_001761,20211002,BATCH_96
1762,846f41bc-bad9-4d0c-8a37-589ced7abbd6,TXN_11762,MBR_121,ACCT_1423,20201218,25.84,C,5400,Amazon,Purchase at Amazon,SEQ_001762,20201218,BATCH_44
1763,846f41bc-bad9-4d0c-8a37-589ced7abbd6,TXN_11763,MBR_176,ACCT_6301,20210615,613.05,C,5812,Target,Purchase at Target,SEQ_001763,20210615,BATCH_50
1764,846f41bc-bad9-4d0c-8a37-589ced7abbd6,TXN_11764,MBR_178,ACCT_9783,20230924,438.16,D,5912,Chevron,Purchase at Chevron,SEQ_001764,20230924,BATCH_52
1765,846f41bc-bad9-4d0c-8a37-589ced7abbd6,TXN_11765,MBR_113,ACCT_9997,20230817,742.38,D,5912,Amazon,Purchase at Amazon,SEQ_001765,20230817,BATCH_60
1766,846f41bc-bad9-4d0c-8a37-589ced7abbd6,TXN_11766,MBR_149,ACCT_9881,20230610,725.41,C,5912,Starbucks,Purchase at Starbucks,SEQ_001766,20230610,BATCH_84
1767,846f41bc-bad9-4d0c-8a37-589ced7abbd6,TXN_11767,MBR_139,ACCT_6321,20221201,21.28,C,5812,Walmart,Purchase at Walmart,SEQ_001767,20221201,BATCH_38
1768,846f41bc-bad9-4d0c-8a37-589ced7abbd6,TXN_11768,MBR_143,ACCT_3750,20240603,496.05,D,5300,Costco,Purchase at Costco,SEQ_001768,20240603,BATCH_37
1769,846f41bc-bad9-4d0c-8a37-589ced7abbd6,TXN_11769,MBR_152,ACCT_6029,20240205,144.78,D,5200,Amazon,Purchase at Amazon,SEQ_001769,20240205,BATCH_13
1770,846f41bc-bad9-4d0c-8a37-589ced7abbd6,TXN_11770,MBR_183,ACCT_8151,20230819,524.64,D,5300,Target,Purchase at Target,SEQ_001770,20230819,BATCH_80
1771,846f41bc-bad9-4d0c-8a37-589ced7abbd6,TXN_11771,MBR_153,ACCT_8603,20240709,65.17,C,5300,Chevron,Purchase at Chevron,SEQ_001771,20240709,BATCH_16
1772,846f41bc-bad9-4d0c-8a37-589ced7abbd6,TXN_11772,MBR_105,ACCT_6023,20200106,707.0,D,5100,Starbucks,Purchase at Starbucks,SEQ_001772,20200106,BATCH_92
1773,846f41bc-bad9-4d0c-8a37-589ced7abbd6,TXN_11773,MBR_159,ACCT_5622,20260612,676.18,C,5200,Amazon,Purchase at Amazon,SEQ_001773,20260612,BATCH_32
1774,846f41bc-bad9-4d0c-8a37-589ced7abbd6,TXN_11774,MBR_140,ACCT_9330,20240719,343.88,C,5200,Walmart,Purchase at Walmart,SEQ_001774,20240719,BATCH_69
1775,846f41bc-bad9-4d0c-8a37-589ced7abbd6,TXN_11775,MBR_127,ACCT_7088,20210807,221.92,D,5400,Target,Purchase at Target,SEQ_001775,20210807,BATCH_40
1776,846f41bc-bad9-4d0c-8a37-589ced7abbd6,TXN_11776,MBR_100,ACCT_4632,20200423,694.71,C,5912,Chevron,Purchase at Chevron,SEQ_001776,20200423,BATCH_64
1777,846f41bc-bad9-4d0c-8a37-589ced7abbd6,TXN_11777,MBR_148,ACCT_8592,20240106,481.68,C,5912,Walmart,Purchase at Walmart,SEQ_001777,20240106,BATCH_40
1778,846f41bc-bad9-4d0c-8a37-589ced7abbd6,TXN_11778,MBR_138,ACCT_8945,20250125,639.22,C,5200,Costco,Purchase at Costco,SEQ_001778,20250125,BATCH_76
1779,846f41bc-bad9-4d0c-8a37-589ced7abbd6,TXN_11779,MBR_174,ACCT_3334,20240117,604.0,D,5912,Costco,Purchase at Costco,SEQ_001779,20240117,BATCH_12
1780,846f41bc-bad9-4d0c-8a37-589ced7abbd6,TXN_11780,MBR_141,ACCT_2947,20230705,292.77,C,5200,Costco,Purchase at Costco,SEQ_001780,20230705,BATCH_14
1781,846f41bc-bad9-4d0c-8a37-589ced7abbd6,TXN_11781,MBR_197,ACCT_9500,20210628,538.76,C,5912,Chevron,Purchase at Chevron,SEQ_001781,20210628,BATCH_45
1782,846f41bc-bad9-4d0c-8a37-589ced7abbd6,TXN_11782,MBR_139,ACCT_1335,20250508,335.25,C,5400,Chevron,Purchase at Chevron,SEQ_001782,20250508,BATCH_37
1783,846f41bc-bad9-4d0c-8a37-589ced7abbd6,TXN_11783,MBR_149,ACCT_4590,20230523,398.34,C,5300,Walmart,Purchase at Walmart,SEQ_001783,20230523,BATCH_81
1784,846f41bc-bad9-4d0c-8a37-589ced7abbd6,TXN_11784,MBR_133,ACCT_3333,20260419,486.43,C,5200,Starbucks,Purchase at Starbucks,SEQ_001784,20260419,BATCH_52
1785,846f41bc-bad9-4d0c-8a37-589ced7abbd6,TXN_11785,MBR_113,ACCT_2371,20210115,395.37,C,5912,Amazon,Purchase at Amazon,SEQ_001785,20210115,BATCH_17
1786,846f41bc-bad9-4d0c-8a37-589ced7abbd6,TXN_11786,MBR_135,ACCT_2085,20230818,184.66,C,5300,Chevron,Purchase at Chevron,SEQ_001786,20230818,BATCH_46
1787,846f41bc-bad9-4d0c-8a37-589ced7abbd6,TXN_11787,MBR_108,ACCT_1199,20260917,286.34,D,5200,Amazon,Purchase at Amazon,SEQ_001787,20260917,BATCH_45
1788,846f41bc-bad9-4d0c-8a37-589ced7abbd6,TXN_11788,MBR_151,ACCT_1763,20230520,725.5,C,5400,Walmart,Purchase at Walmart,SEQ_001788,20230520,BATCH_27
1789,846f41bc-bad9-4d0c-8a37-589ced7abbd6,TXN_11789,MBR_143,ACCT_4179,20200920,221.2,D,5812,Walmart,Purchase at Walmart,SEQ_001789,20200920,BATCH_50
1790,846f41bc-bad9-4d0c-8a37-589ced7abbd6,TXN_11790,MBR_160,ACCT_2795,20240113,155.65,D,5300,Amazon,Purchase at Amazon,SEQ_001790,20240113,BATCH_73
1791,846f41bc-bad9-4d0c-8a37-589ced7abbd6,TXN_11791,MBR_161,ACCT_6697,20220717,150.99,C,5200,Walmart,Purchase at Walmart,SEQ_001791,20220717,BATCH_41
1792,846f41bc-bad9-4d0c-8a37-589ced7abbd6,TXN_11792,MBR_109,ACCT_7482,20240501,176.14,C,5200,Chevron,Purchase at Chevron,SEQ_001792,20240501,BATCH_64
1793,846f41bc-bad9-4d0c-8a37-589ced7abbd6,TXN_11793,MBR_140,ACCT_1586,20260105,205.33,C,5912,Walmart,Purchase at Walmart,SEQ_001793,20260105,BATCH_77
1794,846f41bc-bad9-4d0c-8a37-589ced7abbd6,TXN_11794,MBR_171,ACCT_6185,20200425,541.73,D,5812,Amazon,Purchase at Amazon,SEQ_001794,20200425,BATCH_45
1795,846f41bc-bad9-4d0c-8a37-589ced7abbd6,TXN_11795,MBR_107,ACCT_6037,20251213,377.27,D,5100,Amazon,Purchase at Amazon,SEQ_001795,20251213,BATCH_76
1796,846f41bc-bad9-4d0c-8a37-589ced7abbd6,TXN_11796,MBR_186,ACCT_5327,20260408,493.68,C,5812,Target,Purchase at Target,SEQ_001796,20260408,BATCH_42
1797,846f41bc-bad9-4d0c-8a37-589ced7abbd6,TXN_11797,MBR_196,ACCT_6580,20220906,352.22,C,5812,Amazon,Purchase at Amazon,SEQ_001797,20220906,BATCH_29
1798,846f41bc-bad9-4d0c-8a37-589ced7abbd6,TXN_11798,MBR_109,ACCT_1279,20250923,237.24,C,5400,Chevron,Purchase at Chevron,SEQ_001798,20250923,BATCH_56
1799,846f41bc-bad9-4d0c-8a37-589ced7abbd6,TXN_11799,MBR_174,ACCT_3067,20260808,703.83,D,5200,Costco,Purchase at Costco,SEQ_001799,20260808,BATCH_36
1800,846f41bc-bad9-4d0c-8a37-589ced7abbd6,TXN_11800,MBR_164,ACCT_4529,20210301,652.64,D,5912,Chevron,Purchase at Chevron,SEQ_001800,20210301,BATCH_87
1801,846f41bc-bad9-4d0c-8a37-589ced7abbd6,TXN_11801,MBR_180,ACCT_2481,20230208,301.39,C,5300,Target,Purchase at Target,SEQ_001801,20230208,BATCH_31
1802,846f41bc-bad9-4d0c-8a37-589ced7abbd6,TXN_11802,MBR_136,ACCT_3827,20220406,574.02,D,5400,Target,Purchase at Target,SEQ_001802,20220406,BATCH_34
1803,846f41bc-bad9-4d0c-8a37-589ced7abbd6,TXN_11803,MBR_168,ACCT_6644,20250421,493.11,D,5300,Costco,Purchase at Costco,SEQ_001803,20250421,BATCH_50
1804,846f41bc-bad9-4d0c-8a37-589ced7abbd6,TXN_11804,MBR_135,ACCT_4459,20221107,79.86,C,5812,Chevron,Purchase at Chevron,SEQ_001804,20221107,BATCH_91
1805,846f41bc-bad9-4d0c-8a37-589ced7abbd6,TXN_11805,MBR_175,ACCT_2837,20220129,200.18,C,5400,Walmart,Purchase at Walmart,SEQ_001805,20220129,BATCH_24
1806,846f41bc-bad9-4d0c-8a37-589ced7abbd6,TXN_11806,MBR_166,ACCT_3758,20251009,477.62,D,5812,Amazon,Purchase at Amazon,SEQ_001806,20251009,BATCH_22
1807,846f41bc-bad9-4d0c-8a37-589ced7abbd6,TXN_11807,MBR_184,ACCT_9009,20201207,74.38,D,5100,Target,Purchase at Target,SEQ_001807,20201207,BATCH_44
1808,846f41bc-bad9-4d0c-8a37-589ced7abbd6,TXN_11808,MBR_140,ACCT_4648,20211028,469.77,C,5300,Walmart,Purchase at Walmart,SEQ_001808,20211028,BATCH_40
1809,846f41bc-bad9-4d0c-8a37-589ced7abbd6,TXN_11809,MBR_110,ACCT_8693,20220124,14.24,C,5912,Costco,Purchase at Costco,SEQ_001809,20220124,BATCH_32
1810,846f41bc-bad9-4d0c-8a37-589ced7abbd6,TXN_11810,MBR_127,ACCT_8711,20240424,434.0,D,5300,Costco,Purchase at Costco,SEQ_001810,20240424,BATCH_91
1811,846f41bc-bad9-4d0c-8a37-589ced7abbd6,TXN_11811,MBR_131,ACCT_3827,20231113,572.57,D,5300,Target,Purchase at Target,SEQ_001811,20231113,BATCH_25
1812,846f41bc-bad9-4d0c-8a37-589ced7abbd6,TXN_11812,MBR_192,ACCT_9038,20230727,97.47,C,5812,Chevron,Purchase at Chevron,SEQ_001812,20230727,BATCH_32
1813,846f41bc-bad9-4d0c-8a37-589ced7abbd6,TXN_11813,MBR_117,ACCT_4607,20260509,313.93,C,5100,Amazon,Purchase at Amazon,SEQ_001813,20260509,BATCH_14
1814,846f41bc-bad9-4d0c-8a37-589ced7abbd6,TXN_11814,MBR_190,ACCT_1433,20200810,25.3,C,5100,Starbucks,Purchase at Starbucks,SEQ_001814,20200810,BATCH_24
1815,846f41bc-bad9-4d0c-8a37-589ced7abbd6,TXN_11815,MBR_122,ACCT_4279,20220423,284.03,D,5812,Amazon,Purchase at Amazon,SEQ_001815,20220423,BATCH_71
1816,846f41bc-bad9-4d0c-8a37-589ced7abbd6,TXN_11816,MBR_145,ACCT_4695,20260406,20.13,C,5100,Starbucks,Purchase at Starbucks,SEQ_001816,20260406,BATCH_26
1817,846f41bc-bad9-4d0c-8a37-589ced7abbd6,TXN_11817,MBR_185,ACCT_1200,20220403,564.48,C,5100,Target,Purchase at Target,SEQ_001817,20220403,BATCH_74
1818,846f41bc-bad9-4d0c-8a37-589ced7abbd6,TXN_11818,MBR_128,ACCT_5758,20211219,672.38,C,5100,Target,Purchase at Target,SEQ_001818,20211219,BATCH_36
1819,846f41bc-bad9-4d0c-8a37-589ced7abbd6,TXN_11819,MBR_188,ACCT_6825,20250918,201.99,D,5400,Chevron,Purchase at Chevron,SEQ_001819,20250918,BATCH_45
1820,846f41bc-bad9-4d0c-8a37-589ced7abbd6,TXN_11820,MBR_185,ACCT_8828,20250630,423.72,C,5300,Chevron,Purchase at Chevron,SEQ_001820,20250630,BATCH_70
1821,846f41bc-bad9-4d0c-8a37-589ced7abbd6,TXN_11821,MBR_120,ACCT_1321,20231116,167.95,C,5300,Amazon,Purchase at Amazon,SEQ_001821,20231116,BATCH_88
1822,846f41bc-bad9-4d0c-8a37-589ced7abbd6,TXN_11822,MBR_162,ACCT_7019,20230712,372.91,D,5200,Target,Purchase at Target,SEQ_001822,20230712,BATCH_76
1823,846f41bc-bad9-4d0c-8a37-589ced7abbd6,TXN_11823,MBR_190,ACCT_5509,20230228,239.37,C,5912,Costco,Purchase at Costco,SEQ_001823,20230228,BATCH_29
1824,846f41bc-bad9-4d0c-8a37-589ced7abbd6,TXN_11824,MBR_155,ACCT_2023,20221116,519.12,D,5300,Target,Purchase at Target,SEQ_001824,20221116,BATCH_12
1825,846f41bc-bad9-4d0c-8a37-589ced7abbd6,TXN_11825,MBR_125,ACCT_7403,20230421,97.81,C,5912,Costco,Purchase at Costco,SEQ_001825,20230421,BATCH_68
1826,846f41bc-bad9-4d0c-8a37-589ced7abbd6,TXN_11826,MBR_101,ACCT_8316,20200817,460.92,D,5200,Starbucks,Purchase at Starbucks,SEQ_001826,20200817,BATCH_35
1827,846f41bc-bad9-4d0c-8a37-589ced7abbd6,TXN_11827,MBR_177,ACCT_4878,20200512,162.9,C,5912,Amazon,Purchase at Amazon,SEQ_001827,20200512,BATCH_28
1828,846f41bc-bad9-4d0c-8a37-589ced7abbd6,TXN_11828,MBR_146,ACCT_8484,20210430,535.64,D,5912,Walmart,Purchase at Walmart,SEQ_001828,20210430,BATCH_88
1829,846f41bc-bad9-4d0c-8a37-589ced7abbd6,TXN_11829,MBR_107,ACCT_9675,20241202,631.01,D,5200,Starbucks,Purchase at Starbucks,SEQ_001829,20241202,BATCH_37
1830,846f41bc-bad9-4d0c-8a37-589ced7abbd6,TXN_11830,MBR_140,ACCT_7569,20200211,111.25,D,5200,Starbucks,Purchase at Starbucks,SEQ_001830,20200211,BATCH_54
1831,846f41bc-bad9-4d0c-8a37-589ced7abbd6,TXN_11831,MBR_114,ACCT_1383,20210501,108.09,D,5200,Walmart,Purchase at Walmart,SEQ_001831,20210501,BATCH_70
1832,846f41bc-bad9-4d0c-8a37-589ced7abbd6,TXN_11832,MBR_111,ACCT_6624,20260319,386.72,D,5812,Starbucks,Purchase at Starbucks,SEQ_001832,20260319,BATCH_39
1833,846f41bc-bad9-4d0c-8a37-589ced7abbd6,TXN_11833,MBR_139,ACCT_7096,20251225,141.08,C,5812,Starbucks,Purchase at Starbucks,SEQ_001833,20251225,BATCH_23
1834,846f41bc-bad9-4d0c-8a37-589ced7abbd6,TXN_11834,MBR_127,ACCT_8605,20200603,545.17,C,5100,Walmart,Purchase at Walmart,SEQ_001834,20200603,BATCH_72
1835,846f41bc-bad9-4d0c-8a37-589ced7abbd6,TXN_11835,MBR_100,ACCT_9004,20240814,535.35,C,5300,Walmart,Purchase at Walmart,SEQ_001835,20240814,BATCH_47
1836,846f41bc-bad9-4d0c-8a37-589ced7abbd6,TXN_11836,MBR_145,ACCT_8015,20230704,706.92,C,5400,Walmart,Purchase at Walmart,SEQ_001836,20230704,BATCH_96
1837,846f41bc-bad9-4d0c-8a37-589ced7abbd6,TXN_11837,MBR_161,ACCT_6412,20201031,351.38,C,5812,Walmart,Purchase at Walmart,SEQ_001837,20201031,BATCH_85
1838,846f41bc-bad9-4d0c-8a37-589ced7abbd6,TXN_11838,MBR_190,ACCT_1322,20200621,260.35,C,5912,Amazon,Purchase at Amazon,SEQ_001838,20200621,BATCH_79
1839,846f41bc-bad9-4d0c-8a37-589ced7abbd6,TXN_11839,MBR_139,ACCT_3703,20260523,666.71,D,5300,Costco,Purchase at Costco,SEQ_001839,20260523,BATCH_58
1840,846f41bc-bad9-4d0c-8a37-589ced7abbd6,TXN_11840,MBR_156,ACCT_1582,20220516,647.78,C,5300,Amazon,Purchase at Amazon,SEQ_001840,20220516,BATCH_32
1841,846f41bc-bad9-4d0c-8a37-589ced7abbd6,TXN_11841,MBR_126,ACCT_5530,20210616,486.24,D,5912,Amazon,Purchase at Amazon,SEQ_001841,20210616,BATCH_69
1842,846f41bc-bad9-4d0c-8a37-589ced7abbd6,TXN_11842,MBR_190,ACCT_3908,20240119,35.27,D,5812,Target,Purchase at Target,SEQ_001842,20240119,BATCH_48
1843,846f41bc-bad9-4d0c-8a37-589ced7abbd6,TXN_11843,MBR_105,ACCT_7119,20260507,34.62,C,5400,Chevron,Purchase at Chevron,SEQ_001843,20260507,BATCH_41
1844,846f41bc-bad9-4d0c-8a37-589ced7abbd6,TXN_11844,MBR_196,ACCT_4732,20250826,269.58,D,5100,Target,Purchase at Target,SEQ_001844,20250826,BATCH_67
1845,846f41bc-bad9-4d0c-8a37-589ced7abbd6,TXN_11845,MBR_184,ACCT_9240,20250817,368.27,D,5912,Starbucks,Purchase at Starbucks,SEQ_001845,20250817,BATCH_76
1846,846f41bc-bad9-4d0c-8a37-589ced7abbd6,TXN_11846,MBR_175,ACCT_2754,20260904,46.41,C,5200,Walmart,Purchase at Walmart,SEQ_001846,20260904,BATCH_97
1847,846f41bc-bad9-4d0c-8a37-589ced7abbd6,TXN_11847,MBR_167,ACCT_1299,20260422,668.3,C,5812,Chevron,Purchase at Chevron,SEQ_001847,20260422,BATCH_15
1848,846f41bc-bad9-4d0c-8a37-589ced7abbd6,TXN_11848,MBR_182,ACCT_4754,20220401,619.8,C,5912,Costco,Purchase at Costco,SEQ_001848,20220401,BATCH_31
1849,846f41bc-bad9-4d0c-8a37-589ced7abbd6,TXN_11849,MBR_173,ACCT_6718,20231205,274.13,D,5812,Starbucks,Purchase at Starbucks,SEQ_001849,20231205,BATCH_30
1850,846f41bc-bad9-4d0c-8a37-589ced7abbd6,TXN_11850,MBR_167,ACCT_3221,20240129,685.1,C,5100,Walmart,Purchase at Walmart,SEQ_001850,20240129,BATCH_81
1851,846f41bc-bad9-4d0c-8a37-589ced7abbd6,TXN_11851,MBR_186,ACCT_5628,20260604,195.53,D,5912,Costco,Purchase at Costco,SEQ_001851,20260604,BATCH_20
1852,846f41bc-bad9-4d0c-8a37-589ced7abbd6,TXN_11852,MBR_192,ACCT_7605,20240925,569.53,C,5100,Chevron,Purchase at Chevron,SEQ_001852,20240925,BATCH_34
1853,846f41bc-bad9-4d0c-8a37-589ced7abbd6,TXN_11853,MBR_171,ACCT_6523,20231018,412.75,D,5400,Target,Purchase at Target,SEQ_001853,20231018,BATCH_93
1854,846f41bc-bad9-4d0c-8a37-589ced7abbd6,TXN_11854,MBR_134,ACCT_3816,20220131,119.51,C,5100,Chevron,Purchase at Chevron,SEQ_001854,20220131,BATCH_21
1855,846f41bc-bad9-4d0c-8a37-589ced7abbd6,TXN_11855,MBR_197,ACCT_6298,20220223,184.13,D,5300,Walmart,Purchase at Walmart,SEQ_001855,20220223,BATCH_72
1856,846f41bc-bad9-4d0c-8a37-589ced7abbd6,TXN_11856,MBR_106,ACCT_7742,20240204,744.19,D,5400,Amazon,Purchase at Amazon,SEQ_001856,20240204,BATCH_84
1857,846f41bc-bad9-4d0c-8a37-589ced7abbd6,TXN_11857,MBR_197,ACCT_9095,20220422,548.04,D,5400,Starbucks,Purchase at Starbucks,SEQ_001857,20220422,BATCH_22
1858,846f41bc-bad9-4d0c-8a37-589ced7abbd6,TXN_11858,MBR_106,ACCT_2098,20201212,115.14,C,5400,Target,Purchase at Target,SEQ_001858,20201212,BATCH_51
1859,846f41bc-bad9-4d0c-8a37-589ced7abbd6,TXN_11859,MBR_120,ACCT_7783,20211124,345.81,D,5200,Amazon,Purchase at Amazon,SEQ_001859,20211124,BATCH_31
1860,846f41bc-bad9-4d0c-8a37-589ced7abbd6,TXN_11860,MBR_181,ACCT_5346,20230829,214.41,C,5200,Costco,Purchase at Costco,SEQ_001860,20230829,BATCH_49
1861,846f41bc-bad9-4d0c-8a37-589ced7abbd6,TXN_11861,MBR_139,ACCT_5309,20240515,201.69,C,5200,Chevron,Purchase at Chevron,SEQ_001861,20240515,BATCH_24
1862,846f41bc-bad9-4d0c-8a37-589ced7abbd6,TXN_11862,MBR_144,ACCT_1557,20260730,129.68,C,5100,Target,Purchase at Target,SEQ_001862,20260730,BATCH_71
1863,846f41bc-bad9-4d0c-8a37-589ced7abbd6,TXN_11863,MBR_141,ACCT_2688,20210309,619.04,C,5300,Starbucks,Purchase at Starbucks,SEQ_001863,20210309,BATCH_58
1864,846f41bc-bad9-4d0c-8a37-589ced7abbd6,TXN_11864,MBR_197,ACCT_1727,20210925,542.79,D,5912,Target,Purchase at Target,SEQ_001864,20210925,BATCH_56
1865,846f41bc-bad9-4d0c-8a37-589ced7abbd6,TXN_11865,MBR_170,ACCT_5372,20200111,80.91,C,5400,Starbucks,Purchase at Starbucks,SEQ_001865,20200111,BATCH_96
1866,846f41bc-bad9-4d0c-8a37-589ced7abbd6,TXN_11866,MBR_117,ACCT_7954,20220927,609.65,C,5300,Costco,Purchase at Costco,SEQ_001866,20220927,BATCH_78
1867,846f41bc-bad9-4d0c-8a37-589ced7abbd6,TXN_11867,MBR_113,ACCT_6923,20201227,277.37,C,5200,Amazon,Purchase at Amazon,SEQ_001867,20201227,BATCH_83
1868,846f41bc-bad9-4d0c-8a37-589ced7abbd6,TXN_11868,MBR_160,ACCT_3817,20250903,596.9,C,5812,Walmart,Purchase at Walmart,SEQ_001868,20250903,BATCH_51
1869,846f41bc-bad9-4d0c-8a37-589ced7abbd6,TXN_11869,MBR_121,ACCT_4606,20200809,575.22,D,5400,Target,Purchase at Target,SEQ_001869,20200809,BATCH_97
1870,846f41bc-bad9-4d0c-8a37-589ced7abbd6,TXN_11870,MBR_115,ACCT_9259,20241214,289.05,D,5912,Target,Purchase at Target,SEQ_001870,20241214,BATCH_18
1871,846f41bc-bad9-4d0c-8a37-589ced7abbd6,TXN_11871,MBR_106,ACCT_9499,20230702,676.39,C,5100,Chevron,Purchase at Chevron,SEQ_001871,20230702,BATCH_53
1872,846f41bc-bad9-4d0c-8a37-589ced7abbd6,TXN_11872,MBR_148,ACCT_6251,20220620,591.56,D,5100,Walmart,Purchase at Walmart,SEQ_001872,20220620,BATCH_48
1873,846f41bc-bad9-4d0c-8a37-589ced7abbd6,TXN_11873,MBR_180,ACCT_7011,20230922,158.57,D,5400,Target,Purchase at Target,SEQ_001873,20230922,BATCH_13
1874,846f41bc-bad9-4d0c-8a37-589ced7abbd6,TXN_11874,MBR_139,ACCT_1268,20200609,539.16,D,5812,Amazon,Purchase at Amazon,SEQ_001874,20200609,BATCH_24
1875,846f41bc-bad9-4d0c-8a37-589ced7abbd6,TXN_11875,MBR_118,ACCT_6136,20241009,104.97,C,5400,Chevron,Purchase at Chevron,SEQ_001875,20241009,BATCH_27
1876,846f41bc-bad9-4d0c-8a37-589ced7abbd6,TXN_11876,MBR_151,ACCT_1242,20230524,415.68,D,5912,Walmart,Purchase at Walmart,SEQ_001876,20230524,BATCH_45
1877,846f41bc-bad9-4d0c-8a37-589ced7abbd6,TXN_11877,MBR_162,ACCT_8294,20210302,51.51,D,5812,Starbucks,Purchase at Starbucks,SEQ_001877,20210302,BATCH_41
1878,846f41bc-bad9-4d0c-8a37-589ced7abbd6,TXN_11878,MBR_146,ACCT_5088,20230315,274.52,C,5812,Costco,Purchase at Costco,SEQ_001878,20230315,BATCH_45
1879,846f41bc-bad9-4d0c-8a37-589ced7abbd6,TXN_11879,MBR_135,ACCT_2471,20201206,571.96,C,5100,Walmart,Purchase at Walmart,SEQ_001879,20201206,BATCH_43
1880,846f41bc-bad9-4d0c-8a37-589ced7abbd6,TXN_11880,MBR_161,ACCT_6839,20220627,25.86,C,5400,Amazon,Purchase at Amazon,SEQ_001880,20220627,BATCH_39
1881,846f41bc-bad9-4d0c-8a37-589ced7abbd6,TXN_11881,MBR_144,ACCT_1497,20220120,380.61,C,5400,Walmart,Purchase at Walmart,SEQ_001881,20220120,BATCH_83
1882,846f41bc-bad9-4d0c-8a37-589ced7abbd6,TXN_11882,MBR_105,ACCT_2656,20250212,439.28,D,5100,Chevron,Purchase at Chevron,SEQ_001882,20250212,BATCH_87
1883,846f41bc-bad9-4d0c-8a37-589ced7abbd6,TXN_11883,MBR_102,ACCT_7570,20210822,652.19,D,5200,Walmart,Purchase at Walmart,SEQ_001883,20210822,BATCH_88
1884,846f41bc-bad9-4d0c-8a37-589ced7abbd6,TXN_11884,MBR_110,ACCT_2693,20241120,37.25,C,5400,Walmart,Purchase at Walmart,SEQ_001884,20241120,BATCH_11
1885,846f41bc-bad9-4d0c-8a37-589ced7abbd6,TXN_11885,MBR_174,ACCT_4847,20210926,511.33,C,5912,Amazon,Purchase at Amazon,SEQ_001885,20210926,BATCH_59
1886,846f41bc-bad9-4d0c-8a37-589ced7abbd6,TXN_11886,MBR_105,ACCT_2181,20201006,114.28,D,5812,Costco,Purchase at Costco,SEQ_001886,20201006,BATCH_31
1887,846f41bc-bad9-4d0c-8a37-589ced7abbd6,TXN_11887,MBR_191,ACCT_2401,20260725,549.54,D,5812,Target,Purchase at Target,SEQ_001887,20260725,BATCH_63
1888,846f41bc-bad9-4d0c-8a37-589ced7abbd6,TXN_11888,MBR_139,ACCT_3979,20260708,446.75,C,5200,Amazon,Purchase at Amazon,SEQ_001888,20260708,BATCH_10
1889,846f41bc-bad9-4d0c-8a37-589ced7abbd6,TXN_11889,MBR_130,ACCT_3598,20240120,23.63,C,5812,Amazon,Purchase at Amazon,SEQ_001889,20240120,BATCH_42
1890,846f41bc-bad9-4d0c-8a37-589ced7abbd6,TXN_11890,MBR_115,ACCT_2680,20201024,63.72,C,5100,Walmart,Purchase at Walmart,SEQ_001890,20201024,BATCH_76
1891,846f41bc-bad9-4d0c-8a37-589ced7abbd6,TXN_11891,MBR_132,ACCT_5077,20240924,746.86,C,5300,Target,Purchase at Target,SEQ_001891,20240924,BATCH_17
1892,846f41bc-bad9-4d0c-8a37-589ced7abbd6,TXN_11892,MBR_113,ACCT_6396,20200911,262.26,D,5300,Amazon,Purchase at Amazon,SEQ_001892,20200911,BATCH_45
1893,846f41bc-bad9-4d0c-8a37-589ced7abbd6,TXN_11893,MBR_167,ACCT_3415,20210706,412.52,C,5300,Walmart,Purchase at Walmart,SEQ_001893,20210706,BATCH_67
1894,846f41bc-bad9-4d0c-8a37-589ced7abbd6,TXN_11894,MBR_132,ACCT_1215,20261013,361.82,D,5912,Chevron,Purchase at Chevron,SEQ_001894,20261013,BATCH_17
1895,846f41bc-bad9-4d0c-8a37-589ced7abbd6,TXN_11895,MBR_105,ACCT_3910,20210826,522.11,D,5812,Starbucks,Purchase at Starbucks,SEQ_001895,20210826,BATCH_58
1896,846f41bc-bad9-4d0c-8a37-589ced7abbd6,TXN_11896,MBR_192,ACCT_8824,20211001,371.96,D,5200,Target,Purchase at Target,SEQ_001896,20211001,BATCH_38
1897,846f41bc-bad9-4d0c-8a37-589ced7abbd6,TXN_11897,MBR_151,ACCT_5922,20210302,655.27,C,5200,Walmart,Purchase at Walmart,SEQ_001897,20210302,BATCH_37
1898,846f41bc-bad9-4d0c-8a37-589ced7abbd6,TXN_11898,MBR_181,ACCT_8784,20210715,741.34,C,5812,Walmart,Purchase at Walmart,SEQ_001898,20210715,BATCH_12
1899,846f41bc-bad9-4d0c-8a37-589ced7abbd6,TXN_11899,MBR_107,ACCT_1863,20230321,608.87,D,5100,Starbucks,Purchase at Starbucks,SEQ_001899,20230321,BATCH_46
1900,846f41bc-bad9-4d0c-8a37-589ced7abbd6,TXN_11900,MBR_136,ACCT_6940,20230626,13.31,C,5300,Chevron,Purchase at Chevron,SEQ_001900,20230626,BATCH_32
1901,846f41bc-bad9-4d0c-8a37-589ced7abbd6,TXN_11901,MBR_174,ACCT_4242,20211106,355.17,D,5200,Target,Purchase at Target,SEQ_001901,20211106,BATCH_66
1902,846f41bc-bad9-4d0c-8a37-589ced7abbd6,TXN_11902,MBR_190,ACCT_2118,20240710,237.7,D,5812,Walmart,Purchase at Walmart,SEQ_001902,20240710,BATCH_74
1903,846f41bc-bad9-4d0c-8a37-589ced7abbd6,TXN_11903,MBR_187,ACCT_1081,20220904,71.78,D,5400,Costco,Purchase at Costco,SEQ_001903,20220904,BATCH_17
1904,846f41bc-bad9-4d0c-8a37-589ced7abbd6,TXN_11904,MBR_152,ACCT_6869,20250307,30.64,C,5300,Starbucks,Purchase at Starbucks,SEQ_001904,20250307,BATCH_88
1905,846f41bc-bad9-4d0c-8a37-589ced7abbd6,TXN_11905,MBR_166,ACCT_1083,20201201,77.0,C,5200,Walmart,Purchase at Walmart,SEQ_001905,20201201,BATCH_63
1906,846f41bc-bad9-4d0c-8a37-589ced7abbd6,TXN_11906,MBR_131,ACCT_2424,20250228,205.38,C,5200,Costco,Purchase at Costco,SEQ_001906,20250228,BATCH_92
1907,846f41bc-bad9-4d0c-8a37-589ced7abbd6,TXN_11907,MBR_120,ACCT_2413,20241109,451.45,C,5100,Starbucks,Purchase at Starbucks,SEQ_001907,20241109,BATCH_15
1908,846f41bc-bad9-4d0c-8a37-589ced7abbd6,TXN_11908,MBR_167,ACCT_6050,20221027,280.4,D,5200,Costco,Purchase at Costco,SEQ_001908,20221027,BATCH_92
1909,846f41bc-bad9-4d0c-8a37-589ced7abbd6,TXN_11909,MBR_176,ACCT_5977,20210925,137.36,C,5912,Chevron,Purchase at Chevron,SEQ_001909,20210925,BATCH_54
1910,846f41bc-bad9-4d0c-8a37-589ced7abbd6,TXN_11910,MBR_197,ACCT_9233,20211208,544.26,D,5812,Amazon,Purchase at Amazon,SEQ_001910,20211208,BATCH_22
1911,846f41bc-bad9-4d0c-8a37-589ced7abbd6,TXN_11911,MBR_151,ACCT_2973,20260321,269.45,D,5200,Amazon,Purchase at Amazon,SEQ_001911,20260321,BATCH_63
1912,846f41bc-bad9-4d0c-8a37-589ced7abbd6,TXN_11912,MBR_137,ACCT_8064,20220909,70.84,C,5300,Costco,Purchase at Costco,SEQ_001912,20220909,BATCH_87
1913,846f41bc-bad9-4d0c-8a37-589ced7abbd6,TXN_11913,MBR_181,ACCT_3833,20250606,129.23,D,5100,Costco,Purchase at Costco,SEQ_001913,20250606,BATCH_28
1914,846f41bc-bad9-4d0c-8a37-589ced7abbd6,TXN_11914,MBR_139,ACCT_7899,20210306,161.44,C,5200,Amazon,Purchase at Amazon,SEQ_001914,20210306,BATCH_81
1915,846f41bc-bad9-4d0c-8a37-589ced7abbd6,TXN_11915,MBR_182,ACCT_6129,20240817,179.62,D,5912,Target,Purchase at Target,SEQ_001915,20240817,BATCH_34
1916,846f41bc-bad9-4d0c-8a37-589ced7abbd6,TXN_11916,MBR_114,ACCT_6578,20210920,434.69,C,5300,Costco,Purchase at Costco,SEQ_001916,20210920,BATCH_17
1917,846f41bc-bad9-4d0c-8a37-589ced7abbd6,TXN_11917,MBR_187,ACCT_5890,20221129,366.63,D,5400,Target,Purchase at Target,SEQ_001917,20221129,BATCH_89
1918,846f41bc-bad9-4d0c-8a37-589ced7abbd6,TXN_11918,MBR_106,ACCT_9910,20260326,632.35,C,5300,Target,Purchase at Target,SEQ_001918,20260326,BATCH_75
1919,846f41bc-bad9-4d0c-8a37-589ced7abbd6,TXN_11919,MBR_190,ACCT_5972,20250818,128.34,D,5300,Chevron,Purchase at Chevron,SEQ_001919,20250818,BATCH_49
1920,846f41bc-bad9-4d0c-8a37-589ced7abbd6,TXN_11920,MBR_115,ACCT_8456,20231215,645.3,C,5200,Walmart,Purchase at Walmart,SEQ_001920,20231215,BATCH_33
1921,846f41bc-bad9-4d0c-8a37-589ced7abbd6,TXN_11921,MBR_107,ACCT_2862,20230222,636.45,D,5300,Chevron,Purchase at Chevron,SEQ_001921,20230222,BATCH_87
1922,846f41bc-bad9-4d0c-8a37-589ced7abbd6,TXN_11922,MBR_174,ACCT_5863,20230203,614.06,C,5912,Amazon,Purchase at Amazon,SEQ_001922,20230203,BATCH_92
1923,846f41bc-bad9-4d0c-8a37-589ced7abbd6,TXN_11923,MBR_141,ACCT_4610,20221214,462.82,D,5200,Amazon,Purchase at Amazon,SEQ_001923,20221214,BATCH_99
1924,846f41bc-bad9-4d0c-8a37-589ced7abbd6,TXN_11924,MBR_168,ACCT_5219,20261030,360.08,C,5400,Walmart,Purchase at Walmart,SEQ_001924,20261030,BATCH_74
1925,846f41bc-bad9-4d0c-8a37-589ced7abbd6,TXN_11925,MBR_151,ACCT_2568,20240125,85.16,D,5200,Costco,Purchase at Costco,SEQ_001925,20240125,BATCH_38
1926,846f41bc-bad9-4d0c-8a37-589ced7abbd6,TXN_11926,MBR_120,ACCT_2846,20230630,463.07,C,5912,Starbucks,Purchase at Starbucks,SEQ_001926,20230630,BATCH_34
1927,846f41bc-bad9-4d0c-8a37-589ced7abbd6,TXN_11927,MBR_138,ACCT_5571,20230315,66.69,C,5100,Target,Purchase at Target,SEQ_001927,20230315,BATCH_51
1928,846f41bc-bad9-4d0c-8a37-589ced7abbd6,TXN_11928,MBR_139,ACCT_2837,20221022,518.66,D,5200,Costco,Purchase at Costco,SEQ_001928,20221022,BATCH_33
1929,846f41bc-bad9-4d0c-8a37-589ced7abbd6,TXN_11929,MBR_163,ACCT_6407,20231230,377.61,C,5812,Costco,Purchase at Costco,SEQ_001929,20231230,BATCH_77
1930,846f41bc-bad9-4d0c-8a37-589ced7abbd6,TXN_11930,MBR_123,ACCT_1574,20260909,519.41,D,5300,Chevron,Purchase at Chevron,SEQ_001930,20260909,BATCH_61
1931,846f41bc-bad9-4d0c-8a37-589ced7abbd6,TXN_11931,MBR_192,ACCT_4187,20210620,345.07,D,5300,Chevron,Purchase at Chevron,SEQ_001931,20210620,BATCH_31
1932,846f41bc-bad9-4d0c-8a37-589ced7abbd6,TXN_11932,MBR_113,ACCT_2349,20210322,414.43,C,5300,Amazon,Purchase at Amazon,SEQ_001932,20210322,BATCH_41
1933,846f41bc-bad9-4d0c-8a37-589ced7abbd6,TXN_11933,MBR_161,ACCT_4495,20260611,44.98,C,5100,Target,Purchase at Target,SEQ_001933,20260611,BATCH_14
1934,846f41bc-bad9-4d0c-8a37-589ced7abbd6,TXN_11934,MBR_136,ACCT_7778,20210831,285.86,C,5200,Walmart,Purchase at Walmart,SEQ_001934,20210831,BATCH_85
1935,846f41bc-bad9-4d0c-8a37-589ced7abbd6,TXN_11935,MBR_118,ACCT_7475,20220105,462.44,D,5912,Target,Purchase at Target,SEQ_001935,20220105,BATCH_16
1936,846f41bc-bad9-4d0c-8a37-589ced7abbd6,TXN_11936,MBR_107,ACCT_9588,20240406,332.6,C,5100,Chevron,Purchase at Chevron,SEQ_001936,20240406,BATCH_63
1937,846f41bc-bad9-4d0c-8a37-589ced7abbd6,TXN_11937,MBR_152,ACCT_6509,20210504,6.76,C,5812,Chevron,Purchase at Chevron,SEQ_001937,20210504,BATCH_40
1938,846f41bc-bad9-4d0c-8a37-589ced7abbd6,TXN_11938,MBR_102,ACCT_8442,20200812,163.54,C,5400,Target,Purchase at Target,SEQ_001938,20200812,BATCH_11
1939,846f41bc-bad9-4d0c-8a37-589ced7abbd6,TXN_11939,MBR_151,ACCT_7820,20240611,32.92,C,5200,Amazon,Purchase at Amazon,SEQ_001939,20240611,BATCH_53
1940,846f41bc-bad9-4d0c-8a37-589ced7abbd6,TXN_11940,MBR_199,ACCT_9501,20200721,311.24,D,5912,Costco,Purchase at Costco,SEQ_001940,20200721,BATCH_58
1941,846f41bc-bad9-4d0c-8a37-589ced7abbd6,TXN_11941,MBR_110,ACCT_6052,20230830,317.36,D,5400,Walmart,Purchase at Walmart,SEQ_001941,20230830,BATCH_80
1942,846f41bc-bad9-4d0c-8a37-589ced7abbd6,TXN_11942,MBR_121,ACCT_3669,20230531,214.13,D,5400,Starbucks,Purchase at Starbucks,SEQ_001942,20230531,BATCH_67
1943,846f41bc-bad9-4d0c-8a37-589ced7abbd6,TXN_11943,MBR_119,ACCT_5851,20240327,169.84,D,5812,Chevron,Purchase at Chevron,SEQ_001943,20240327,BATCH_39
1944,846f41bc-bad9-4d0c-8a37-589ced7abbd6,TXN_11944,MBR_120,ACCT_9490,20230701,727.05,D,5200,Costco,Purchase at Costco,SEQ_001944,20230701,BATCH_52
1945,846f41bc-bad9-4d0c-8a37-589ced7abbd6,TXN_11945,MBR_125,ACCT_3149,20260423,385.31,D,5812,Walmart,Purchase at Walmart,SEQ_001945,20260423,BATCH_46
1946,846f41bc-bad9-4d0c-8a37-589ced7abbd6,TXN_11946,MBR_136,ACCT_2901,20250205,246.32,D,5300,Costco,Purchase at Costco,SEQ_001946,20250205,BATCH_48
1947,846f41bc-bad9-4d0c-8a37-589ced7abbd6,TXN_11947,MBR_185,ACCT_2762,20260307,63.83,C,5300,Starbucks,Purchase at Starbucks,SEQ_001947,20260307,BATCH_64
1948,846f41bc-bad9-4d0c-8a37-589ced7abbd6,TXN_11948,MBR_172,ACCT_2979,20210204,553.29,C,5200,Target,Purchase at Target,SEQ_001948,20210204,BATCH_61
1949,846f41bc-bad9-4d0c-8a37-589ced7abbd6,TXN_11949,MBR_128,ACCT_4524,20251216,210.42,D,5400,Amazon,Purchase at Amazon,SEQ_001949,20251216,BATCH_20
1950,846f41bc-bad9-4d0c-8a37-589ced7abbd6,TXN_11950,MBR_116,ACCT_4561,20220722,122.96,D,5812,Costco,Purchase at Costco,SEQ_001950,20220722,BATCH_29
1951,846f41bc-bad9-4d0c-8a37-589ced7abbd6,TXN_11951,MBR_182,ACCT_3532,20260612,391.56,C,5912,Costco,Purchase at Costco,SEQ_001951,20260612,BATCH_33
1952,846f41bc-bad9-4d0c-8a37-589ced7abbd6,TXN_11952,MBR_133,ACCT_6406,20210430,328.36,D,5912,Amazon,Purchase at Amazon,SEQ_001952,20210430,BATCH_52
1953,846f41bc-bad9-4d0c-8a37-589ced7abbd6,TXN_11953,MBR_150,ACCT_7764,20230806,410.49,D,5812,Walmart,Purchase at Walmart,SEQ_001953,20230806,BATCH_20
1954,846f41bc-bad9-4d0c-8a37-589ced7abbd6,TXN_11954,MBR_163,ACCT_6242,20211012,482.73,D,5912,Starbucks,Purchase at Starbucks,SEQ_001954,20211012,BATCH_62
1955,846f41bc-bad9-4d0c-8a37-589ced7abbd6,TXN_11955,MBR_169,ACCT_4250,20200827,318.93,C,5912,Starbucks,Purchase at Starbucks,SEQ_001955,20200827,BATCH_89
1956,846f41bc-bad9-4d0c-8a37-589ced7abbd6,TXN_11956,MBR_160,ACCT_1679,20200702,634.24,C,5400,Walmart,Purchase at Walmart,SEQ_001956,20200702,BATCH_59
1957,846f41bc-bad9-4d0c-8a37-589ced7abbd6,TXN_11957,MBR_110,ACCT_4883,20210408,461.7,D,5200,Amazon,Purchase at Amazon,SEQ_001957,20210408,BATCH_92
1958,846f41bc-bad9-4d0c-8a37-589ced7abbd6,TXN_11958,MBR_191,ACCT_9524,20260908,324.88,C,5200,Chevron,Purchase at Chevron,SEQ_001958,20260908,BATCH_42
1959,846f41bc-bad9-4d0c-8a37-589ced7abbd6,TXN_11959,MBR_143,ACCT_7309,20200901,127.71,D,5100,Starbucks,Purchase at Starbucks,SEQ_001959,20200901,BATCH_78
1960,846f41bc-bad9-4d0c-8a37-589ced7abbd6,TXN_11960,MBR_153,ACCT_7191,20251120,99.3,D,5100,Costco,Purchase at Costco,SEQ_001960,20251120,BATCH_67
1961,846f41bc-bad9-4d0c-8a37-589ced7abbd6,TXN_11961,MBR_120,ACCT_9052,20250708,71.2,D,5812,Amazon,Purchase at Amazon,SEQ_001961,20250708,BATCH_28
1962,846f41bc-bad9-4d0c-8a37-589ced7abbd6,TXN_11962,MBR_180,ACCT_6303,20200131,379.81,C,5912,Amazon,Purchase at Amazon,SEQ_001962,20200131,BATCH_14
1963,846f41bc-bad9-4d0c-8a37-589ced7abbd6,TXN_11963,MBR_112,ACCT_7466,20251121,564.79,C,5100,Walmart,Purchase at Walmart,SEQ_001963,20251121,BATCH_93
1964,846f41bc-bad9-4d0c-8a37-589ced7abbd6,TXN_11964,MBR_199,ACCT_8241,20240807,724.69,D,5300,Amazon,Purchase at Amazon,SEQ_001964,20240807,BATCH_27
1965,846f41bc-bad9-4d0c-8a37-589ced7abbd6,TXN_11965,MBR_196,ACCT_7257,20220311,368.79,D,5100,Target,Purchase at Target,SEQ_001965,20220311,BATCH_23
1966,846f41bc-bad9-4d0c-8a37-589ced7abbd6,TXN_11966,MBR_194,ACCT_2718,20230819,211.49,D,5912,Amazon,Purchase at Amazon,SEQ_001966,20230819,BATCH_59
1967,846f41bc-bad9-4d0c-8a37-589ced7abbd6,TXN_11967,MBR_107,ACCT_6265,20240910,566.9,C,5912,Amazon,Purchase at Amazon,SEQ_001967,20240910,BATCH_89
1968,846f41bc-bad9-4d0c-8a37-589ced7abbd6,TXN_11968,MBR_186,ACCT_3121,20210507,262.55,C,5300,Amazon,Purchase at Amazon,SEQ_001968,20210507,BATCH_71
1969,846f41bc-bad9-4d0c-8a37-589ced7abbd6,TXN_11969,MBR_107,ACCT_3710,20200717,370.42,D,5812,Walmart,Purchase at Walmart,SEQ_001969,20200717,BATCH_96
1970,846f41bc-bad9-4d0c-8a37-589ced7abbd6,TXN_11970,MBR_181,ACCT_2453,20200601,474.78,C,5812,Costco,Purchase at Costco,SEQ_001970,20200601,BATCH_84
1971,846f41bc-bad9-4d0c-8a37-589ced7abbd6,TXN_11971,MBR_155,ACCT_4598,20230220,655.03,D,5812,Walmart,Purchase at Walmart,SEQ_001971,20230220,BATCH_49
1972,846f41bc-bad9-4d0c-8a37-589ced7abbd6,TXN_11972,MBR_100,ACCT_6126,20210428,243.89,C,5300,Walmart,Purchase at Walmart,SEQ_001972,20210428,BATCH_43
1973,846f41bc-bad9-4d0c-8a37-589ced7abbd6,TXN_11973,MBR_120,ACCT_7183,20231128,498.14,D,5812,Walmart,Purchase at Walmart,SEQ_001973,20231128,BATCH_14
1974,846f41bc-bad9-4d0c-8a37-589ced7abbd6,TXN_11974,MBR_137,ACCT_9139,20200414,259.15,C,5200,Costco,Purchase at Costco,SEQ_001974,20200414,BATCH_21
1975,846f41bc-bad9-4d0c-8a37-589ced7abbd6,TXN_11975,MBR_185,ACCT_2762,20221027,706.59,D,5400,Walmart,Purchase at Walmart,SEQ_001975,20221027,BATCH_39
1976,846f41bc-bad9-4d0c-8a37-589ced7abbd6,TXN_11976,MBR_130,ACCT_1451,20220411,485.04,C,5812,Starbucks,Purchase at Starbucks,SEQ_001976,20220411,BATCH_49
1977,846f41bc-bad9-4d0c-8a37-589ced7abbd6,TXN_11977,MBR_182,ACCT_7505,20250308,483.89,C,5200,Starbucks,Purchase at Starbucks,SEQ_001977,20250308,BATCH_16
1978,846f41bc-bad9-4d0c-8a37-589ced7abbd6,TXN_11978,MBR_182,ACCT_9231,20230319,24.57,C,5400,Starbucks,Purchase at Starbucks,SEQ_001978,20230319,BATCH_18
1979,846f41bc-bad9-4d0c-8a37-589ced7abbd6,TXN_11979,MBR_120,ACCT_9442,20251122,586.96,C,5300,Starbucks,Purchase at Starbucks,SEQ_001979,20251122,BATCH_75
1980,846f41bc-bad9-4d0c-8a37-589ced7abbd6,TXN_11980,MBR_197,ACCT_9513,20220728,369.18,C,5100,Target,Purchase at Target,SEQ_001980,20220728,BATCH_18
1981,846f41bc-bad9-4d0c-8a37-589ced7abbd6,TXN_11981,MBR_122,ACCT_1269,20220921,660.35,D,5400,Chevron,Purchase at Chevron,SEQ_001981,20220921,BATCH_35
1982,846f41bc-bad9-4d0c-8a37-589ced7abbd6,TXN_11982,MBR_192,ACCT_6361,20210607,65.75,C,5400,Chevron,Purchase at Chevron,SEQ_001982,20210607,BATCH_99
1983,846f41bc-bad9-4d0c-8a37-589ced7abbd6,TXN_11983,MBR_159,ACCT_8456,20230524,525.92,C,5300,Costco,Purchase at Costco,SEQ_001983,20230524,BATCH_66
1984,846f41bc-bad9-4d0c-8a37-589ced7abbd6,TXN_11984,MBR_135,ACCT_9541,20240123,165.74,C,5912,Chevron,Purchase at Chevron,SEQ_001984,20240123,BATCH_44
1985,846f41bc-bad9-4d0c-8a37-589ced7abbd6,TXN_11985,MBR_128,ACCT_2949,20250915,21.62,C,5100,Chevron,Purchase at Chevron,SEQ_001985,20250915,BATCH_43
1986,846f41bc-bad9-4d0c-8a37-589ced7abbd6,TXN_11986,MBR_146,ACCT_9939,20220617,76.94,D,5100,Chevron,Purchase at Chevron,SEQ_001986,20220617,BATCH_50
1987,846f41bc-bad9-4d0c-8a37-589ced7abbd6,TXN_11987,MBR_100,ACCT_6841,20240201,23.07,C,5912,Starbucks,Purchase at Starbucks,SEQ_001987,20240201,BATCH_64
1988,846f41bc-bad9-4d0c-8a37-589ced7abbd6,TXN_11988,MBR_195,ACCT_2229,20250322,497.36,D,5812,Costco,Purchase at Costco,SEQ_001988,20250322,BATCH_95
1989,846f41bc-bad9-4d0c-8a37-589ced7abbd6,TXN_11989,MBR_135,ACCT_3725,20260203,194.6,C,5200,Starbucks,Purchase at Starbucks,SEQ_001989,20260203,BATCH_72
1990,846f41bc-bad9-4d0c-8a37-589ced7abbd6,TXN_11990,MBR_173,ACCT_1014,20210913,353.66,D,5400,Starbucks,Purchase at Starbucks,SEQ_001990,20210913,BATCH_74
1991,846f41bc-bad9-4d0c-8a37-589ced7abbd6,TXN_11991,MBR_154,ACCT_7236,20251224,518.17,C,5400,Walmart,Purchase at Walmart,SEQ_001991,20251224,BATCH_70
1992,846f41bc-bad9-4d0c-8a37-589ced7abbd6,TXN_11992,MBR_129,ACCT_8619,20260820,567.04,C,5400,Amazon,Purchase at Amazon,SEQ_001992,20260820,BATCH_16
1993,846f41bc-bad9-4d0c-8a37-589ced7abbd6,TXN_11993,MBR_145,ACCT_6744,20230917,122.51,C,5100,Target,Purchase at Target,SEQ_001993,20230917,BATCH_12
1994,846f41bc-bad9-4d0c-8a37-589ced7abbd6,TXN_11994,MBR_186,ACCT_2886,20260509,194.32,D,5812,Chevron,Purchase at Chevron,SEQ_001994,20260509,BATCH_21
1995,846f41bc-bad9-4d0c-8a37-589ced7abbd6,TXN_11995,MBR_129,ACCT_9062,20210718,425.9,C,5100,Target,Purchase at Target,SEQ_001995,20210718,BATCH_73
1996,846f41bc-bad9-4d0c-8a37-589ced7abbd6,TXN_11996,MBR_102,ACCT_4871,20240416,97.15,C,5100,Costco,Purchase at Costco,SEQ_001996,20240416,BATCH_68
1997,846f41bc-bad9-4d0c-8a37-589ced7abbd6,TXN_11997,MBR_129,ACCT_2035,20230803,342.84,C,5400,Walmart,Purchase at Walmart,SEQ_001997,20230803,BATCH_97
1998,846f41bc-bad9-4d0c-8a37-589ced7abbd6,TXN_11998,MBR_111,ACCT_9315,20240307,211.15,D,5300,Costco,Purchase at Costco,SEQ_001998,20240307,BATCH_85
1999,846f41bc-bad9-4d0c-8a37-589ced7abbd6,TXN_11999,MBR_139,ACCT_5134,20200627,209.31,C,5400,Target,Purchase at Target,SEQ_001999,20200627,BATCH_74
2000,846f41bc-bad9-4d0c-8a37-589ced7abbd6,TXN_12000,MBR_120,ACCT_7808,20220102,339.77,D,5400,Walmart,Purchase at Walmart,SEQ_002000,20220102,BATCH_20
